date,series,level,monthly_return,index_name,provider,source_series,segment,origin,repaired
1969-12-31,BOND,62.994000,,"40% Ibbotson Intermediate Treasuries + 60% Ibbotson Intermediate Corporates, rebalanced monthly",Morningstar / Ibbotson SBBI,"Mid-Treasuries + Mid-Corporate (col. J, K)",BOND-1,socle historique (CSV redistribué),0
1969-12-31,EXUS,7.214000,,"MSCI World ex USA, gross total return, USD",MSCI,WORLD ex USA (col. C),EXUS-1,socle historique (CSV redistribué),0
1969-12-31,TBILL,2.239000,,US 1-month Treasury bill,Kenneth French Data Library,"F-F_Research_Data_Factors, colonne RF",TBILL-1,source unique continue (aucun raccord),0
1969-12-31,US,42.579000,,Ibbotson US Large Cap total return,Morningstar / Ibbotson SBBI,Large Caps (col. H),US-1,socle historique (CSV redistribué),0
1970-01-31,BOND,63.632000,0.010128,"40% Ibbotson Intermediate Treasuries + 60% Ibbotson Intermediate Corporates, rebalanced monthly",Morningstar / Ibbotson SBBI,"Mid-Treasuries + Mid-Corporate (col. J, K)",BOND-1,socle historique (CSV redistribué),0
1970-01-31,EXUS,7.063000,-0.020932,"MSCI World ex USA, gross total return, USD",MSCI,WORLD ex USA (col. C),EXUS-1,socle historique (CSV redistribué),0
1970-01-31,TBILL,2.252434,0.006000,US 1-month Treasury bill,Kenneth French Data Library,"F-F_Research_Data_Factors, colonne RF",TBILL-1,source unique continue (aucun raccord),0
1970-01-31,US,39.414000,-0.074332,Ibbotson US Large Cap total return,Morningstar / Ibbotson SBBI,Large Caps (col. H),US-1,socle historique (CSV redistribué),0
1970-02-28,BOND,66.266000,0.041394,"40% Ibbotson Intermediate Treasuries + 60% Ibbotson Intermediate Corporates, rebalanced monthly",Morningstar / Ibbotson SBBI,"Mid-Treasuries + Mid-Corporate (col. J, K)",BOND-1,socle historique (CSV redistribué),0
1970-02-28,EXUS,6.975000,-0.012459,"MSCI World ex USA, gross total return, USD",MSCI,WORLD ex USA (col. C),EXUS-1,socle historique (CSV redistribué),0
1970-02-28,TBILL,2.266399,0.006200,US 1-month Treasury bill,Kenneth French Data Library,"F-F_Research_Data_Factors, colonne RF",TBILL-1,source unique continue (aucun raccord),0
1970-02-28,US,41.611000,0.055742,Ibbotson US Large Cap total return,Morningstar / Ibbotson SBBI,Large Caps (col. H),US-1,socle historique (CSV redistribué),0
1970-03-31,BOND,66.295000,0.000438,"40% Ibbotson Intermediate Treasuries + 60% Ibbotson Intermediate Corporates, rebalanced monthly",Morningstar / Ibbotson SBBI,"Mid-Treasuries + Mid-Corporate (col. J, K)",BOND-1,socle historique (CSV redistribué),0
1970-03-31,EXUS,6.974000,-0.000143,"MSCI World ex USA, gross total return, USD",MSCI,WORLD ex USA (col. C),EXUS-1,socle historique (CSV redistribué),0
1970-03-31,TBILL,2.279318,0.005700,US 1-month Treasury bill,Kenneth French Data Library,"F-F_Research_Data_Factors, colonne RF",TBILL-1,source unique continue (aucun raccord),0
1970-03-31,US,41.793000,0.004374,Ibbotson US Large Cap total return,Morningstar / Ibbotson SBBI,Large Caps (col. H),US-1,socle historique (CSV redistribué),0
1970-04-30,BOND,64.744000,-0.023395,"40% Ibbotson Intermediate Treasuries + 60% Ibbotson Intermediate Corporates, rebalanced monthly",Morningstar / Ibbotson SBBI,"Mid-Treasuries + Mid-Corporate (col. J, K)",BOND-1,socle historique (CSV redistribué),0
1970-04-30,EXUS,6.246000,-0.104388,"MSCI World ex USA, gross total return, USD",MSCI,WORLD ex USA (col. C),EXUS-1,socle historique (CSV redistribué),0
1970-04-30,TBILL,2.290714,0.005000,US 1-month Treasury bill,Kenneth French Data Library,"F-F_Research_Data_Factors, colonne RF",TBILL-1,source unique continue (aucun raccord),0
1970-04-30,US,38.137000,-0.087479,Ibbotson US Large Cap total return,Morningstar / Ibbotson SBBI,Large Caps (col. H),US-1,socle historique (CSV redistribué),0
1970-05-31,BOND,64.337000,-0.006286,"40% Ibbotson Intermediate Treasuries + 60% Ibbotson Intermediate Corporates, rebalanced monthly",Morningstar / Ibbotson SBBI,"Mid-Treasuries + Mid-Corporate (col. J, K)",BOND-1,socle historique (CSV redistribué),0
1970-05-31,EXUS,5.788000,-0.073327,"MSCI World ex USA, gross total return, USD",MSCI,WORLD ex USA (col. C),EXUS-1,socle historique (CSV redistribué),0
1970-05-31,TBILL,2.302855,0.005300,US 1-month Treasury bill,Kenneth French Data Library,"F-F_Research_Data_Factors, colonne RF",TBILL-1,source unique continue (aucun raccord),0
1970-05-31,US,35.934000,-0.057765,Ibbotson US Large Cap total return,Morningstar / Ibbotson SBBI,Large Caps (col. H),US-1,socle historique (CSV redistribué),0
1970-06-30,BOND,64.490000,0.002378,"40% Ibbotson Intermediate Treasuries + 60% Ibbotson Intermediate Corporates, rebalanced monthly",Morningstar / Ibbotson SBBI,"Mid-Treasuries + Mid-Corporate (col. J, K)",BOND-1,socle historique (CSV redistribué),0
1970-06-30,EXUS,5.854000,0.011403,"MSCI World ex USA, gross total return, USD",MSCI,WORLD ex USA (col. C),EXUS-1,socle historique (CSV redistribué),0
1970-06-30,TBILL,2.316211,0.005800,US 1-month Treasury bill,Kenneth French Data Library,"F-F_Research_Data_Factors, colonne RF",TBILL-1,source unique continue (aucun raccord),0
1970-06-30,US,34.258000,-0.046641,Ibbotson US Large Cap total return,Morningstar / Ibbotson SBBI,Large Caps (col. H),US-1,socle historique (CSV redistribué),0
1970-07-31,BOND,67.095000,0.040394,"40% Ibbotson Intermediate Treasuries + 60% Ibbotson Intermediate Corporates, rebalanced monthly",Morningstar / Ibbotson SBBI,"Mid-Treasuries + Mid-Corporate (col. J, K)",BOND-1,socle historique (CSV redistribué),0
1970-07-31,EXUS,6.088000,0.039973,"MSCI World ex USA, gross total return, USD",MSCI,WORLD ex USA (col. C),EXUS-1,socle historique (CSV redistribué),0
1970-07-31,TBILL,2.328256,0.005200,US 1-month Treasury bill,Kenneth French Data Library,"F-F_Research_Data_Factors, colonne RF",TBILL-1,source unique continue (aucun raccord),0
1970-07-31,US,36.891000,0.076858,Ibbotson US Large Cap total return,Morningstar / Ibbotson SBBI,Large Caps (col. H),US-1,socle historique (CSV redistribué),0
1970-08-31,BOND,67.800000,0.010507,"40% Ibbotson Intermediate Treasuries + 60% Ibbotson Intermediate Corporates, rebalanced monthly",Morningstar / Ibbotson SBBI,"Mid-Treasuries + Mid-Corporate (col. J, K)",BOND-1,socle historique (CSV redistribué),0
1970-08-31,EXUS,6.210000,0.020039,"MSCI World ex USA, gross total return, USD",MSCI,WORLD ex USA (col. C),EXUS-1,socle historique (CSV redistribué),0
1970-08-31,TBILL,2.340596,0.005300,US 1-month Treasury bill,Kenneth French Data Library,"F-F_Research_Data_Factors, colonne RF",TBILL-1,source unique continue (aucun raccord),0
1970-08-31,US,38.654000,0.047789,Ibbotson US Large Cap total return,Morningstar / Ibbotson SBBI,Large Caps (col. H),US-1,socle historique (CSV redistribué),0
1970-09-30,BOND,68.890000,0.016077,"40% Ibbotson Intermediate Treasuries + 60% Ibbotson Intermediate Corporates, rebalanced monthly",Morningstar / Ibbotson SBBI,"Mid-Treasuries + Mid-Corporate (col. J, K)",BOND-1,socle historique (CSV redistribué),0
1970-09-30,EXUS,6.404000,0.031240,"MSCI World ex USA, gross total return, USD",MSCI,WORLD ex USA (col. C),EXUS-1,socle historique (CSV redistribué),0
1970-09-30,TBILL,2.353235,0.005400,US 1-month Treasury bill,Kenneth French Data Library,"F-F_Research_Data_Factors, colonne RF",TBILL-1,source unique continue (aucun raccord),0
1970-09-30,US,40.053000,0.036193,Ibbotson US Large Cap total return,Morningstar / Ibbotson SBBI,Large Caps (col. H),US-1,socle historique (CSV redistribué),0
1970-10-31,BOND,68.711000,-0.002598,"40% Ibbotson Intermediate Treasuries + 60% Ibbotson Intermediate Corporates, rebalanced monthly",Morningstar / Ibbotson SBBI,"Mid-Treasuries + Mid-Corporate (col. J, K)",BOND-1,socle historique (CSV redistribué),0
1970-10-31,EXUS,6.234000,-0.026546,"MSCI World ex USA, gross total return, USD",MSCI,WORLD ex USA (col. C),EXUS-1,socle historique (CSV redistribué),0
1970-10-31,TBILL,2.364060,0.004600,US 1-month Treasury bill,Kenneth French Data Library,"F-F_Research_Data_Factors, colonne RF",TBILL-1,source unique continue (aucun raccord),0
1970-10-31,US,39.720000,-0.008314,Ibbotson US Large Cap total return,Morningstar / Ibbotson SBBI,Large Caps (col. H),US-1,socle historique (CSV redistribué),0
1970-11-30,BOND,72.386000,0.053485,"40% Ibbotson Intermediate Treasuries + 60% Ibbotson Intermediate Corporates, rebalanced monthly",Morningstar / Ibbotson SBBI,"Mid-Treasuries + Mid-Corporate (col. J, K)",BOND-1,socle historique (CSV redistribué),0
1970-11-30,EXUS,6.027000,-0.033205,"MSCI World ex USA, gross total return, USD",MSCI,WORLD ex USA (col. C),EXUS-1,socle historique (CSV redistribué),0
1970-11-30,TBILL,2.374934,0.004600,US 1-month Treasury bill,Kenneth French Data Library,"F-F_Research_Data_Factors, colonne RF",TBILL-1,source unique continue (aucun raccord),0
1970-11-30,US,41.728000,0.050554,Ibbotson US Large Cap total return,Morningstar / Ibbotson SBBI,Large Caps (col. H),US-1,socle historique (CSV redistribué),0
1970-12-31,BOND,74.216000,0.025281,"40% Ibbotson Intermediate Treasuries + 60% Ibbotson Intermediate Corporates, rebalanced monthly",Morningstar / Ibbotson SBBI,"Mid-Treasuries + Mid-Corporate (col. J, K)",BOND-1,socle historique (CSV redistribué),0
1970-12-31,EXUS,6.247000,0.036502,"MSCI World ex USA, gross total return, USD",MSCI,WORLD ex USA (col. C),EXUS-1,socle historique (CSV redistribué),0
1970-12-31,TBILL,2.384909,0.004200,US 1-month Treasury bill,Kenneth French Data Library,"F-F_Research_Data_Factors, colonne RF",TBILL-1,source unique continue (aucun raccord),0
1970-12-31,US,44.221000,0.059744,Ibbotson US Large Cap total return,Morningstar / Ibbotson SBBI,Large Caps (col. H),US-1,socle historique (CSV redistribué),0
1971-01-31,BOND,77.188000,0.040045,"40% Ibbotson Intermediate Treasuries + 60% Ibbotson Intermediate Corporates, rebalanced monthly",Morningstar / Ibbotson SBBI,"Mid-Treasuries + Mid-Corporate (col. J, K)",BOND-1,socle historique (CSV redistribué),0
1971-01-31,EXUS,6.544000,0.047543,"MSCI World ex USA, gross total return, USD",MSCI,WORLD ex USA (col. C),EXUS-1,socle historique (CSV redistribué),0
1971-01-31,TBILL,2.393972,0.003800,US 1-month Treasury bill,Kenneth French Data Library,"F-F_Research_Data_Factors, colonne RF",TBILL-1,source unique continue (aucun raccord),0
1971-01-31,US,46.132000,0.043215,Ibbotson US Large Cap total return,Morningstar / Ibbotson SBBI,Large Caps (col. H),US-1,socle historique (CSV redistribué),0
1971-02-28,BOND,75.982000,-0.015624,"40% Ibbotson Intermediate Treasuries + 60% Ibbotson Intermediate Corporates, rebalanced monthly",Morningstar / Ibbotson SBBI,"Mid-Treasuries + Mid-Corporate (col. J, K)",BOND-1,socle historique (CSV redistribué),0
1971-02-28,EXUS,6.628000,0.012836,"MSCI World ex USA, gross total return, USD",MSCI,WORLD ex USA (col. C),EXUS-1,socle historique (CSV redistribué),0
1971-02-28,TBILL,2.401872,0.003300,US 1-month Treasury bill,Kenneth French Data Library,"F-F_Research_Data_Factors, colonne RF",TBILL-1,source unique continue (aucun raccord),0
1971-02-28,US,46.671000,0.011684,Ibbotson US Large Cap total return,Morningstar / Ibbotson SBBI,Large Caps (col. H),US-1,socle historique (CSV redistribué),0
1971-03-31,BOND,77.741000,0.023150,"40% Ibbotson Intermediate Treasuries + 60% Ibbotson Intermediate Corporates, rebalanced monthly",Morningstar / Ibbotson SBBI,"Mid-Treasuries + Mid-Corporate (col. J, K)",BOND-1,socle historique (CSV redistribué),0
1971-03-31,EXUS,6.972000,0.051901,"MSCI World ex USA, gross total return, USD",MSCI,WORLD ex USA (col. C),EXUS-1,socle historique (CSV redistribué),0
1971-03-31,TBILL,2.409077,0.003000,US 1-month Treasury bill,Kenneth French Data Library,"F-F_Research_Data_Factors, colonne RF",TBILL-1,source unique continue (aucun raccord),0
1971-03-31,US,48.508000,0.039361,Ibbotson US Large Cap total return,Morningstar / Ibbotson SBBI,Large Caps (col. H),US-1,socle historique (CSV redistribué),0
1971-04-30,BOND,75.644000,-0.026974,"40% Ibbotson Intermediate Treasuries + 60% Ibbotson Intermediate Corporates, rebalanced monthly",Morningstar / Ibbotson SBBI,"Mid-Treasuries + Mid-Corporate (col. J, K)",BOND-1,socle historique (CSV redistribué),0
1971-04-30,EXUS,7.128000,0.022375,"MSCI World ex USA, gross total return, USD",MSCI,WORLD ex USA (col. C),EXUS-1,socle historique (CSV redistribué),0
1971-04-30,TBILL,2.415823,0.002800,US 1-month Treasury bill,Kenneth French Data Library,"F-F_Research_Data_Factors, colonne RF",TBILL-1,source unique continue (aucun raccord),0
1971-04-30,US,50.394000,0.038880,Ibbotson US Large Cap total return,Morningstar / Ibbotson SBBI,Large Caps (col. H),US-1,socle historique (CSV redistribué),0
1971-05-31,BOND,74.906000,-0.009756,"40% Ibbotson Intermediate Treasuries + 60% Ibbotson Intermediate Corporates, rebalanced monthly",Morningstar / Ibbotson SBBI,"Mid-Treasuries + Mid-Corporate (col. J, K)",BOND-1,socle historique (CSV redistribué),0
1971-05-31,EXUS,7.190000,0.008698,"MSCI World ex USA, gross total return, USD",MSCI,WORLD ex USA (col. C),EXUS-1,socle historique (CSV redistribué),0
1971-05-31,TBILL,2.422829,0.002900,US 1-month Treasury bill,Kenneth French Data Library,"F-F_Research_Data_Factors, colonne RF",TBILL-1,source unique continue (aucun raccord),0
1971-05-31,US,48.426000,-0.039052,Ibbotson US Large Cap total return,Morningstar / Ibbotson SBBI,Large Caps (col. H),US-1,socle historique (CSV redistribué),0
1971-06-30,BOND,74.893000,-0.000174,"40% Ibbotson Intermediate Treasuries + 60% Ibbotson Intermediate Corporates, rebalanced monthly",Morningstar / Ibbotson SBBI,"Mid-Treasuries + Mid-Corporate (col. J, K)",BOND-1,socle historique (CSV redistribué),0
1971-06-30,EXUS,7.320000,0.018081,"MSCI World ex USA, gross total return, USD",MSCI,WORLD ex USA (col. C),EXUS-1,socle historique (CSV redistribué),0
1971-06-30,TBILL,2.431793,0.003700,US 1-month Treasury bill,Kenneth French Data Library,"F-F_Research_Data_Factors, colonne RF",TBILL-1,source unique continue (aucun raccord),0
1971-06-30,US,48.586000,0.003304,Ibbotson US Large Cap total return,Morningstar / Ibbotson SBBI,Large Caps (col. H),US-1,socle historique (CSV redistribué),0
1971-07-31,BOND,74.837000,-0.000748,"40% Ibbotson Intermediate Treasuries + 60% Ibbotson Intermediate Corporates, rebalanced monthly",Morningstar / Ibbotson SBBI,"Mid-Treasuries + Mid-Corporate (col. J, K)",BOND-1,socle historique (CSV redistribué),0
1971-07-31,EXUS,7.511000,0.026093,"MSCI World ex USA, gross total return, USD",MSCI,WORLD ex USA (col. C),EXUS-1,socle historique (CSV redistribué),0
1971-07-31,TBILL,2.441520,0.004000,US 1-month Treasury bill,Kenneth French Data Library,"F-F_Research_Data_Factors, colonne RF",TBILL-1,source unique continue (aucun raccord),0
1971-07-31,US,46.706000,-0.038694,Ibbotson US Large Cap total return,Morningstar / Ibbotson SBBI,Large Caps (col. H),US-1,socle historique (CSV redistribué),0
1971-08-31,BOND,78.427000,0.047971,"40% Ibbotson Intermediate Treasuries + 60% Ibbotson Intermediate Corporates, rebalanced monthly",Morningstar / Ibbotson SBBI,"Mid-Treasuries + Mid-Corporate (col. J, K)",BOND-1,socle historique (CSV redistribué),0
1971-08-31,EXUS,7.399000,-0.014911,"MSCI World ex USA, gross total return, USD",MSCI,WORLD ex USA (col. C),EXUS-1,socle historique (CSV redistribué),0
1971-08-31,TBILL,2.452996,0.004700,US 1-month Treasury bill,Kenneth French Data Library,"F-F_Research_Data_Factors, colonne RF",TBILL-1,source unique continue (aucun raccord),0
1971-08-31,US,48.518000,0.038796,Ibbotson US Large Cap total return,Morningstar / Ibbotson SBBI,Large Caps (col. H),US-1,socle historique (CSV redistribué),0
1971-09-30,BOND,77.992000,-0.005547,"40% Ibbotson Intermediate Treasuries + 60% Ibbotson Intermediate Corporates, rebalanced monthly",Morningstar / Ibbotson SBBI,"Mid-Treasuries + Mid-Corporate (col. J, K)",BOND-1,socle historique (CSV redistribué),0
1971-09-30,EXUS,7.384000,-0.002027,"MSCI World ex USA, gross total return, USD",MSCI,WORLD ex USA (col. C),EXUS-1,socle historique (CSV redistribué),0
1971-09-30,TBILL,2.462072,0.003700,US 1-month Treasury bill,Kenneth French Data Library,"F-F_Research_Data_Factors, colonne RF",TBILL-1,source unique continue (aucun raccord),0
1971-09-30,US,48.303000,-0.004431,Ibbotson US Large Cap total return,Morningstar / Ibbotson SBBI,Large Caps (col. H),US-1,socle historique (CSV redistribué),0
1971-10-31,BOND,80.021000,0.026015,"40% Ibbotson Intermediate Treasuries + 60% Ibbotson Intermediate Corporates, rebalanced monthly",Morningstar / Ibbotson SBBI,"Mid-Treasuries + Mid-Corporate (col. J, K)",BOND-1,socle historique (CSV redistribué),0
1971-10-31,EXUS,7.085000,-0.040493,"MSCI World ex USA, gross total return, USD",MSCI,WORLD ex USA (col. C),EXUS-1,socle historique (CSV redistribué),0
1971-10-31,TBILL,2.471181,0.003700,US 1-month Treasury bill,Kenneth French Data Library,"F-F_Research_Data_Factors, colonne RF",TBILL-1,source unique continue (aucun raccord),0
1971-10-31,US,46.412000,-0.039149,Ibbotson US Large Cap total return,Morningstar / Ibbotson SBBI,Large Caps (col. H),US-1,socle historique (CSV redistribué),0
1971-11-30,BOND,80.317000,0.003699,"40% Ibbotson Intermediate Treasuries + 60% Ibbotson Intermediate Corporates, rebalanced monthly",Morningstar / Ibbotson SBBI,"Mid-Treasuries + Mid-Corporate (col. J, K)",BOND-1,socle historique (CSV redistribué),0
1971-11-30,EXUS,7.220000,0.019054,"MSCI World ex USA, gross total return, USD",MSCI,WORLD ex USA (col. C),EXUS-1,socle historique (CSV redistribué),0
1971-11-30,TBILL,2.480325,0.003700,US 1-month Treasury bill,Kenneth French Data Library,"F-F_Research_Data_Factors, colonne RF",TBILL-1,source unique continue (aucun raccord),0
1971-11-30,US,46.421000,0.000194,Ibbotson US Large Cap total return,Morningstar / Ibbotson SBBI,Large Caps (col. H),US-1,socle historique (CSV redistribué),0
1971-12-31,BOND,81.777000,0.018178,"40% Ibbotson Intermediate Treasuries + 60% Ibbotson Intermediate Corporates, rebalanced monthly",Morningstar / Ibbotson SBBI,"Mid-Treasuries + Mid-Corporate (col. J, K)",BOND-1,socle historique (CSV redistribué),0
1971-12-31,EXUS,8.327000,0.153324,"MSCI World ex USA, gross total return, USD",MSCI,WORLD ex USA (col. C),EXUS-1,socle historique (CSV redistribué),0
1971-12-31,TBILL,2.489502,0.003700,US 1-month Treasury bill,Kenneth French Data Library,"F-F_Research_Data_Factors, colonne RF",TBILL-1,source unique continue (aucun raccord),0
1971-12-31,US,50.545000,0.088839,Ibbotson US Large Cap total return,Morningstar / Ibbotson SBBI,Large Caps (col. H),US-1,socle historique (CSV redistribué),0
1972-01-31,BOND,81.913000,0.001663,"40% Ibbotson Intermediate Treasuries + 60% Ibbotson Intermediate Corporates, rebalanced monthly",Morningstar / Ibbotson SBBI,"Mid-Treasuries + Mid-Corporate (col. J, K)",BOND-1,socle historique (CSV redistribué),0
1972-01-31,EXUS,8.941000,0.073736,"MSCI World ex USA, gross total return, USD",MSCI,WORLD ex USA (col. C),EXUS-1,socle historique (CSV redistribué),0
1972-01-31,TBILL,2.496721,0.002900,US 1-month Treasury bill,Kenneth French Data Library,"F-F_Research_Data_Factors, colonne RF",TBILL-1,source unique continue (aucun raccord),0
1972-01-31,US,51.585000,0.020576,Ibbotson US Large Cap total return,Morningstar / Ibbotson SBBI,Large Caps (col. H),US-1,socle historique (CSV redistribué),0
1972-02-29,BOND,82.508000,0.007264,"40% Ibbotson Intermediate Treasuries + 60% Ibbotson Intermediate Corporates, rebalanced monthly",Morningstar / Ibbotson SBBI,"Mid-Treasuries + Mid-Corporate (col. J, K)",BOND-1,socle historique (CSV redistribué),0
1972-02-29,EXUS,9.493000,0.061738,"MSCI World ex USA, gross total return, USD",MSCI,WORLD ex USA (col. C),EXUS-1,socle historique (CSV redistribué),0
1972-02-29,TBILL,2.502963,0.002500,US 1-month Treasury bill,Kenneth French Data Library,"F-F_Research_Data_Factors, colonne RF",TBILL-1,source unique continue (aucun raccord),0
1972-02-29,US,53.015000,0.027721,Ibbotson US Large Cap total return,Morningstar / Ibbotson SBBI,Large Caps (col. H),US-1,socle historique (CSV redistribué),0
1972-03-31,BOND,82.681000,0.002097,"40% Ibbotson Intermediate Treasuries + 60% Ibbotson Intermediate Corporates, rebalanced monthly",Morningstar / Ibbotson SBBI,"Mid-Treasuries + Mid-Corporate (col. J, K)",BOND-1,socle historique (CSV redistribué),0
1972-03-31,EXUS,9.597000,0.010955,"MSCI World ex USA, gross total return, USD",MSCI,WORLD ex USA (col. C),EXUS-1,socle historique (CSV redistribué),0
1972-03-31,TBILL,2.509721,0.002700,US 1-month Treasury bill,Kenneth French Data Library,"F-F_Research_Data_Factors, colonne RF",TBILL-1,source unique continue (aucun raccord),0
1972-03-31,US,53.453000,0.008262,Ibbotson US Large Cap total return,Morningstar / Ibbotson SBBI,Large Caps (col. H),US-1,socle historique (CSV redistribué),0
1972-04-30,BOND,82.905000,0.002709,"40% Ibbotson Intermediate Treasuries + 60% Ibbotson Intermediate Corporates, rebalanced monthly",Morningstar / Ibbotson SBBI,"Mid-Treasuries + Mid-Corporate (col. J, K)",BOND-1,socle historique (CSV redistribué),0
1972-04-30,EXUS,9.972000,0.039075,"MSCI World ex USA, gross total return, USD",MSCI,WORLD ex USA (col. C),EXUS-1,socle historique (CSV redistribué),0
1972-04-30,TBILL,2.516999,0.002900,US 1-month Treasury bill,Kenneth French Data Library,"F-F_Research_Data_Factors, colonne RF",TBILL-1,source unique continue (aucun raccord),0
1972-04-30,US,53.816000,0.006791,Ibbotson US Large Cap total return,Morningstar / Ibbotson SBBI,Large Caps (col. H),US-1,socle historique (CSV redistribué),0
1972-05-31,BOND,83.825000,0.011097,"40% Ibbotson Intermediate Treasuries + 60% Ibbotson Intermediate Corporates, rebalanced monthly",Morningstar / Ibbotson SBBI,"Mid-Treasuries + Mid-Corporate (col. J, K)",BOND-1,socle historique (CSV redistribué),0
1972-05-31,EXUS,10.658000,0.068793,"MSCI World ex USA, gross total return, USD",MSCI,WORLD ex USA (col. C),EXUS-1,socle historique (CSV redistribué),0
1972-05-31,TBILL,2.524550,0.003000,US 1-month Treasury bill,Kenneth French Data Library,"F-F_Research_Data_Factors, colonne RF",TBILL-1,source unique continue (aucun raccord),0
1972-05-31,US,54.876000,0.019697,Ibbotson US Large Cap total return,Morningstar / Ibbotson SBBI,Large Caps (col. H),US-1,socle historique (CSV redistribué),0
1972-06-30,BOND,83.595000,-0.002744,"40% Ibbotson Intermediate Treasuries + 60% Ibbotson Intermediate Corporates, rebalanced monthly",Morningstar / Ibbotson SBBI,"Mid-Treasuries + Mid-Corporate (col. J, K)",BOND-1,socle historique (CSV redistribué),0
1972-06-30,EXUS,10.302000,-0.033402,"MSCI World ex USA, gross total return, USD",MSCI,WORLD ex USA (col. C),EXUS-1,socle historique (CSV redistribué),0
1972-06-30,TBILL,2.531872,0.002900,US 1-month Treasury bill,Kenneth French Data Library,"F-F_Research_Data_Factors, colonne RF",TBILL-1,source unique continue (aucun raccord),0
1972-06-30,US,53.809000,-0.019444,Ibbotson US Large Cap total return,Morningstar / Ibbotson SBBI,Large Caps (col. H),US-1,socle historique (CSV redistribué),0
1972-07-31,BOND,83.796000,0.002404,"40% Ibbotson Intermediate Treasuries + 60% Ibbotson Intermediate Corporates, rebalanced monthly",Morningstar / Ibbotson SBBI,"Mid-Treasuries + Mid-Corporate (col. J, K)",BOND-1,socle historique (CSV redistribué),0
1972-07-31,EXUS,10.952000,0.063095,"MSCI World ex USA, gross total return, USD",MSCI,WORLD ex USA (col. C),EXUS-1,socle historique (CSV redistribué),0
1972-07-31,TBILL,2.539720,0.003100,US 1-month Treasury bill,Kenneth French Data Library,"F-F_Research_Data_Factors, colonne RF",TBILL-1,source unique continue (aucun raccord),0
1972-07-31,US,54.065000,0.004758,Ibbotson US Large Cap total return,Morningstar / Ibbotson SBBI,Large Caps (col. H),US-1,socle historique (CSV redistribué),0
1972-08-31,BOND,84.232000,0.005203,"40% Ibbotson Intermediate Treasuries + 60% Ibbotson Intermediate Corporates, rebalanced monthly",Morningstar / Ibbotson SBBI,"Mid-Treasuries + Mid-Corporate (col. J, K)",BOND-1,socle historique (CSV redistribué),0
1972-08-31,EXUS,11.092000,0.012783,"MSCI World ex USA, gross total return, USD",MSCI,WORLD ex USA (col. C),EXUS-1,socle historique (CSV redistribué),0
1972-08-31,TBILL,2.547086,0.002900,US 1-month Treasury bill,Kenneth French Data Library,"F-F_Research_Data_Factors, colonne RF",TBILL-1,source unique continue (aucun raccord),0
1972-08-31,US,56.059000,0.036882,Ibbotson US Large Cap total return,Morningstar / Ibbotson SBBI,Large Caps (col. H),US-1,socle historique (CSV redistribué),0
1972-09-30,BOND,84.443000,0.002505,"40% Ibbotson Intermediate Treasuries + 60% Ibbotson Intermediate Corporates, rebalanced monthly",Morningstar / Ibbotson SBBI,"Mid-Treasuries + Mid-Corporate (col. J, K)",BOND-1,socle historique (CSV redistribué),0
1972-09-30,EXUS,10.564000,-0.047602,"MSCI World ex USA, gross total return, USD",MSCI,WORLD ex USA (col. C),EXUS-1,socle historique (CSV redistribué),0
1972-09-30,TBILL,2.555746,0.003400,US 1-month Treasury bill,Kenneth French Data Library,"F-F_Research_Data_Factors, colonne RF",TBILL-1,source unique continue (aucun raccord),0
1972-09-30,US,55.917000,-0.002533,Ibbotson US Large Cap total return,Morningstar / Ibbotson SBBI,Large Caps (col. H),US-1,socle historique (CSV redistribué),0
1972-10-31,BOND,85.035000,0.007011,"40% Ibbotson Intermediate Treasuries + 60% Ibbotson Intermediate Corporates, rebalanced monthly",Morningstar / Ibbotson SBBI,"Mid-Treasuries + Mid-Corporate (col. J, K)",BOND-1,socle historique (CSV redistribué),0
1972-10-31,EXUS,10.553000,-0.001041,"MSCI World ex USA, gross total return, USD",MSCI,WORLD ex USA (col. C),EXUS-1,socle historique (CSV redistribué),0
1972-10-31,TBILL,2.565969,0.004000,US 1-month Treasury bill,Kenneth French Data Library,"F-F_Research_Data_Factors, colonne RF",TBILL-1,source unique continue (aucun raccord),0
1972-10-31,US,56.580000,0.011857,Ibbotson US Large Cap total return,Morningstar / Ibbotson SBBI,Large Caps (col. H),US-1,socle historique (CSV redistribué),0
1972-11-30,BOND,86.531000,0.017593,"40% Ibbotson Intermediate Treasuries + 60% Ibbotson Intermediate Corporates, rebalanced monthly",Morningstar / Ibbotson SBBI,"Mid-Treasuries + Mid-Corporate (col. J, K)",BOND-1,socle historique (CSV redistribué),0
1972-11-30,EXUS,11.433000,0.083389,"MSCI World ex USA, gross total return, USD",MSCI,WORLD ex USA (col. C),EXUS-1,socle historique (CSV redistribué),0
1972-11-30,TBILL,2.575463,0.003700,US 1-month Treasury bill,Kenneth French Data Library,"F-F_Research_Data_Factors, colonne RF",TBILL-1,source unique continue (aucun raccord),0
1972-11-30,US,59.303000,0.048127,Ibbotson US Large Cap total return,Morningstar / Ibbotson SBBI,Large Caps (col. H),US-1,socle historique (CSV redistribué),0
1972-12-31,BOND,87.097000,0.006541,"40% Ibbotson Intermediate Treasuries + 60% Ibbotson Intermediate Corporates, rebalanced monthly",Morningstar / Ibbotson SBBI,"Mid-Treasuries + Mid-Corporate (col. J, K)",BOND-1,socle historique (CSV redistribué),0
1972-12-31,EXUS,11.687000,0.022216,"MSCI World ex USA, gross total return, USD",MSCI,WORLD ex USA (col. C),EXUS-1,socle historique (CSV redistribué),0
1972-12-31,TBILL,2.584992,0.003700,US 1-month Treasury bill,Kenneth French Data Library,"F-F_Research_Data_Factors, colonne RF",TBILL-1,source unique continue (aucun raccord),0
1972-12-31,US,60.147000,0.014232,Ibbotson US Large Cap total return,Morningstar / Ibbotson SBBI,Large Caps (col. H),US-1,socle historique (CSV redistribué),0
1973-01-31,BOND,86.775000,-0.003697,"40% Ibbotson Intermediate Treasuries + 60% Ibbotson Intermediate Corporates, rebalanced monthly",Morningstar / Ibbotson SBBI,"Mid-Treasuries + Mid-Corporate (col. J, K)",BOND-1,socle historique (CSV redistribué),0
1973-01-31,EXUS,12.225000,0.046034,"MSCI World ex USA, gross total return, USD",MSCI,WORLD ex USA (col. C),EXUS-1,socle historique (CSV redistribué),0
1973-01-31,TBILL,2.596366,0.004400,US 1-month Treasury bill,Kenneth French Data Library,"F-F_Research_Data_Factors, colonne RF",TBILL-1,source unique continue (aucun raccord),0
1973-01-31,US,59.250000,-0.014913,Ibbotson US Large Cap total return,Morningstar / Ibbotson SBBI,Large Caps (col. H),US-1,socle historique (CSV redistribué),0
1973-02-28,BOND,86.668000,-0.001233,"40% Ibbotson Intermediate Treasuries + 60% Ibbotson Intermediate Corporates, rebalanced monthly",Morningstar / Ibbotson SBBI,"Mid-Treasuries + Mid-Corporate (col. J, K)",BOND-1,socle historique (CSV redistribué),0
1973-02-28,EXUS,13.484000,0.102986,"MSCI World ex USA, gross total return, USD",MSCI,WORLD ex USA (col. C),EXUS-1,socle historique (CSV redistribué),0
1973-02-28,TBILL,2.607271,0.004200,US 1-month Treasury bill,Kenneth French Data Library,"F-F_Research_Data_Factors, colonne RF",TBILL-1,source unique continue (aucun raccord),0
1973-02-28,US,57.161000,-0.035257,Ibbotson US Large Cap total return,Morningstar / Ibbotson SBBI,Large Caps (col. H),US-1,socle historique (CSV redistribué),0
1973-03-31,BOND,87.064000,0.004569,"40% Ibbotson Intermediate Treasuries + 60% Ibbotson Intermediate Corporates, rebalanced monthly",Morningstar / Ibbotson SBBI,"Mid-Treasuries + Mid-Corporate (col. J, K)",BOND-1,socle historique (CSV redistribué),0
1973-03-31,EXUS,13.790000,0.022694,"MSCI World ex USA, gross total return, USD",MSCI,WORLD ex USA (col. C),EXUS-1,socle historique (CSV redistribué),0
1973-03-31,TBILL,2.619264,0.004600,US 1-month Treasury bill,Kenneth French Data Library,"F-F_Research_Data_Factors, colonne RF",TBILL-1,source unique continue (aucun raccord),0
1973-03-31,US,57.207000,0.000805,Ibbotson US Large Cap total return,Morningstar / Ibbotson SBBI,Large Caps (col. H),US-1,socle historique (CSV redistribué),0
1973-04-30,BOND,87.601000,0.006168,"40% Ibbotson Intermediate Treasuries + 60% Ibbotson Intermediate Corporates, rebalanced monthly",Morningstar / Ibbotson SBBI,"Mid-Treasuries + Mid-Corporate (col. J, K)",BOND-1,socle historique (CSV redistribué),0
1973-04-30,EXUS,12.854000,-0.067875,"MSCI World ex USA, gross total return, USD",MSCI,WORLD ex USA (col. C),EXUS-1,socle historique (CSV redistribué),0
1973-04-30,TBILL,2.632884,0.005200,US 1-month Treasury bill,Kenneth French Data Library,"F-F_Research_Data_Factors, colonne RF",TBILL-1,source unique continue (aucun raccord),0
1973-04-30,US,55.017000,-0.038282,Ibbotson US Large Cap total return,Morningstar / Ibbotson SBBI,Large Caps (col. H),US-1,socle historique (CSV redistribué),0
1973-05-31,BOND,87.552000,-0.000559,"40% Ibbotson Intermediate Treasuries + 60% Ibbotson Intermediate Corporates, rebalanced monthly",Morningstar / Ibbotson SBBI,"Mid-Treasuries + Mid-Corporate (col. J, K)",BOND-1,socle historique (CSV redistribué),0
1973-05-31,EXUS,13.085000,0.017971,"MSCI World ex USA, gross total return, USD",MSCI,WORLD ex USA (col. C),EXUS-1,socle historique (CSV redistribué),0
1973-05-31,TBILL,2.646312,0.005100,US 1-month Treasury bill,Kenneth French Data Library,"F-F_Research_Data_Factors, colonne RF",TBILL-1,source unique continue (aucun raccord),0
1973-05-31,US,54.122000,-0.016268,Ibbotson US Large Cap total return,Morningstar / Ibbotson SBBI,Large Caps (col. H),US-1,socle historique (CSV redistribué),0
1973-06-30,BOND,87.227000,-0.003712,"40% Ibbotson Intermediate Treasuries + 60% Ibbotson Intermediate Corporates, rebalanced monthly",Morningstar / Ibbotson SBBI,"Mid-Treasuries + Mid-Corporate (col. J, K)",BOND-1,socle historique (CSV redistribué),0
1973-06-30,EXUS,13.273000,0.014368,"MSCI World ex USA, gross total return, USD",MSCI,WORLD ex USA (col. C),EXUS-1,socle historique (CSV redistribué),0
1973-06-30,TBILL,2.659808,0.005100,US 1-month Treasury bill,Kenneth French Data Library,"F-F_Research_Data_Factors, colonne RF",TBILL-1,source unique continue (aucun raccord),0
1973-06-30,US,53.906000,-0.003991,Ibbotson US Large Cap total return,Morningstar / Ibbotson SBBI,Large Caps (col. H),US-1,socle historique (CSV redistribué),0
1973-07-31,BOND,83.689000,-0.040561,"40% Ibbotson Intermediate Treasuries + 60% Ibbotson Intermediate Corporates, rebalanced monthly",Morningstar / Ibbotson SBBI,"Mid-Treasuries + Mid-Corporate (col. J, K)",BOND-1,socle historique (CSV redistribué),0
1973-07-31,EXUS,13.289000,0.001205,"MSCI World ex USA, gross total return, USD",MSCI,WORLD ex USA (col. C),EXUS-1,socle historique (CSV redistribué),0
1973-07-31,TBILL,2.676831,0.006400,US 1-month Treasury bill,Kenneth French Data Library,"F-F_Research_Data_Factors, colonne RF",TBILL-1,source unique continue (aucun raccord),0
1973-07-31,US,56.098000,0.040663,Ibbotson US Large Cap total return,Morningstar / Ibbotson SBBI,Large Caps (col. H),US-1,socle historique (CSV redistribué),0
1973-08-31,BOND,86.365000,0.031976,"40% Ibbotson Intermediate Treasuries + 60% Ibbotson Intermediate Corporates, rebalanced monthly",Morningstar / Ibbotson SBBI,"Mid-Treasuries + Mid-Corporate (col. J, K)",BOND-1,socle historique (CSV redistribué),0
1973-08-31,EXUS,12.576000,-0.053653,"MSCI World ex USA, gross total return, USD",MSCI,WORLD ex USA (col. C),EXUS-1,socle historique (CSV redistribué),0
1973-08-31,TBILL,2.695569,0.007000,US 1-month Treasury bill,Kenneth French Data Library,"F-F_Research_Data_Factors, colonne RF",TBILL-1,source unique continue (aucun raccord),0
1973-08-31,US,54.185000,-0.034101,Ibbotson US Large Cap total return,Morningstar / Ibbotson SBBI,Large Caps (col. H),US-1,socle historique (CSV redistribué),0
1973-09-30,BOND,89.110000,0.031784,"40% Ibbotson Intermediate Treasuries + 60% Ibbotson Intermediate Corporates, rebalanced monthly",Morningstar / Ibbotson SBBI,"Mid-Treasuries + Mid-Corporate (col. J, K)",BOND-1,socle historique (CSV redistribué),0
1973-09-30,EXUS,12.814000,0.018925,"MSCI World ex USA, gross total return, USD",MSCI,WORLD ex USA (col. C),EXUS-1,socle historique (CSV redistribué),0
1973-09-30,TBILL,2.713899,0.006800,US 1-month Treasury bill,Kenneth French Data Library,"F-F_Research_Data_Factors, colonne RF",TBILL-1,source unique continue (aucun raccord),0
1973-09-30,US,56.581000,0.044219,Ibbotson US Large Cap total return,Morningstar / Ibbotson SBBI,Large Caps (col. H),US-1,socle historique (CSV redistribué),0
1973-10-31,BOND,88.892000,-0.002446,"40% Ibbotson Intermediate Treasuries + 60% Ibbotson Intermediate Corporates, rebalanced monthly",Morningstar / Ibbotson SBBI,"Mid-Treasuries + Mid-Corporate (col. J, K)",BOND-1,socle historique (CSV redistribué),0
1973-10-31,EXUS,13.065000,0.019588,"MSCI World ex USA, gross total return, USD",MSCI,WORLD ex USA (col. C),EXUS-1,socle historique (CSV redistribué),0
1973-10-31,TBILL,2.731539,0.006500,US 1-month Treasury bill,Kenneth French Data Library,"F-F_Research_Data_Factors, colonne RF",TBILL-1,source unique continue (aucun raccord),0
1973-10-31,US,56.591000,0.000177,Ibbotson US Large Cap total return,Morningstar / Ibbotson SBBI,Large Caps (col. H),US-1,socle historique (CSV redistribué),0
1973-11-30,BOND,89.542000,0.007312,"40% Ibbotson Intermediate Treasuries + 60% Ibbotson Intermediate Corporates, rebalanced monthly",Morningstar / Ibbotson SBBI,"Mid-Treasuries + Mid-Corporate (col. J, K)",BOND-1,socle historique (CSV redistribué),0
1973-11-30,EXUS,10.933000,-0.163184,"MSCI World ex USA, gross total return, USD",MSCI,WORLD ex USA (col. C),EXUS-1,socle historique (CSV redistribué),0
1973-11-30,TBILL,2.746836,0.005600,US 1-month Treasury bill,Kenneth French Data Library,"F-F_Research_Data_Factors, colonne RF",TBILL-1,source unique continue (aucun raccord),0
1973-11-30,US,50.316000,-0.110883,Ibbotson US Large Cap total return,Morningstar / Ibbotson SBBI,Large Caps (col. H),US-1,socle historique (CSV redistribué),0
1973-12-31,BOND,89.155000,-0.004322,"40% Ibbotson Intermediate Treasuries + 60% Ibbotson Intermediate Corporates, rebalanced monthly",Morningstar / Ibbotson SBBI,"Mid-Treasuries + Mid-Corporate (col. J, K)",BOND-1,socle historique (CSV redistribué),0
1973-12-31,EXUS,10.440000,-0.045093,"MSCI World ex USA, gross total return, USD",MSCI,WORLD ex USA (col. C),EXUS-1,socle historique (CSV redistribué),0
1973-12-31,TBILL,2.764415,0.006400,US 1-month Treasury bill,Kenneth French Data Library,"F-F_Research_Data_Factors, colonne RF",TBILL-1,source unique continue (aucun raccord),0
1973-12-31,US,51.312000,0.019795,Ibbotson US Large Cap total return,Morningstar / Ibbotson SBBI,Large Caps (col. H),US-1,socle historique (CSV redistribué),0
1974-01-31,BOND,88.889000,-0.002984,"40% Ibbotson Intermediate Treasuries + 60% Ibbotson Intermediate Corporates, rebalanced monthly",Morningstar / Ibbotson SBBI,"Mid-Treasuries + Mid-Corporate (col. J, K)",BOND-1,socle historique (CSV redistribué),0
1974-01-31,EXUS,10.918000,0.045785,"MSCI World ex USA, gross total return, USD",MSCI,WORLD ex USA (col. C),EXUS-1,socle historique (CSV redistribué),0
1974-01-31,TBILL,2.781831,0.006300,US 1-month Treasury bill,Kenneth French Data Library,"F-F_Research_Data_Factors, colonne RF",TBILL-1,source unique continue (aucun raccord),0
1974-01-31,US,50.944000,-0.007172,Ibbotson US Large Cap total return,Morningstar / Ibbotson SBBI,Large Caps (col. H),US-1,socle historique (CSV redistribué),0
1974-02-28,BOND,89.054000,0.001856,"40% Ibbotson Intermediate Treasuries + 60% Ibbotson Intermediate Corporates, rebalanced monthly",Morningstar / Ibbotson SBBI,"Mid-Treasuries + Mid-Corporate (col. J, K)",BOND-1,socle historique (CSV redistribué),0
1974-02-28,EXUS,11.366000,0.041033,"MSCI World ex USA, gross total return, USD",MSCI,WORLD ex USA (col. C),EXUS-1,socle historique (CSV redistribué),0
1974-02-28,TBILL,2.797966,0.005800,US 1-month Treasury bill,Kenneth French Data Library,"F-F_Research_Data_Factors, colonne RF",TBILL-1,source unique continue (aucun raccord),0
1974-02-28,US,50.906000,-0.000746,Ibbotson US Large Cap total return,Morningstar / Ibbotson SBBI,Large Caps (col. H),US-1,socle historique (CSV redistribué),0
1974-03-31,BOND,86.629000,-0.027231,"40% Ibbotson Intermediate Treasuries + 60% Ibbotson Intermediate Corporates, rebalanced monthly",Morningstar / Ibbotson SBBI,"Mid-Treasuries + Mid-Corporate (col. J, K)",BOND-1,socle historique (CSV redistribué),0
1974-03-31,EXUS,11.074000,-0.025691,"MSCI World ex USA, gross total return, USD",MSCI,WORLD ex USA (col. C),EXUS-1,socle historique (CSV redistribué),0
1974-03-31,TBILL,2.813634,0.005600,US 1-month Treasury bill,Kenneth French Data Library,"F-F_Research_Data_Factors, colonne RF",TBILL-1,source unique continue (aucun raccord),0
1974-03-31,US,49.864000,-0.020469,Ibbotson US Large Cap total return,Morningstar / Ibbotson SBBI,Large Caps (col. H),US-1,socle historique (CSV redistribué),0
1974-04-30,BOND,84.274000,-0.027185,"40% Ibbotson Intermediate Treasuries + 60% Ibbotson Intermediate Corporates, rebalanced monthly",Morningstar / Ibbotson SBBI,"Mid-Treasuries + Mid-Corporate (col. J, K)",BOND-1,socle historique (CSV redistribué),0
1974-04-30,EXUS,11.261000,0.016886,"MSCI World ex USA, gross total return, USD",MSCI,WORLD ex USA (col. C),EXUS-1,socle historique (CSV redistribué),0
1974-04-30,TBILL,2.834737,0.007500,US 1-month Treasury bill,Kenneth French Data Library,"F-F_Research_Data_Factors, colonne RF",TBILL-1,source unique continue (aucun raccord),0
1974-04-30,US,48.076000,-0.035858,Ibbotson US Large Cap total return,Morningstar / Ibbotson SBBI,Large Caps (col. H),US-1,socle historique (CSV redistribué),0
1974-05-31,BOND,85.240000,0.011463,"40% Ibbotson Intermediate Treasuries + 60% Ibbotson Intermediate Corporates, rebalanced monthly",Morningstar / Ibbotson SBBI,"Mid-Treasuries + Mid-Corporate (col. J, K)",BOND-1,socle historique (CSV redistribué),0
1974-05-31,EXUS,10.670000,-0.052482,"MSCI World ex USA, gross total return, USD",MSCI,WORLD ex USA (col. C),EXUS-1,socle historique (CSV redistribué),0
1974-05-31,TBILL,2.855997,0.007500,US 1-month Treasury bill,Kenneth French Data Library,"F-F_Research_Data_Factors, colonne RF",TBILL-1,source unique continue (aucun raccord),0
1974-05-31,US,46.623000,-0.030223,Ibbotson US Large Cap total return,Morningstar / Ibbotson SBBI,Large Caps (col. H),US-1,socle historique (CSV redistribué),0
1974-06-30,BOND,83.438000,-0.021140,"40% Ibbotson Intermediate Treasuries + 60% Ibbotson Intermediate Corporates, rebalanced monthly",Morningstar / Ibbotson SBBI,"Mid-Treasuries + Mid-Corporate (col. J, K)",BOND-1,socle historique (CSV redistribué),0
1974-06-30,EXUS,10.129000,-0.050703,"MSCI World ex USA, gross total return, USD",MSCI,WORLD ex USA (col. C),EXUS-1,socle historique (CSV redistribué),0
1974-06-30,TBILL,2.873133,0.006000,US 1-month Treasury bill,Kenneth French Data Library,"F-F_Research_Data_Factors, colonne RF",TBILL-1,source unique continue (aucun raccord),0
1974-06-30,US,46.094000,-0.011346,Ibbotson US Large Cap total return,Morningstar / Ibbotson SBBI,Large Caps (col. H),US-1,socle historique (CSV redistribué),0
1974-07-31,BOND,82.362000,-0.012896,"40% Ibbotson Intermediate Treasuries + 60% Ibbotson Intermediate Corporates, rebalanced monthly",Morningstar / Ibbotson SBBI,"Mid-Treasuries + Mid-Corporate (col. J, K)",BOND-1,socle historique (CSV redistribué),0
1974-07-31,EXUS,9.846000,-0.027940,"MSCI World ex USA, gross total return, USD",MSCI,WORLD ex USA (col. C),EXUS-1,socle historique (CSV redistribué),0
1974-07-31,TBILL,2.893245,0.007000,US 1-month Treasury bill,Kenneth French Data Library,"F-F_Research_Data_Factors, colonne RF",TBILL-1,source unique continue (aucun raccord),0
1974-07-31,US,42.674000,-0.074196,Ibbotson US Large Cap total return,Morningstar / Ibbotson SBBI,Large Caps (col. H),US-1,socle historique (CSV redistribué),0
1974-08-31,BOND,80.957000,-0.017059,"40% Ibbotson Intermediate Treasuries + 60% Ibbotson Intermediate Corporates, rebalanced monthly",Morningstar / Ibbotson SBBI,"Mid-Treasuries + Mid-Corporate (col. J, K)",BOND-1,socle historique (CSV redistribué),0
1974-08-31,EXUS,8.824000,-0.103798,"MSCI World ex USA, gross total return, USD",MSCI,WORLD ex USA (col. C),EXUS-1,socle historique (CSV redistribué),0
1974-08-31,TBILL,2.910605,0.006000,US 1-month Treasury bill,Kenneth French Data Library,"F-F_Research_Data_Factors, colonne RF",TBILL-1,source unique continue (aucun raccord),0
1974-08-31,US,38.989000,-0.086352,Ibbotson US Large Cap total return,Morningstar / Ibbotson SBBI,Large Caps (col. H),US-1,socle historique (CSV redistribué),0
1974-09-30,BOND,82.827000,0.023099,"40% Ibbotson Intermediate Treasuries + 60% Ibbotson Intermediate Corporates, rebalanced monthly",Morningstar / Ibbotson SBBI,"Mid-Treasuries + Mid-Corporate (col. J, K)",BOND-1,socle historique (CSV redistribué),0
1974-09-30,EXUS,8.318000,-0.057344,"MSCI World ex USA, gross total return, USD",MSCI,WORLD ex USA (col. C),EXUS-1,socle historique (CSV redistribué),0
1974-09-30,TBILL,2.934180,0.008100,US 1-month Treasury bill,Kenneth French Data Library,"F-F_Research_Data_Factors, colonne RF",TBILL-1,source unique continue (aucun raccord),0
1974-09-30,US,34.498000,-0.115186,Ibbotson US Large Cap total return,Morningstar / Ibbotson SBBI,Large Caps (col. H),US-1,socle historique (CSV redistribué),0
1974-10-31,BOND,87.643000,0.058145,"40% Ibbotson Intermediate Treasuries + 60% Ibbotson Intermediate Corporates, rebalanced monthly",Morningstar / Ibbotson SBBI,"Mid-Treasuries + Mid-Corporate (col. J, K)",BOND-1,socle historique (CSV redistribué),0
1974-10-31,EXUS,8.314000,-0.000481,"MSCI World ex USA, gross total return, USD",MSCI,WORLD ex USA (col. C),EXUS-1,socle historique (CSV redistribué),0
1974-10-31,TBILL,2.949145,0.005100,US 1-month Treasury bill,Kenneth French Data Library,"F-F_Research_Data_Factors, colonne RF",TBILL-1,source unique continue (aucun raccord),0
1974-10-31,US,40.297000,0.168097,Ibbotson US Large Cap total return,Morningstar / Ibbotson SBBI,Large Caps (col. H),US-1,socle historique (CSV redistribué),0
1974-11-30,BOND,89.061000,0.016179,"40% Ibbotson Intermediate Treasuries + 60% Ibbotson Intermediate Corporates, rebalanced monthly",Morningstar / Ibbotson SBBI,"Mid-Treasuries + Mid-Corporate (col. J, K)",BOND-1,socle historique (CSV redistribué),0
1974-11-30,EXUS,8.587000,0.032836,"MSCI World ex USA, gross total return, USD",MSCI,WORLD ex USA (col. C),EXUS-1,socle historique (CSV redistribué),0
1974-11-30,TBILL,2.965070,0.005400,US 1-month Treasury bill,Kenneth French Data Library,"F-F_Research_Data_Factors, colonne RF",TBILL-1,source unique continue (aucun raccord),0
1974-11-30,US,38.328000,-0.048862,Ibbotson US Large Cap total return,Morningstar / Ibbotson SBBI,Large Caps (col. H),US-1,socle historique (CSV redistribué),0
1974-12-31,BOND,89.259000,0.002223,"40% Ibbotson Intermediate Treasuries + 60% Ibbotson Intermediate Corporates, rebalanced monthly",Morningstar / Ibbotson SBBI,"Mid-Treasuries + Mid-Corporate (col. J, K)",BOND-1,socle historique (CSV redistribué),0
1974-12-31,EXUS,8.506000,-0.009433,"MSCI World ex USA, gross total return, USD",MSCI,WORLD ex USA (col. C),EXUS-1,socle historique (CSV redistribué),0
1974-12-31,TBILL,2.985826,0.007000,US 1-month Treasury bill,Kenneth French Data Library,"F-F_Research_Data_Factors, colonne RF",TBILL-1,source unique continue (aucun raccord),0
1974-12-31,US,37.731000,-0.015576,Ibbotson US Large Cap total return,Morningstar / Ibbotson SBBI,Large Caps (col. H),US-1,socle historique (CSV redistribué),0
1975-01-31,BOND,92.729000,0.038876,"40% Ibbotson Intermediate Treasuries + 60% Ibbotson Intermediate Corporates, rebalanced monthly",Morningstar / Ibbotson SBBI,"Mid-Treasuries + Mid-Corporate (col. J, K)",BOND-1,socle historique (CSV redistribué),0
1975-01-31,EXUS,9.944000,0.169057,"MSCI World ex USA, gross total return, USD",MSCI,WORLD ex USA (col. C),EXUS-1,socle historique (CSV redistribué),0
1975-01-31,TBILL,3.003143,0.005800,US 1-month Treasury bill,Kenneth French Data Library,"F-F_Research_Data_Factors, colonne RF",TBILL-1,source unique continue (aucun raccord),0
1975-01-31,US,42.530000,0.127190,Ibbotson US Large Cap total return,Morningstar / Ibbotson SBBI,Large Caps (col. H),US-1,socle historique (CSV redistribué),0
1975-02-28,BOND,94.036000,0.014095,"40% Ibbotson Intermediate Treasuries + 60% Ibbotson Intermediate Corporates, rebalanced monthly",Morningstar / Ibbotson SBBI,"Mid-Treasuries + Mid-Corporate (col. J, K)",BOND-1,socle historique (CSV redistribué),0
1975-02-28,EXUS,11.160000,0.122285,"MSCI World ex USA, gross total return, USD",MSCI,WORLD ex USA (col. C),EXUS-1,socle historique (CSV redistribué),0
1975-02-28,TBILL,3.016057,0.004300,US 1-month Treasury bill,Kenneth French Data Library,"F-F_Research_Data_Factors, colonne RF",TBILL-1,source unique continue (aucun raccord),0
1975-02-28,US,45.242000,0.063767,Ibbotson US Large Cap total return,Morningstar / Ibbotson SBBI,Large Caps (col. H),US-1,socle historique (CSV redistribué),0
1975-03-31,BOND,92.365000,-0.017770,"40% Ibbotson Intermediate Treasuries + 60% Ibbotson Intermediate Corporates, rebalanced monthly",Morningstar / Ibbotson SBBI,"Mid-Treasuries + Mid-Corporate (col. J, K)",BOND-1,socle historique (CSV redistribué),0
1975-03-31,EXUS,11.040000,-0.010753,"MSCI World ex USA, gross total return, USD",MSCI,WORLD ex USA (col. C),EXUS-1,socle historique (CSV redistribué),0
1975-03-31,TBILL,3.028423,0.004100,US 1-month Treasury bill,Kenneth French Data Library,"F-F_Research_Data_Factors, colonne RF",TBILL-1,source unique continue (aucun raccord),0
1975-03-31,US,46.391000,0.025397,Ibbotson US Large Cap total return,Morningstar / Ibbotson SBBI,Large Caps (col. H),US-1,socle historique (CSV redistribué),0
1975-04-30,BOND,91.418000,-0.010253,"40% Ibbotson Intermediate Treasuries + 60% Ibbotson Intermediate Corporates, rebalanced monthly",Morningstar / Ibbotson SBBI,"Mid-Treasuries + Mid-Corporate (col. J, K)",BOND-1,socle historique (CSV redistribué),0
1975-04-30,EXUS,11.469000,0.038859,"MSCI World ex USA, gross total return, USD",MSCI,WORLD ex USA (col. C),EXUS-1,socle historique (CSV redistribué),0
1975-04-30,TBILL,3.041748,0.004400,US 1-month Treasury bill,Kenneth French Data Library,"F-F_Research_Data_Factors, colonne RF",TBILL-1,source unique continue (aucun raccord),0
1975-04-30,US,48.756000,0.050980,Ibbotson US Large Cap total return,Morningstar / Ibbotson SBBI,Large Caps (col. H),US-1,socle historique (CSV redistribué),0
1975-05-31,BOND,92.908000,0.016299,"40% Ibbotson Intermediate Treasuries + 60% Ibbotson Intermediate Corporates, rebalanced monthly",Morningstar / Ibbotson SBBI,"Mid-Treasuries + Mid-Corporate (col. J, K)",BOND-1,socle historique (CSV redistribué),0
1975-05-31,EXUS,11.449000,-0.001744,"MSCI World ex USA, gross total return, USD",MSCI,WORLD ex USA (col. C),EXUS-1,socle historique (CSV redistribué),0
1975-05-31,TBILL,3.055132,0.004400,US 1-month Treasury bill,Kenneth French Data Library,"F-F_Research_Data_Factors, colonne RF",TBILL-1,source unique continue (aucun raccord),0
1975-05-31,US,51.079000,0.047645,Ibbotson US Large Cap total return,Morningstar / Ibbotson SBBI,Large Caps (col. H),US-1,socle historique (CSV redistribué),0
1975-06-30,BOND,94.771000,0.020052,"40% Ibbotson Intermediate Treasuries + 60% Ibbotson Intermediate Corporates, rebalanced monthly",Morningstar / Ibbotson SBBI,"Mid-Treasuries + Mid-Corporate (col. J, K)",BOND-1,socle historique (CSV redistribué),0
1975-06-30,EXUS,11.094000,-0.031007,"MSCI World ex USA, gross total return, USD",MSCI,WORLD ex USA (col. C),EXUS-1,socle historique (CSV redistribué),0
1975-06-30,TBILL,3.067658,0.004100,US 1-month Treasury bill,Kenneth French Data Library,"F-F_Research_Data_Factors, colonne RF",TBILL-1,source unique continue (aucun raccord),0
1975-06-30,US,53.517000,0.047730,Ibbotson US Large Cap total return,Morningstar / Ibbotson SBBI,Large Caps (col. H),US-1,socle historique (CSV redistribué),0
1975-07-31,BOND,94.485000,-0.003018,"40% Ibbotson Intermediate Treasuries + 60% Ibbotson Intermediate Corporates, rebalanced monthly",Morningstar / Ibbotson SBBI,"Mid-Treasuries + Mid-Corporate (col. J, K)",BOND-1,socle historique (CSV redistribué),0
1975-07-31,EXUS,10.681000,-0.037227,"MSCI World ex USA, gross total return, USD",MSCI,WORLD ex USA (col. C),EXUS-1,socle historique (CSV redistribué),0
1975-07-31,TBILL,3.082382,0.004800,US 1-month Treasury bill,Kenneth French Data Library,"F-F_Research_Data_Factors, colonne RF",TBILL-1,source unique continue (aucun raccord),0
1975-07-31,US,50.070000,-0.064409,Ibbotson US Large Cap total return,Morningstar / Ibbotson SBBI,Large Caps (col. H),US-1,socle historique (CSV redistribué),0
1975-08-31,BOND,93.415000,-0.011325,"40% Ibbotson Intermediate Treasuries + 60% Ibbotson Intermediate Corporates, rebalanced monthly",Morningstar / Ibbotson SBBI,"Mid-Treasuries + Mid-Corporate (col. J, K)",BOND-1,socle historique (CSV redistribué),0
1975-08-31,EXUS,10.631000,-0.004681,"MSCI World ex USA, gross total return, USD",MSCI,WORLD ex USA (col. C),EXUS-1,socle historique (CSV redistribué),0
1975-08-31,TBILL,3.097178,0.004800,US 1-month Treasury bill,Kenneth French Data Library,"F-F_Research_Data_Factors, colonne RF",TBILL-1,source unique continue (aucun raccord),0
1975-08-31,US,49.191000,-0.017555,Ibbotson US Large Cap total return,Morningstar / Ibbotson SBBI,Large Caps (col. H),US-1,socle historique (CSV redistribué),0
1975-09-30,BOND,92.706000,-0.007590,"40% Ibbotson Intermediate Treasuries + 60% Ibbotson Intermediate Corporates, rebalanced monthly",Morningstar / Ibbotson SBBI,"Mid-Treasuries + Mid-Corporate (col. J, K)",BOND-1,socle historique (CSV redistribué),0
1975-09-30,EXUS,10.108000,-0.049196,"MSCI World ex USA, gross total return, USD",MSCI,WORLD ex USA (col. C),EXUS-1,socle historique (CSV redistribué),0
1975-09-30,TBILL,3.113593,0.005300,US 1-month Treasury bill,Kenneth French Data Library,"F-F_Research_Data_Factors, colonne RF",TBILL-1,source unique continue (aucun raccord),0
1975-09-30,US,47.656000,-0.031205,Ibbotson US Large Cap total return,Morningstar / Ibbotson SBBI,Large Caps (col. H),US-1,socle historique (CSV redistribué),0
1975-10-31,BOND,97.187000,0.048336,"40% Ibbotson Intermediate Treasuries + 60% Ibbotson Intermediate Corporates, rebalanced monthly",Morningstar / Ibbotson SBBI,"Mid-Treasuries + Mid-Corporate (col. J, K)",BOND-1,socle historique (CSV redistribué),0
1975-10-31,EXUS,10.827000,0.071132,"MSCI World ex USA, gross total return, USD",MSCI,WORLD ex USA (col. C),EXUS-1,socle historique (CSV redistribué),0
1975-10-31,TBILL,3.131029,0.005600,US 1-month Treasury bill,Kenneth French Data Library,"F-F_Research_Data_Factors, colonne RF",TBILL-1,source unique continue (aucun raccord),0
1975-10-31,US,50.770000,0.065343,Ibbotson US Large Cap total return,Morningstar / Ibbotson SBBI,Large Caps (col. H),US-1,socle historique (CSV redistribué),0
1975-11-30,BOND,96.612000,-0.005916,"40% Ibbotson Intermediate Treasuries + 60% Ibbotson Intermediate Corporates, rebalanced monthly",Morningstar / Ibbotson SBBI,"Mid-Treasuries + Mid-Corporate (col. J, K)",BOND-1,socle historique (CSV redistribué),0
1975-11-30,EXUS,11.102000,0.025399,"MSCI World ex USA, gross total return, USD",MSCI,WORLD ex USA (col. C),EXUS-1,socle historique (CSV redistribué),0
1975-11-30,TBILL,3.143866,0.004100,US 1-month Treasury bill,Kenneth French Data Library,"F-F_Research_Data_Factors, colonne RF",TBILL-1,source unique continue (aucun raccord),0
1975-11-30,US,52.201000,0.028186,Ibbotson US Large Cap total return,Morningstar / Ibbotson SBBI,Large Caps (col. H),US-1,socle historique (CSV redistribué),0
1975-12-31,BOND,100.000000,0.035068,"40% Ibbotson Intermediate Treasuries + 60% Ibbotson Intermediate Corporates, rebalanced monthly",Morningstar / Ibbotson SBBI,"Mid-Treasuries + Mid-Corporate (col. J, K)",BOND-1,socle historique (CSV redistribué),0
1975-12-31,EXUS,11.292000,0.017114,"MSCI World ex USA, gross total return, USD",MSCI,WORLD ex USA (col. C),EXUS-1,socle historique (CSV redistribué),0
1975-12-31,TBILL,3.158957,0.004800,US 1-month Treasury bill,Kenneth French Data Library,"F-F_Research_Data_Factors, colonne RF",TBILL-1,source unique continue (aucun raccord),0
1975-12-31,US,51.778000,-0.008103,Ibbotson US Large Cap total return,Morningstar / Ibbotson SBBI,Large Caps (col. H),US-1,socle historique (CSV redistribué),0
1976-01-31,BOND,101.950000,0.019500,"Bloomberg Barclays US Aggregate Bond, total return",Morningstar,AGG (col. F),BOND-2,socle historique (CSV redistribué),0
1976-01-31,EXUS,11.919000,0.055526,"MSCI World ex USA, gross total return, USD",MSCI,WORLD ex USA (col. C),EXUS-1,socle historique (CSV redistribué),0
1976-01-31,TBILL,3.173804,0.004700,US 1-month Treasury bill,Kenneth French Data Library,"F-F_Research_Data_Factors, colonne RF",TBILL-1,source unique continue (aucun raccord),0
1976-01-31,US,58.082000,0.121751,Ibbotson US Large Cap total return,Morningstar / Ibbotson SBBI,Large Caps (col. H),US-1,socle historique (CSV redistribué),0
1976-02-29,BOND,102.720000,0.007553,"Bloomberg Barclays US Aggregate Bond, total return",Morningstar,AGG (col. F),BOND-2,socle historique (CSV redistribué),0
1976-02-29,EXUS,11.898000,-0.001762,"MSCI World ex USA, gross total return, USD",MSCI,WORLD ex USA (col. C),EXUS-1,socle historique (CSV redistribué),0
1976-02-29,TBILL,3.184595,0.003400,US 1-month Treasury bill,Kenneth French Data Library,"F-F_Research_Data_Factors, colonne RF",TBILL-1,source unique continue (aucun raccord),0
1976-02-29,US,57.592000,-0.008436,Ibbotson US Large Cap total return,Morningstar / Ibbotson SBBI,Large Caps (col. H),US-1,socle historique (CSV redistribué),0
1976-03-31,BOND,103.950000,0.011974,"Bloomberg Barclays US Aggregate Bond, total return",Morningstar,AGG (col. F),BOND-2,socle historique (CSV redistribué),0
1976-03-31,EXUS,11.681000,-0.018238,"MSCI World ex USA, gross total return, USD",MSCI,WORLD ex USA (col. C),EXUS-1,socle historique (CSV redistribué),0
1976-03-31,TBILL,3.197333,0.004000,US 1-month Treasury bill,Kenneth French Data Library,"F-F_Research_Data_Factors, colonne RF",TBILL-1,source unique continue (aucun raccord),0
1976-03-31,US,59.532000,0.033685,Ibbotson US Large Cap total return,Morningstar / Ibbotson SBBI,Large Caps (col. H),US-1,socle historique (CSV redistribué),0
1976-04-30,BOND,104.530000,0.005580,"Bloomberg Barclays US Aggregate Bond, total return",Morningstar,AGG (col. F),BOND-2,socle historique (CSV redistribué),0
1976-04-30,EXUS,11.670000,-0.000942,"MSCI World ex USA, gross total return, USD",MSCI,WORLD ex USA (col. C),EXUS-1,socle historique (CSV redistribué),0
1976-04-30,TBILL,3.210762,0.004200,US 1-month Treasury bill,Kenneth French Data Library,"F-F_Research_Data_Factors, colonne RF",TBILL-1,source unique continue (aucun raccord),0
1976-04-30,US,59.069000,-0.007777,Ibbotson US Large Cap total return,Morningstar / Ibbotson SBBI,Large Caps (col. H),US-1,socle historique (CSV redistribué),0
1976-05-31,BOND,103.580000,-0.009088,"Bloomberg Barclays US Aggregate Bond, total return",Morningstar,AGG (col. F),BOND-2,socle historique (CSV redistribué),0
1976-05-31,EXUS,11.396000,-0.023479,"MSCI World ex USA, gross total return, USD",MSCI,WORLD ex USA (col. C),EXUS-1,socle historique (CSV redistribué),0
1976-05-31,TBILL,3.222642,0.003700,US 1-month Treasury bill,Kenneth French Data Library,"F-F_Research_Data_Factors, colonne RF",TBILL-1,source unique continue (aucun raccord),0
1976-05-31,US,58.412000,-0.011123,Ibbotson US Large Cap total return,Morningstar / Ibbotson SBBI,Large Caps (col. H),US-1,socle historique (CSV redistribué),0
1976-06-30,BOND,105.050000,0.014192,"Bloomberg Barclays US Aggregate Bond, total return",Morningstar,AGG (col. F),BOND-2,socle historique (CSV redistribué),0
1976-06-30,EXUS,11.541000,0.012724,"MSCI World ex USA, gross total return, USD",MSCI,WORLD ex USA (col. C),EXUS-1,socle historique (CSV redistribué),0
1976-06-30,TBILL,3.236499,0.004300,US 1-month Treasury bill,Kenneth French Data Library,"F-F_Research_Data_Factors, colonne RF",TBILL-1,source unique continue (aucun raccord),0
1976-06-30,US,61.001000,0.044323,Ibbotson US Large Cap total return,Morningstar / Ibbotson SBBI,Large Caps (col. H),US-1,socle historique (CSV redistribué),0
1976-07-31,BOND,106.280000,0.011709,"Bloomberg Barclays US Aggregate Bond, total return",Morningstar,AGG (col. F),BOND-2,socle historique (CSV redistribué),0
1976-07-31,EXUS,11.386000,-0.013430,"MSCI World ex USA, gross total return, USD",MSCI,WORLD ex USA (col. C),EXUS-1,socle historique (CSV redistribué),0
1976-07-31,TBILL,3.251711,0.004700,US 1-month Treasury bill,Kenneth French Data Library,"F-F_Research_Data_Factors, colonne RF",TBILL-1,source unique continue (aucun raccord),0
1976-07-31,US,60.709000,-0.004787,Ibbotson US Large Cap total return,Morningstar / Ibbotson SBBI,Large Caps (col. H),US-1,socle historique (CSV redistribué),0
1976-08-31,BOND,108.180000,0.017877,"Bloomberg Barclays US Aggregate Bond, total return",Morningstar,AGG (col. F),BOND-2,socle historique (CSV redistribué),0
1976-08-31,EXUS,11.356000,-0.002635,"MSCI World ex USA, gross total return, USD",MSCI,WORLD ex USA (col. C),EXUS-1,socle historique (CSV redistribué),0
1976-08-31,TBILL,3.265368,0.004200,US 1-month Treasury bill,Kenneth French Data Library,"F-F_Research_Data_Factors, colonne RF",TBILL-1,source unique continue (aucun raccord),0
1976-08-31,US,60.597000,-0.001845,Ibbotson US Large Cap total return,Morningstar / Ibbotson SBBI,Large Caps (col. H),US-1,socle historique (CSV redistribué),0
1976-09-30,BOND,109.670000,0.013773,"Bloomberg Barclays US Aggregate Bond, total return",Morningstar,AGG (col. F),BOND-2,socle historique (CSV redistribué),0
1976-09-30,EXUS,11.182000,-0.015322,"MSCI World ex USA, gross total return, USD",MSCI,WORLD ex USA (col. C),EXUS-1,socle historique (CSV redistribué),0
1976-09-30,TBILL,3.279735,0.004400,US 1-month Treasury bill,Kenneth French Data Library,"F-F_Research_Data_Factors, colonne RF",TBILL-1,source unique continue (aucun raccord),0
1976-09-30,US,62.164000,0.025859,Ibbotson US Large Cap total return,Morningstar / Ibbotson SBBI,Large Caps (col. H),US-1,socle historique (CSV redistribué),0
1976-10-31,BOND,110.850000,0.010760,"Bloomberg Barclays US Aggregate Bond, total return",Morningstar,AGG (col. F),BOND-2,socle historique (CSV redistribué),0
1976-10-31,EXUS,10.521000,-0.059113,"MSCI World ex USA, gross total return, USD",MSCI,WORLD ex USA (col. C),EXUS-1,socle historique (CSV redistribué),0
1976-10-31,TBILL,3.293182,0.004100,US 1-month Treasury bill,Kenneth French Data Library,"F-F_Research_Data_Factors, colonne RF",TBILL-1,source unique continue (aucun raccord),0
1976-10-31,US,61.006000,-0.018628,Ibbotson US Large Cap total return,Morningstar / Ibbotson SBBI,Large Caps (col. H),US-1,socle historique (CSV redistribué),0
1976-11-30,BOND,113.530000,0.024177,"Bloomberg Barclays US Aggregate Bond, total return",Morningstar,AGG (col. F),BOND-2,socle historique (CSV redistribué),0
1976-11-30,EXUS,10.504000,-0.001616,"MSCI World ex USA, gross total return, USD",MSCI,WORLD ex USA (col. C),EXUS-1,socle historique (CSV redistribué),0
1976-11-30,TBILL,3.306355,0.004000,US 1-month Treasury bill,Kenneth French Data Library,"F-F_Research_Data_Factors, colonne RF",TBILL-1,source unique continue (aucun raccord),0
1976-11-30,US,60.756000,-0.004098,Ibbotson US Large Cap total return,Morningstar / Ibbotson SBBI,Large Caps (col. H),US-1,socle historique (CSV redistribué),0
1976-12-31,BOND,115.600000,0.018233,"Bloomberg Barclays US Aggregate Bond, total return",Morningstar,AGG (col. F),BOND-2,socle historique (CSV redistribué),0
1976-12-31,EXUS,11.693000,0.113195,"MSCI World ex USA, gross total return, USD",MSCI,WORLD ex USA (col. C),EXUS-1,socle historique (CSV redistribué),0
1976-12-31,TBILL,3.319580,0.004000,US 1-month Treasury bill,Kenneth French Data Library,"F-F_Research_Data_Factors, colonne RF",TBILL-1,source unique continue (aucun raccord),0
1976-12-31,US,64.167000,0.056143,Ibbotson US Large Cap total return,Morningstar / Ibbotson SBBI,Large Caps (col. H),US-1,socle historique (CSV redistribué),0
1977-01-31,BOND,113.380000,-0.019204,"Bloomberg Barclays US Aggregate Bond, total return",Morningstar,AGG (col. F),BOND-2,socle historique (CSV redistribué),0
1977-01-31,EXUS,11.594000,-0.008467,"MSCI World ex USA, gross total return, USD",MSCI,WORLD ex USA (col. C),EXUS-1,socle historique (CSV redistribué),0
1977-01-31,TBILL,3.331531,0.003600,US 1-month Treasury bill,Kenneth French Data Library,"F-F_Research_Data_Factors, colonne RF",TBILL-1,source unique continue (aucun raccord),0
1977-01-31,US,61.133000,-0.047283,Ibbotson US Large Cap total return,Morningstar / Ibbotson SBBI,Large Caps (col. H),US-1,socle historique (CSV redistribué),0
1977-02-28,BOND,113.810000,0.003793,"Bloomberg Barclays US Aggregate Bond, total return",Morningstar,AGG (col. F),BOND-2,socle historique (CSV redistribué),0
1977-02-28,EXUS,11.838000,0.021045,"MSCI World ex USA, gross total return, USD",MSCI,WORLD ex USA (col. C),EXUS-1,socle historique (CSV redistribué),0
1977-02-28,TBILL,3.343191,0.003500,US 1-month Treasury bill,Kenneth French Data Library,"F-F_Research_Data_Factors, colonne RF",TBILL-1,source unique continue (aucun raccord),0
1977-02-28,US,60.018000,-0.018239,Ibbotson US Large Cap total return,Morningstar / Ibbotson SBBI,Large Caps (col. H),US-1,socle historique (CSV redistribué),0
1977-03-31,BOND,114.660000,0.007469,"Bloomberg Barclays US Aggregate Bond, total return",Morningstar,AGG (col. F),BOND-2,socle historique (CSV redistribué),0
1977-03-31,EXUS,11.871000,0.002788,"MSCI World ex USA, gross total return, USD",MSCI,WORLD ex USA (col. C),EXUS-1,socle historique (CSV redistribué),0
1977-03-31,TBILL,3.355895,0.003800,US 1-month Treasury bill,Kenneth French Data Library,"F-F_Research_Data_Factors, colonne RF",TBILL-1,source unique continue (aucun raccord),0
1977-03-31,US,59.387000,-0.010514,Ibbotson US Large Cap total return,Morningstar / Ibbotson SBBI,Large Caps (col. H),US-1,socle historique (CSV redistribué),0
1977-04-30,BOND,115.700000,0.009070,"Bloomberg Barclays US Aggregate Bond, total return",Morningstar,AGG (col. F),BOND-2,socle historique (CSV redistribué),0
1977-04-30,EXUS,12.152000,0.023671,"MSCI World ex USA, gross total return, USD",MSCI,WORLD ex USA (col. C),EXUS-1,socle historique (CSV redistribué),0
1977-04-30,TBILL,3.368648,0.003800,US 1-month Treasury bill,Kenneth French Data Library,"F-F_Research_Data_Factors, colonne RF",TBILL-1,source unique continue (aucun raccord),0
1977-04-30,US,59.635000,0.004176,Ibbotson US Large Cap total return,Morningstar / Ibbotson SBBI,Large Caps (col. H),US-1,socle historique (CSV redistribué),0
1977-05-31,BOND,116.500000,0.006914,"Bloomberg Barclays US Aggregate Bond, total return",Morningstar,AGG (col. F),BOND-2,socle historique (CSV redistribué),0
1977-05-31,EXUS,12.092000,-0.004937,"MSCI World ex USA, gross total return, USD",MSCI,WORLD ex USA (col. C),EXUS-1,socle historique (CSV redistribué),0
1977-05-31,TBILL,3.381112,0.003700,US 1-month Treasury bill,Kenneth French Data Library,"F-F_Research_Data_Factors, colonne RF",TBILL-1,source unique continue (aucun raccord),0
1977-05-31,US,58.465000,-0.019619,Ibbotson US Large Cap total return,Morningstar / Ibbotson SBBI,Large Caps (col. H),US-1,socle historique (CSV redistribué),0
1977-06-30,BOND,118.150000,0.014163,"Bloomberg Barclays US Aggregate Bond, total return",Morningstar,AGG (col. F),BOND-2,socle historique (CSV redistribué),0
1977-06-30,EXUS,12.386000,0.024314,"MSCI World ex USA, gross total return, USD",MSCI,WORLD ex USA (col. C),EXUS-1,socle historique (CSV redistribué),0
1977-06-30,TBILL,3.394636,0.004000,US 1-month Treasury bill,Kenneth French Data Library,"F-F_Research_Data_Factors, colonne RF",TBILL-1,source unique continue (aucun raccord),0
1977-06-30,US,61.355000,0.049431,Ibbotson US Large Cap total return,Morningstar / Ibbotson SBBI,Large Caps (col. H),US-1,socle historique (CSV redistribué),0
1977-07-31,BOND,118.080000,-0.000592,"Bloomberg Barclays US Aggregate Bond, total return",Morningstar,AGG (col. F),BOND-2,socle historique (CSV redistribué),0
1977-07-31,EXUS,12.222000,-0.013241,"MSCI World ex USA, gross total return, USD",MSCI,WORLD ex USA (col. C),EXUS-1,socle historique (CSV redistribué),0
1977-07-31,TBILL,3.408894,0.004200,US 1-month Treasury bill,Kenneth French Data Library,"F-F_Research_Data_Factors, colonne RF",TBILL-1,source unique continue (aucun raccord),0
1977-07-31,US,60.591000,-0.012452,Ibbotson US Large Cap total return,Morningstar / Ibbotson SBBI,Large Caps (col. H),US-1,socle historique (CSV redistribué),0
1977-08-31,BOND,119.210000,0.009570,"Bloomberg Barclays US Aggregate Bond, total return",Morningstar,AGG (col. F),BOND-2,socle historique (CSV redistribué),0
1977-08-31,EXUS,12.671000,0.036737,"MSCI World ex USA, gross total return, USD",MSCI,WORLD ex USA (col. C),EXUS-1,socle historique (CSV redistribué),0
1977-08-31,TBILL,3.423893,0.004400,US 1-month Treasury bill,Kenneth French Data Library,"F-F_Research_Data_Factors, colonne RF",TBILL-1,source unique continue (aucun raccord),0
1977-08-31,US,59.550000,-0.017181,Ibbotson US Large Cap total return,Morningstar / Ibbotson SBBI,Large Caps (col. H),US-1,socle historique (CSV redistribué),0
1977-09-30,BOND,119.210000,0.000000,"Bloomberg Barclays US Aggregate Bond, total return",Morningstar,AGG (col. F),BOND-2,socle historique (CSV redistribué),0
1977-09-30,EXUS,13.048000,0.029753,"MSCI World ex USA, gross total return, USD",MSCI,WORLD ex USA (col. C),EXUS-1,socle historique (CSV redistribué),0
1977-09-30,TBILL,3.438616,0.004300,US 1-month Treasury bill,Kenneth French Data Library,"F-F_Research_Data_Factors, colonne RF",TBILL-1,source unique continue (aucun raccord),0
1977-09-30,US,59.641000,0.001528,Ibbotson US Large Cap total return,Morningstar / Ibbotson SBBI,Large Caps (col. H),US-1,socle historique (CSV redistribué),0
1977-10-31,BOND,118.580000,-0.005285,"Bloomberg Barclays US Aggregate Bond, total return",Morningstar,AGG (col. F),BOND-2,socle historique (CSV redistribué),0
1977-10-31,EXUS,13.255000,0.015865,"MSCI World ex USA, gross total return, USD",MSCI,WORLD ex USA (col. C),EXUS-1,socle historique (CSV redistribué),0
1977-10-31,TBILL,3.455465,0.004900,US 1-month Treasury bill,Kenneth French Data Library,"F-F_Research_Data_Factors, colonne RF",TBILL-1,source unique continue (aucun raccord),0
1977-10-31,US,57.319000,-0.038933,Ibbotson US Large Cap total return,Morningstar / Ibbotson SBBI,Large Caps (col. H),US-1,socle historique (CSV redistribué),0
1977-11-30,BOND,119.640000,0.008939,"Bloomberg Barclays US Aggregate Bond, total return",Morningstar,AGG (col. F),BOND-2,socle historique (CSV redistribué),0
1977-11-30,EXUS,13.227000,-0.002112,"MSCI World ex USA, gross total return, USD",MSCI,WORLD ex USA (col. C),EXUS-1,socle historique (CSV redistribué),0
1977-11-30,TBILL,3.472742,0.005000,US 1-month Treasury bill,Kenneth French Data Library,"F-F_Research_Data_Factors, colonne RF",TBILL-1,source unique continue (aucun raccord),0
1977-11-30,US,59.132000,0.031630,Ibbotson US Large Cap total return,Morningstar / Ibbotson SBBI,Large Caps (col. H),US-1,socle historique (CSV redistribué),0
1977-12-31,BOND,119.110000,-0.004430,"Bloomberg Barclays US Aggregate Bond, total return",Morningstar,AGG (col. F),BOND-2,socle historique (CSV redistribué),0
1977-12-31,EXUS,13.742000,0.038936,"MSCI World ex USA, gross total return, USD",MSCI,WORLD ex USA (col. C),EXUS-1,socle historique (CSV redistribué),0
1977-12-31,TBILL,3.489759,0.004900,US 1-month Treasury bill,Kenneth French Data Library,"F-F_Research_Data_Factors, colonne RF",TBILL-1,source unique continue (aucun raccord),0
1977-12-31,US,59.573000,0.007458,Ibbotson US Large Cap total return,Morningstar / Ibbotson SBBI,Large Caps (col. H),US-1,socle historique (CSV redistribué),0
1978-01-31,BOND,118.830000,-0.002351,"Bloomberg Barclays US Aggregate Bond, total return",Morningstar,AGG (col. F),BOND-2,socle historique (CSV redistribué),0
1978-01-31,EXUS,13.840000,0.007131,"MSCI World ex USA, gross total return, USD",MSCI,WORLD ex USA (col. C),EXUS-1,socle historique (CSV redistribué),0
1978-01-31,TBILL,3.506858,0.004900,US 1-month Treasury bill,Kenneth French Data Library,"F-F_Research_Data_Factors, colonne RF",TBILL-1,source unique continue (aucun raccord),0
1978-01-31,US,56.153000,-0.057409,Ibbotson US Large Cap total return,Morningstar / Ibbotson SBBI,Large Caps (col. H),US-1,socle historique (CSV redistribué),0
1978-02-28,BOND,119.290000,0.003871,"Bloomberg Barclays US Aggregate Bond, total return",Morningstar,AGG (col. F),BOND-2,socle historique (CSV redistribué),0
1978-02-28,EXUS,13.988000,0.010694,"MSCI World ex USA, gross total return, USD",MSCI,WORLD ex USA (col. C),EXUS-1,socle historique (CSV redistribué),0
1978-02-28,TBILL,3.522990,0.004600,US 1-month Treasury bill,Kenneth French Data Library,"F-F_Research_Data_Factors, colonne RF",TBILL-1,source unique continue (aucun raccord),0
1978-02-28,US,55.015000,-0.020266,Ibbotson US Large Cap total return,Morningstar / Ibbotson SBBI,Large Caps (col. H),US-1,socle historique (CSV redistribué),0
1978-03-31,BOND,119.670000,0.003186,"Bloomberg Barclays US Aggregate Bond, total return",Morningstar,AGG (col. F),BOND-2,socle historique (CSV redistribué),0
1978-03-31,EXUS,14.967000,0.069989,"MSCI World ex USA, gross total return, USD",MSCI,WORLD ex USA (col. C),EXUS-1,socle historique (CSV redistribué),0
1978-03-31,TBILL,3.541662,0.005300,US 1-month Treasury bill,Kenneth French Data Library,"F-F_Research_Data_Factors, colonne RF",TBILL-1,source unique continue (aucun raccord),0
1978-03-31,US,56.632000,0.029392,Ibbotson US Large Cap total return,Morningstar / Ibbotson SBBI,Large Caps (col. H),US-1,socle historique (CSV redistribué),0
1978-04-30,BOND,119.840000,0.001421,"Bloomberg Barclays US Aggregate Bond, total return",Morningstar,AGG (col. F),BOND-2,socle historique (CSV redistribué),0
1978-04-30,EXUS,14.882000,-0.005679,"MSCI World ex USA, gross total return, USD",MSCI,WORLD ex USA (col. C),EXUS-1,socle historique (CSV redistribué),0
1978-04-30,TBILL,3.560787,0.005400,US 1-month Treasury bill,Kenneth French Data Library,"F-F_Research_Data_Factors, colonne RF",TBILL-1,source unique continue (aucun raccord),0
1978-04-30,US,61.743000,0.090249,Ibbotson US Large Cap total return,Morningstar / Ibbotson SBBI,Large Caps (col. H),US-1,socle historique (CSV redistribué),0
1978-05-31,BOND,119.300000,-0.004506,"Bloomberg Barclays US Aggregate Bond, total return",Morningstar,AGG (col. F),BOND-2,socle historique (CSV redistribué),0
1978-05-31,EXUS,15.242000,0.024190,"MSCI World ex USA, gross total return, USD",MSCI,WORLD ex USA (col. C),EXUS-1,socle historique (CSV redistribué),0
1978-05-31,TBILL,3.578947,0.005100,US 1-month Treasury bill,Kenneth French Data Library,"F-F_Research_Data_Factors, colonne RF",TBILL-1,source unique continue (aucun raccord),0
1978-05-31,US,62.311000,0.009199,Ibbotson US Large Cap total return,Morningstar / Ibbotson SBBI,Large Caps (col. H),US-1,socle historique (CSV redistribué),0
1978-06-30,BOND,119.270000,-0.000251,"Bloomberg Barclays US Aggregate Bond, total return",Morningstar,AGG (col. F),BOND-2,socle historique (CSV redistribué),0
1978-06-30,EXUS,15.867000,0.041005,"MSCI World ex USA, gross total return, USD",MSCI,WORLD ex USA (col. C),EXUS-1,socle historique (CSV redistribué),0
1978-06-30,TBILL,3.598273,0.005400,US 1-month Treasury bill,Kenneth French Data Library,"F-F_Research_Data_Factors, colonne RF",TBILL-1,source unique continue (aucun raccord),0
1978-06-30,US,61.452000,-0.013786,Ibbotson US Large Cap total return,Morningstar / Ibbotson SBBI,Large Caps (col. H),US-1,socle historique (CSV redistribué),0
1978-07-31,BOND,120.630000,0.011403,"Bloomberg Barclays US Aggregate Bond, total return",Morningstar,AGG (col. F),BOND-2,socle historique (CSV redistribué),0
1978-07-31,EXUS,17.236000,0.086280,"MSCI World ex USA, gross total return, USD",MSCI,WORLD ex USA (col. C),EXUS-1,socle historique (CSV redistribué),0
1978-07-31,TBILL,3.618423,0.005600,US 1-month Treasury bill,Kenneth French Data Library,"F-F_Research_Data_Factors, colonne RF",TBILL-1,source unique continue (aucun raccord),0
1978-07-31,US,65.036000,0.058322,Ibbotson US Large Cap total return,Morningstar / Ibbotson SBBI,Large Caps (col. H),US-1,socle historique (CSV redistribué),0
1978-08-31,BOND,122.540000,0.015834,"Bloomberg Barclays US Aggregate Bond, total return",Morningstar,AGG (col. F),BOND-2,socle historique (CSV redistribué),0
1978-08-31,EXUS,17.596000,0.020887,"MSCI World ex USA, gross total return, USD",MSCI,WORLD ex USA (col. C),EXUS-1,socle historique (CSV redistribué),0
1978-08-31,TBILL,3.638687,0.005600,US 1-month Treasury bill,Kenneth French Data Library,"F-F_Research_Data_Factors, colonne RF",TBILL-1,source unique continue (aucun raccord),0
1978-08-31,US,66.993000,0.030091,Ibbotson US Large Cap total return,Morningstar / Ibbotson SBBI,Large Caps (col. H),US-1,socle historique (CSV redistribué),0
1978-09-30,BOND,122.490000,-0.000408,"Bloomberg Barclays US Aggregate Bond, total return",Morningstar,AGG (col. F),BOND-2,socle historique (CSV redistribué),0
1978-09-30,EXUS,18.124000,0.030007,"MSCI World ex USA, gross total return, USD",MSCI,WORLD ex USA (col. C),EXUS-1,socle historique (CSV redistribué),0
1978-09-30,TBILL,3.661246,0.006200,US 1-month Treasury bill,Kenneth French Data Library,"F-F_Research_Data_Factors, colonne RF",TBILL-1,source unique continue (aucun raccord),0
1978-09-30,US,66.779000,-0.003194,Ibbotson US Large Cap total return,Morningstar / Ibbotson SBBI,Large Caps (col. H),US-1,socle historique (CSV redistribué),0
1978-10-31,BOND,120.760000,-0.014124,"Bloomberg Barclays US Aggregate Bond, total return",Morningstar,AGG (col. F),BOND-2,socle historique (CSV redistribué),0
1978-10-31,EXUS,19.016000,0.049217,"MSCI World ex USA, gross total return, USD",MSCI,WORLD ex USA (col. C),EXUS-1,socle historique (CSV redistribué),0
1978-10-31,TBILL,3.686143,0.006800,US 1-month Treasury bill,Kenneth French Data Library,"F-F_Research_Data_Factors, colonne RF",TBILL-1,source unique continue (aucun raccord),0
1978-10-31,US,60.956000,-0.087198,Ibbotson US Large Cap total return,Morningstar / Ibbotson SBBI,Large Caps (col. H),US-1,socle historique (CSV redistribué),0
1978-11-30,BOND,121.940000,0.009771,"Bloomberg Barclays US Aggregate Bond, total return",Morningstar,AGG (col. F),BOND-2,socle historique (CSV redistribué),0
1978-11-30,EXUS,17.437000,-0.083035,"MSCI World ex USA, gross total return, USD",MSCI,WORLD ex USA (col. C),EXUS-1,socle historique (CSV redistribué),0
1978-11-30,TBILL,3.711946,0.007000,US 1-month Treasury bill,Kenneth French Data Library,"F-F_Research_Data_Factors, colonne RF",TBILL-1,source unique continue (aucun raccord),0
1978-11-30,US,62.265000,0.021475,Ibbotson US Large Cap total return,Morningstar / Ibbotson SBBI,Large Caps (col. H),US-1,socle historique (CSV redistribué),0
1978-12-31,BOND,120.770000,-0.009595,"Bloomberg Barclays US Aggregate Bond, total return",Morningstar,AGG (col. F),BOND-2,socle historique (CSV redistribué),0
1978-12-31,EXUS,18.290000,0.048919,"MSCI World ex USA, gross total return, USD",MSCI,WORLD ex USA (col. C),EXUS-1,socle historique (CSV redistribué),0
1978-12-31,TBILL,3.740899,0.007800,US 1-month Treasury bill,Kenneth French Data Library,"F-F_Research_Data_Factors, colonne RF",TBILL-1,source unique continue (aucun raccord),0
1978-12-31,US,63.488000,0.019642,Ibbotson US Large Cap total return,Morningstar / Ibbotson SBBI,Large Caps (col. H),US-1,socle historique (CSV redistribué),0
1979-01-31,BOND,123.030000,0.018713,"Bloomberg Barclays US Aggregate Bond, total return",Morningstar,AGG (col. F),BOND-2,socle historique (CSV redistribué),0
1979-01-31,EXUS,18.442000,0.008311,"MSCI World ex USA, gross total return, USD",MSCI,WORLD ex USA (col. C),EXUS-1,socle historique (CSV redistribué),0
1979-01-31,TBILL,3.769704,0.007700,US 1-month Treasury bill,Kenneth French Data Library,"F-F_Research_Data_Factors, colonne RF",TBILL-1,source unique continue (aucun raccord),0
1979-01-31,US,66.302000,0.044323,Ibbotson US Large Cap total return,Morningstar / Ibbotson SBBI,Large Caps (col. H),US-1,socle historique (CSV redistribué),0
1979-02-28,BOND,122.510000,-0.004227,"Bloomberg Barclays US Aggregate Bond, total return",Morningstar,AGG (col. F),BOND-2,socle historique (CSV redistribué),0
1979-02-28,EXUS,18.420000,-0.001193,"MSCI World ex USA, gross total return, USD",MSCI,WORLD ex USA (col. C),EXUS-1,socle historique (CSV redistribué),0
1979-02-28,TBILL,3.797223,0.007300,US 1-month Treasury bill,Kenneth French Data Library,"F-F_Research_Data_Factors, colonne RF",TBILL-1,source unique continue (aucun raccord),0
1979-02-28,US,64.173000,-0.032111,Ibbotson US Large Cap total return,Morningstar / Ibbotson SBBI,Large Caps (col. H),US-1,socle historique (CSV redistribué),0
1979-03-31,BOND,123.770000,0.010285,"Bloomberg Barclays US Aggregate Bond, total return",Morningstar,AGG (col. F),BOND-2,socle historique (CSV redistribué),0
1979-03-31,EXUS,18.947000,0.028610,"MSCI World ex USA, gross total return, USD",MSCI,WORLD ex USA (col. C),EXUS-1,socle historique (CSV redistribué),0
1979-03-31,TBILL,3.827980,0.008100,US 1-month Treasury bill,Kenneth French Data Library,"F-F_Research_Data_Factors, colonne RF",TBILL-1,source unique continue (aucun raccord),0
1979-03-31,US,67.999000,0.059620,Ibbotson US Large Cap total return,Morningstar / Ibbotson SBBI,Large Caps (col. H),US-1,socle historique (CSV redistribué),0
1979-04-30,BOND,123.570000,-0.001616,"Bloomberg Barclays US Aggregate Bond, total return",Morningstar,AGG (col. F),BOND-2,socle historique (CSV redistribué),0
1979-04-30,EXUS,18.930000,-0.000897,"MSCI World ex USA, gross total return, USD",MSCI,WORLD ex USA (col. C),EXUS-1,socle historique (CSV redistribué),0
1979-04-30,TBILL,3.858604,0.008000,US 1-month Treasury bill,Kenneth French Data Library,"F-F_Research_Data_Factors, colonne RF",TBILL-1,source unique continue (aucun raccord),0
1979-04-30,US,68.635000,0.009353,Ibbotson US Large Cap total return,Morningstar / Ibbotson SBBI,Large Caps (col. H),US-1,socle historique (CSV redistribué),0
1979-05-31,BOND,125.880000,0.018694,"Bloomberg Barclays US Aggregate Bond, total return",Morningstar,AGG (col. F),BOND-2,socle historique (CSV redistribué),0
1979-05-31,EXUS,18.679000,-0.013259,"MSCI World ex USA, gross total return, USD",MSCI,WORLD ex USA (col. C),EXUS-1,socle historique (CSV redistribué),0
1979-05-31,TBILL,3.890245,0.008200,US 1-month Treasury bill,Kenneth French Data Library,"F-F_Research_Data_Factors, colonne RF",TBILL-1,source unique continue (aucun raccord),0
1979-05-31,US,66.941000,-0.024681,Ibbotson US Large Cap total return,Morningstar / Ibbotson SBBI,Large Caps (col. H),US-1,socle historique (CSV redistribué),0
1979-06-30,BOND,128.620000,0.021767,"Bloomberg Barclays US Aggregate Bond, total return",Morningstar,AGG (col. F),BOND-2,socle historique (CSV redistribué),0
1979-06-30,EXUS,19.080000,0.021468,"MSCI World ex USA, gross total return, USD",MSCI,WORLD ex USA (col. C),EXUS-1,socle historique (CSV redistribué),0
1979-06-30,TBILL,3.921756,0.008100,US 1-month Treasury bill,Kenneth French Data Library,"F-F_Research_Data_Factors, colonne RF",TBILL-1,source unique continue (aucun raccord),0
1979-06-30,US,69.852000,0.043486,Ibbotson US Large Cap total return,Morningstar / Ibbotson SBBI,Large Caps (col. H),US-1,socle historique (CSV redistribué),0
1979-07-31,BOND,128.680000,0.000466,"Bloomberg Barclays US Aggregate Bond, total return",Morningstar,AGG (col. F),BOND-2,socle historique (CSV redistribué),0
1979-07-31,EXUS,19.196000,0.006080,"MSCI World ex USA, gross total return, USD",MSCI,WORLD ex USA (col. C),EXUS-1,socle historique (CSV redistribué),0
1979-07-31,TBILL,3.951953,0.007700,US 1-month Treasury bill,Kenneth French Data Library,"F-F_Research_Data_Factors, colonne RF",TBILL-1,source unique continue (aucun raccord),0
1979-07-31,US,70.790000,0.013428,Ibbotson US Large Cap total return,Morningstar / Ibbotson SBBI,Large Caps (col. H),US-1,socle historique (CSV redistribué),0
1979-08-31,BOND,128.350000,-0.002565,"Bloomberg Barclays US Aggregate Bond, total return",Morningstar,AGG (col. F),BOND-2,socle historique (CSV redistribué),0
1979-08-31,EXUS,19.830000,0.033028,"MSCI World ex USA, gross total return, USD",MSCI,WORLD ex USA (col. C),EXUS-1,socle historique (CSV redistribué),0
1979-08-31,TBILL,3.982383,0.007700,US 1-month Treasury bill,Kenneth French Data Library,"F-F_Research_Data_Factors, colonne RF",TBILL-1,source unique continue (aucun raccord),0
1979-08-31,US,74.874000,0.057692,Ibbotson US Large Cap total return,Morningstar / Ibbotson SBBI,Large Caps (col. H),US-1,socle historique (CSV redistribué),0
1979-09-30,BOND,127.010000,-0.010440,"Bloomberg Barclays US Aggregate Bond, total return",Morningstar,AGG (col. F),BOND-2,socle historique (CSV redistribué),0
1979-09-30,EXUS,20.798000,0.048815,"MSCI World ex USA, gross total return, USD",MSCI,WORLD ex USA (col. C),EXUS-1,socle historique (CSV redistribué),0
1979-09-30,TBILL,4.015437,0.008300,US 1-month Treasury bill,Kenneth French Data Library,"F-F_Research_Data_Factors, colonne RF",TBILL-1,source unique continue (aucun raccord),0
1979-09-30,US,75.196000,0.004301,Ibbotson US Large Cap total return,Morningstar / Ibbotson SBBI,Large Caps (col. H),US-1,socle historique (CSV redistribué),0
1979-10-31,BOND,119.290000,-0.060783,"Bloomberg Barclays US Aggregate Bond, total return",Morningstar,AGG (col. F),BOND-2,socle historique (CSV redistribué),0
1979-10-31,EXUS,19.088000,-0.082219,"MSCI World ex USA, gross total return, USD",MSCI,WORLD ex USA (col. C),EXUS-1,socle historique (CSV redistribué),0
1979-10-31,TBILL,4.050371,0.008700,US 1-month Treasury bill,Kenneth French Data Library,"F-F_Research_Data_Factors, colonne RF",TBILL-1,source unique continue (aucun raccord),0
1979-10-31,US,70.381000,-0.064033,Ibbotson US Large Cap total return,Morningstar / Ibbotson SBBI,Large Caps (col. H),US-1,socle historique (CSV redistribué),0
1979-11-30,BOND,122.770000,0.029173,"Bloomberg Barclays US Aggregate Bond, total return",Morningstar,AGG (col. F),BOND-2,socle historique (CSV redistribué),0
1979-11-30,EXUS,19.522000,0.022737,"MSCI World ex USA, gross total return, USD",MSCI,WORLD ex USA (col. C),EXUS-1,socle historique (CSV redistribué),0
1979-11-30,TBILL,4.090470,0.009900,US 1-month Treasury bill,Kenneth French Data Library,"F-F_Research_Data_Factors, colonne RF",TBILL-1,source unique continue (aucun raccord),0
1979-11-30,US,73.727000,0.047541,Ibbotson US Large Cap total return,Morningstar / Ibbotson SBBI,Large Caps (col. H),US-1,socle historique (CSV redistribué),0
1979-12-31,BOND,123.100000,0.002688,"Bloomberg Barclays US Aggregate Bond, total return",Morningstar,AGG (col. F),BOND-2,socle historique (CSV redistribué),0
1979-12-31,EXUS,20.291000,0.039391,"MSCI World ex USA, gross total return, USD",MSCI,WORLD ex USA (col. C),EXUS-1,socle historique (CSV redistribué),0
1979-12-31,TBILL,4.129330,0.009500,US 1-month Treasury bill,Kenneth French Data Library,"F-F_Research_Data_Factors, colonne RF",TBILL-1,source unique continue (aucun raccord),0
1979-12-31,US,75.303000,0.021376,Ibbotson US Large Cap total return,Morningstar / Ibbotson SBBI,Large Caps (col. H),US-1,socle historique (CSV redistribué),0
1980-01-31,BOND,119.350000,-0.030463,"Bloomberg Barclays US Aggregate Bond, total return",Morningstar,AGG (col. F),BOND-2,socle historique (CSV redistribué),0
1980-01-31,EXUS,21.559000,0.062491,"MSCI World ex USA, gross total return, USD",MSCI,WORLD ex USA (col. C),EXUS-1,socle historique (CSV redistribué),0
1980-01-31,TBILL,4.162364,0.008000,US 1-month Treasury bill,Kenneth French Data Library,"F-F_Research_Data_Factors, colonne RF",TBILL-1,source unique continue (aucun raccord),0
1980-01-31,US,79.984000,0.062162,Ibbotson US Large Cap total return,Morningstar / Ibbotson SBBI,Large Caps (col. H),US-1,socle historique (CSV redistribué),0
1980-02-29,BOND,112.290000,-0.059154,"Bloomberg Barclays US Aggregate Bond, total return",Morningstar,AGG (col. F),BOND-2,socle historique (CSV redistribué),0
1980-02-29,EXUS,21.836000,0.012848,"MSCI World ex USA, gross total return, USD",MSCI,WORLD ex USA (col. C),EXUS-1,socle historique (CSV redistribué),0
1980-02-29,TBILL,4.199409,0.008900,US 1-month Treasury bill,Kenneth French Data Library,"F-F_Research_Data_Factors, colonne RF",TBILL-1,source unique continue (aucun raccord),0
1980-02-29,US,79.977000,-0.000088,Ibbotson US Large Cap total return,Morningstar / Ibbotson SBBI,Large Caps (col. H),US-1,socle historique (CSV redistribué),0
1980-03-31,BOND,112.380000,0.000801,"Bloomberg Barclays US Aggregate Bond, total return",Morningstar,AGG (col. F),BOND-2,socle historique (CSV redistribué),0
1980-03-31,EXUS,19.135000,-0.123695,"MSCI World ex USA, gross total return, USD",MSCI,WORLD ex USA (col. C),EXUS-1,socle historique (CSV redistribué),0
1980-03-31,TBILL,4.250222,0.012100,US 1-month Treasury bill,Kenneth French Data Library,"F-F_Research_Data_Factors, colonne RF",TBILL-1,source unique continue (aucun raccord),0
1980-03-31,US,72.202000,-0.097215,Ibbotson US Large Cap total return,Morningstar / Ibbotson SBBI,Large Caps (col. H),US-1,socle historique (CSV redistribué),0
1980-04-30,BOND,125.120000,0.113365,"Bloomberg Barclays US Aggregate Bond, total return",Morningstar,AGG (col. F),BOND-2,socle historique (CSV redistribué),0
1980-04-30,EXUS,20.857000,0.089992,"MSCI World ex USA, gross total return, USD",MSCI,WORLD ex USA (col. C),EXUS-1,socle historique (CSV redistribué),0
1980-04-30,TBILL,4.303775,0.012600,US 1-month Treasury bill,Kenneth French Data Library,"F-F_Research_Data_Factors, colonne RF",TBILL-1,source unique continue (aucun raccord),0
1980-04-30,US,75.540000,0.046231,Ibbotson US Large Cap total return,Morningstar / Ibbotson SBBI,Large Caps (col. H),US-1,socle historique (CSV redistribué),0
1980-05-31,BOND,131.020000,0.047155,"Bloomberg Barclays US Aggregate Bond, total return",Morningstar,AGG (col. F),BOND-2,socle historique (CSV redistribué),0
1980-05-31,EXUS,21.959000,0.052836,"MSCI World ex USA, gross total return, USD",MSCI,WORLD ex USA (col. C),EXUS-1,socle historique (CSV redistribué),0
1980-05-31,TBILL,4.338635,0.008100,US 1-month Treasury bill,Kenneth French Data Library,"F-F_Research_Data_Factors, colonne RF",TBILL-1,source unique continue (aucun raccord),0
1980-05-31,US,79.428000,0.051469,Ibbotson US Large Cap total return,Morningstar / Ibbotson SBBI,Large Caps (col. H),US-1,socle historique (CSV redistribué),0
1980-06-30,BOND,133.490000,0.018852,"Bloomberg Barclays US Aggregate Bond, total return",Morningstar,AGG (col. F),BOND-2,socle historique (CSV redistribué),0
1980-06-30,EXUS,23.385000,0.064939,"MSCI World ex USA, gross total return, USD",MSCI,WORLD ex USA (col. C),EXUS-1,socle historique (CSV redistribué),0
1980-06-30,TBILL,4.365101,0.006100,US 1-month Treasury bill,Kenneth French Data Library,"F-F_Research_Data_Factors, colonne RF",TBILL-1,source unique continue (aucun raccord),0
1980-06-30,US,81.941000,0.031639,Ibbotson US Large Cap total return,Morningstar / Ibbotson SBBI,Large Caps (col. H),US-1,socle historique (CSV redistribué),0
1980-07-31,BOND,130.730000,-0.020676,"Bloomberg Barclays US Aggregate Bond, total return",Morningstar,AGG (col. F),BOND-2,socle historique (CSV redistribué),0
1980-07-31,EXUS,23.400000,0.000641,"MSCI World ex USA, gross total return, USD",MSCI,WORLD ex USA (col. C),EXUS-1,socle historique (CSV redistribué),0
1980-07-31,TBILL,4.388236,0.005300,US 1-month Treasury bill,Kenneth French Data Library,"F-F_Research_Data_Factors, colonne RF",TBILL-1,source unique continue (aucun raccord),0
1980-07-31,US,87.643000,0.069587,Ibbotson US Large Cap total return,Morningstar / Ibbotson SBBI,Large Caps (col. H),US-1,socle historique (CSV redistribué),0
1980-08-31,BOND,126.050000,-0.035799,"Bloomberg Barclays US Aggregate Bond, total return",Morningstar,AGG (col. F),BOND-2,socle historique (CSV redistribué),0
1980-08-31,EXUS,24.203000,0.034316,"MSCI World ex USA, gross total return, USD",MSCI,WORLD ex USA (col. C),EXUS-1,socle historique (CSV redistribué),0
1980-08-31,TBILL,4.416321,0.006400,US 1-month Treasury bill,Kenneth French Data Library,"F-F_Research_Data_Factors, colonne RF",TBILL-1,source unique continue (aucun raccord),0
1980-08-31,US,88.529000,0.010109,Ibbotson US Large Cap total return,Morningstar / Ibbotson SBBI,Large Caps (col. H),US-1,socle historique (CSV redistribué),0
1980-09-30,BOND,124.730000,-0.010472,"Bloomberg Barclays US Aggregate Bond, total return",Morningstar,AGG (col. F),BOND-2,socle historique (CSV redistribué),0
1980-09-30,EXUS,25.098000,0.036979,"MSCI World ex USA, gross total return, USD",MSCI,WORLD ex USA (col. C),EXUS-1,socle historique (CSV redistribué),0
1980-09-30,TBILL,4.449443,0.007500,US 1-month Treasury bill,Kenneth French Data Library,"F-F_Research_Data_Factors, colonne RF",TBILL-1,source unique continue (aucun raccord),0
1980-09-30,US,91.133000,0.029414,Ibbotson US Large Cap total return,Morningstar / Ibbotson SBBI,Large Caps (col. H),US-1,socle historique (CSV redistribué),0
1980-10-31,BOND,123.300000,-0.011465,"Bloomberg Barclays US Aggregate Bond, total return",Morningstar,AGG (col. F),BOND-2,socle historique (CSV redistribué),0
1980-10-31,EXUS,25.978000,0.035063,"MSCI World ex USA, gross total return, USD",MSCI,WORLD ex USA (col. C),EXUS-1,socle historique (CSV redistribué),0
1980-10-31,TBILL,4.491713,0.009500,US 1-month Treasury bill,Kenneth French Data Library,"F-F_Research_Data_Factors, colonne RF",TBILL-1,source unique continue (aucun raccord),0
1980-10-31,US,92.978000,0.020245,Ibbotson US Large Cap total return,Morningstar / Ibbotson SBBI,Large Caps (col. H),US-1,socle historique (CSV redistribué),0
1980-11-30,BOND,123.070000,-0.001865,"Bloomberg Barclays US Aggregate Bond, total return",Morningstar,AGG (col. F),BOND-2,socle historique (CSV redistribué),0
1980-11-30,EXUS,25.610000,-0.014166,"MSCI World ex USA, gross total return, USD",MSCI,WORLD ex USA (col. C),EXUS-1,socle historique (CSV redistribué),0
1980-11-30,TBILL,4.534833,0.009600,US 1-month Treasury bill,Kenneth French Data Library,"F-F_Research_Data_Factors, colonne RF",TBILL-1,source unique continue (aucun raccord),0
1980-11-30,US,102.884000,0.106541,Ibbotson US Large Cap total return,Morningstar / Ibbotson SBBI,Large Caps (col. H),US-1,socle historique (CSV redistribué),0
1980-12-31,BOND,126.430000,0.027302,"Bloomberg Barclays US Aggregate Bond, total return",Morningstar,AGG (col. F),BOND-2,socle historique (CSV redistribué),0
1980-12-31,EXUS,25.453000,-0.006130,"MSCI World ex USA, gross total return, USD",MSCI,WORLD ex USA (col. C),EXUS-1,socle historique (CSV redistribué),0
1980-12-31,TBILL,4.594240,0.013100,US 1-month Treasury bill,Kenneth French Data Library,"F-F_Research_Data_Factors, colonne RF",TBILL-1,source unique continue (aucun raccord),0
1980-12-31,US,99.780000,-0.030170,Ibbotson US Large Cap total return,Morningstar / Ibbotson SBBI,Large Caps (col. H),US-1,socle historique (CSV redistribué),0
1981-01-31,BOND,126.490000,0.000475,"Bloomberg Barclays US Aggregate Bond, total return",Morningstar,AGG (col. F),BOND-2,socle historique (CSV redistribué),0
1981-01-31,EXUS,24.978000,-0.018662,"MSCI World ex USA, gross total return, USD",MSCI,WORLD ex USA (col. C),EXUS-1,socle historique (CSV redistribué),0
1981-01-31,TBILL,4.642020,0.010400,US 1-month Treasury bill,Kenneth French Data Library,"F-F_Research_Data_Factors, colonne RF",TBILL-1,source unique continue (aucun raccord),0
1981-01-31,US,95.605000,-0.041842,Ibbotson US Large Cap total return,Morningstar / Ibbotson SBBI,Large Caps (col. H),US-1,socle historique (CSV redistribué),0
1981-02-28,BOND,124.090000,-0.018974,"Bloomberg Barclays US Aggregate Bond, total return",Morningstar,AGG (col. F),BOND-2,socle historique (CSV redistribué),0
1981-02-28,EXUS,24.657000,-0.012851,"MSCI World ex USA, gross total return, USD",MSCI,WORLD ex USA (col. C),EXUS-1,socle historique (CSV redistribué),0
1981-02-28,TBILL,4.691690,0.010700,US 1-month Treasury bill,Kenneth French Data Library,"F-F_Research_Data_Factors, colonne RF",TBILL-1,source unique continue (aucun raccord),0
1981-02-28,US,97.265000,0.017363,Ibbotson US Large Cap total return,Morningstar / Ibbotson SBBI,Large Caps (col. H),US-1,socle historique (CSV redistribué),0
1981-03-31,BOND,127.040000,0.023773,"Bloomberg Barclays US Aggregate Bond, total return",Morningstar,AGG (col. F),BOND-2,socle historique (CSV redistribué),0
1981-03-31,EXUS,25.650000,0.040273,"MSCI World ex USA, gross total return, USD",MSCI,WORLD ex USA (col. C),EXUS-1,socle historique (CSV redistribué),0
1981-03-31,TBILL,4.748459,0.012100,US 1-month Treasury bill,Kenneth French Data Library,"F-F_Research_Data_Factors, colonne RF",TBILL-1,source unique continue (aucun raccord),0
1981-03-31,US,101.155000,0.039994,Ibbotson US Large Cap total return,Morningstar / Ibbotson SBBI,Large Caps (col. H),US-1,socle historique (CSV redistribué),0
1981-04-30,BOND,122.510000,-0.035658,"Bloomberg Barclays US Aggregate Bond, total return",Morningstar,AGG (col. F),BOND-2,socle historique (CSV redistribué),0
1981-04-30,EXUS,26.209000,0.021793,"MSCI World ex USA, gross total return, USD",MSCI,WORLD ex USA (col. C),EXUS-1,socle historique (CSV redistribué),0
1981-04-30,TBILL,4.799742,0.010800,US 1-month Treasury bill,Kenneth French Data Library,"F-F_Research_Data_Factors, colonne RF",TBILL-1,source unique continue (aucun raccord),0
1981-04-30,US,99.199000,-0.019337,Ibbotson US Large Cap total return,Morningstar / Ibbotson SBBI,Large Caps (col. H),US-1,socle historique (CSV redistribué),0
1981-05-31,BOND,126.910000,0.035915,"Bloomberg Barclays US Aggregate Bond, total return",Morningstar,AGG (col. F),BOND-2,socle historique (CSV redistribué),0
1981-05-31,EXUS,25.322000,-0.033843,"MSCI World ex USA, gross total return, USD",MSCI,WORLD ex USA (col. C),EXUS-1,socle historique (CSV redistribué),0
1981-05-31,TBILL,4.854939,0.011500,US 1-month Treasury bill,Kenneth French Data Library,"F-F_Research_Data_Factors, colonne RF",TBILL-1,source unique continue (aucun raccord),0
1981-05-31,US,99.453000,0.002561,Ibbotson US Large Cap total return,Morningstar / Ibbotson SBBI,Large Caps (col. H),US-1,socle historique (CSV redistribué),0
1981-06-30,BOND,126.620000,-0.002285,"Bloomberg Barclays US Aggregate Bond, total return",Morningstar,AGG (col. F),BOND-2,socle historique (CSV redistribué),0
1981-06-30,EXUS,25.345000,0.000908,"MSCI World ex USA, gross total return, USD",MSCI,WORLD ex USA (col. C),EXUS-1,socle historique (CSV redistribué),0
1981-06-30,TBILL,4.920481,0.013500,US 1-month Treasury bill,Kenneth French Data Library,"F-F_Research_Data_Factors, colonne RF",TBILL-1,source unique continue (aucun raccord),0
1981-06-30,US,98.831000,-0.006254,Ibbotson US Large Cap total return,Morningstar / Ibbotson SBBI,Large Caps (col. H),US-1,socle historique (CSV redistribué),0
1981-07-31,BOND,124.180000,-0.019270,"Bloomberg Barclays US Aggregate Bond, total return",Morningstar,AGG (col. F),BOND-2,socle historique (CSV redistribué),0
1981-07-31,EXUS,24.330000,-0.040047,"MSCI World ex USA, gross total return, USD",MSCI,WORLD ex USA (col. C),EXUS-1,socle historique (CSV redistribué),0
1981-07-31,TBILL,4.981495,0.012400,US 1-month Treasury bill,Kenneth French Data Library,"F-F_Research_Data_Factors, colonne RF",TBILL-1,source unique continue (aucun raccord),0
1981-07-31,US,99.033000,0.002044,Ibbotson US Large Cap total return,Morningstar / Ibbotson SBBI,Large Caps (col. H),US-1,socle historique (CSV redistribué),0
1981-08-31,BOND,121.560000,-0.021098,"Bloomberg Barclays US Aggregate Bond, total return",Morningstar,AGG (col. F),BOND-2,socle historique (CSV redistribué),0
1981-08-31,EXUS,24.915000,0.024044,"MSCI World ex USA, gross total return, USD",MSCI,WORLD ex USA (col. C),EXUS-1,socle historique (CSV redistribué),0
1981-08-31,TBILL,5.045258,0.012800,US 1-month Treasury bill,Kenneth French Data Library,"F-F_Research_Data_Factors, colonne RF",TBILL-1,source unique continue (aucun raccord),0
1981-08-31,US,93.316000,-0.057728,Ibbotson US Large Cap total return,Morningstar / Ibbotson SBBI,Large Caps (col. H),US-1,socle historique (CSV redistribué),0
1981-09-30,BOND,121.480000,-0.000658,"Bloomberg Barclays US Aggregate Bond, total return",Morningstar,AGG (col. F),BOND-2,socle historique (CSV redistribué),0
1981-09-30,EXUS,22.377000,-0.101866,"MSCI World ex USA, gross total return, USD",MSCI,WORLD ex USA (col. C),EXUS-1,socle historique (CSV redistribué),0
1981-09-30,TBILL,5.107819,0.012400,US 1-month Treasury bill,Kenneth French Data Library,"F-F_Research_Data_Factors, colonne RF",TBILL-1,source unique continue (aucun raccord),0
1981-09-30,US,88.717000,-0.049284,Ibbotson US Large Cap total return,Morningstar / Ibbotson SBBI,Large Caps (col. H),US-1,socle historique (CSV redistribué),0
1981-10-31,BOND,128.590000,0.058528,"Bloomberg Barclays US Aggregate Bond, total return",Morningstar,AGG (col. F),BOND-2,socle historique (CSV redistribué),0
1981-10-31,EXUS,22.653000,0.012334,"MSCI World ex USA, gross total return, USD",MSCI,WORLD ex USA (col. C),EXUS-1,socle historique (CSV redistribué),0
1981-10-31,TBILL,5.169624,0.012100,US 1-month Treasury bill,Kenneth French Data Library,"F-F_Research_Data_Factors, colonne RF",TBILL-1,source unique continue (aucun raccord),0
1981-10-31,US,93.505000,0.053969,Ibbotson US Large Cap total return,Morningstar / Ibbotson SBBI,Large Caps (col. H),US-1,socle historique (CSV redistribué),0
1981-11-30,BOND,139.550000,0.085232,"Bloomberg Barclays US Aggregate Bond, total return",Morningstar,AGG (col. F),BOND-2,socle historique (CSV redistribué),0
1981-11-30,EXUS,25.167000,0.110979,"MSCI World ex USA, gross total return, USD",MSCI,WORLD ex USA (col. C),EXUS-1,socle historique (CSV redistribué),0
1981-11-30,TBILL,5.224939,0.010700,US 1-month Treasury bill,Kenneth French Data Library,"F-F_Research_Data_Factors, colonne RF",TBILL-1,source unique continue (aucun raccord),0
1981-11-30,US,97.364000,0.041271,Ibbotson US Large Cap total return,Morningstar / Ibbotson SBBI,Large Caps (col. H),US-1,socle historique (CSV redistribué),0
1981-12-31,BOND,134.330000,-0.037406,"Bloomberg Barclays US Aggregate Bond, total return",Morningstar,AGG (col. F),BOND-2,socle historique (CSV redistribué),0
1981-12-31,EXUS,24.829000,-0.013430,"MSCI World ex USA, gross total return, USD",MSCI,WORLD ex USA (col. C),EXUS-1,socle historique (CSV redistribué),0
1981-12-31,TBILL,5.270396,0.008700,US 1-month Treasury bill,Kenneth French Data Library,"F-F_Research_Data_Factors, colonne RF",TBILL-1,source unique continue (aucun raccord),0
1981-12-31,US,94.867000,-0.025646,Ibbotson US Large Cap total return,Morningstar / Ibbotson SBBI,Large Caps (col. H),US-1,socle historique (CSV redistribué),0
1982-01-31,BOND,135.180000,0.006328,"Bloomberg Barclays US Aggregate Bond, total return",Morningstar,AGG (col. F),BOND-2,socle historique (CSV redistribué),0
1982-01-31,EXUS,24.435000,-0.015869,"MSCI World ex USA, gross total return, USD",MSCI,WORLD ex USA (col. C),EXUS-1,socle historique (CSV redistribué),0
1982-01-31,TBILL,5.312559,0.008000,US 1-month Treasury bill,Kenneth French Data Library,"F-F_Research_Data_Factors, colonne RF",TBILL-1,source unique continue (aucun raccord),0
1982-01-31,US,93.628000,-0.013060,Ibbotson US Large Cap total return,Morningstar / Ibbotson SBBI,Large Caps (col. H),US-1,socle historique (CSV redistribué),0
1982-02-28,BOND,137.820000,0.019530,"Bloomberg Barclays US Aggregate Bond, total return",Morningstar,AGG (col. F),BOND-2,socle historique (CSV redistribué),0
1982-02-28,EXUS,22.772000,-0.068058,"MSCI World ex USA, gross total return, USD",MSCI,WORLD ex USA (col. C),EXUS-1,socle historique (CSV redistribué),0
1982-02-28,TBILL,5.361435,0.009200,US 1-month Treasury bill,Kenneth French Data Library,"F-F_Research_Data_Factors, colonne RF",TBILL-1,source unique continue (aucun raccord),0
1982-02-28,US,88.395000,-0.055891,Ibbotson US Large Cap total return,Morningstar / Ibbotson SBBI,Large Caps (col. H),US-1,socle historique (CSV redistribué),0
1982-03-31,BOND,139.570000,0.012698,"Bloomberg Barclays US Aggregate Bond, total return",Morningstar,AGG (col. F),BOND-2,socle historique (CSV redistribué),0
1982-03-31,EXUS,21.650000,-0.049271,"MSCI World ex USA, gross total return, USD",MSCI,WORLD ex USA (col. C),EXUS-1,socle historique (CSV redistribué),0
1982-03-31,TBILL,5.413977,0.009800,US 1-month Treasury bill,Kenneth French Data Library,"F-F_Research_Data_Factors, colonne RF",TBILL-1,source unique continue (aucun raccord),0
1982-03-31,US,87.934000,-0.005215,Ibbotson US Large Cap total return,Morningstar / Ibbotson SBBI,Large Caps (col. H),US-1,socle historique (CSV redistribué),0
1982-04-30,BOND,143.480000,0.028015,"Bloomberg Barclays US Aggregate Bond, total return",Morningstar,AGG (col. F),BOND-2,socle historique (CSV redistribué),0
1982-04-30,EXUS,22.895000,0.057506,"MSCI World ex USA, gross total return, USD",MSCI,WORLD ex USA (col. C),EXUS-1,socle historique (CSV redistribué),0
1982-04-30,TBILL,5.475155,0.011300,US 1-month Treasury bill,Kenneth French Data Library,"F-F_Research_Data_Factors, colonne RF",TBILL-1,source unique continue (aucun raccord),0
1982-04-30,US,91.908000,0.045193,Ibbotson US Large Cap total return,Morningstar / Ibbotson SBBI,Large Caps (col. H),US-1,socle historique (CSV redistribué),0
1982-05-31,BOND,145.810000,0.016239,"Bloomberg Barclays US Aggregate Bond, total return",Morningstar,AGG (col. F),BOND-2,socle historique (CSV redistribué),0
1982-05-31,EXUS,22.575000,-0.013977,"MSCI World ex USA, gross total return, USD",MSCI,WORLD ex USA (col. C),EXUS-1,socle historique (CSV redistribué),0
1982-05-31,TBILL,5.533191,0.010600,US 1-month Treasury bill,Kenneth French Data Library,"F-F_Research_Data_Factors, colonne RF",TBILL-1,source unique continue (aucun raccord),0
1982-05-31,US,88.775000,-0.034088,Ibbotson US Large Cap total return,Morningstar / Ibbotson SBBI,Large Caps (col. H),US-1,socle historique (CSV redistribué),0
1982-06-30,BOND,143.520000,-0.015705,"Bloomberg Barclays US Aggregate Bond, total return",Morningstar,AGG (col. F),BOND-2,socle historique (CSV redistribué),0
1982-06-30,EXUS,20.788000,-0.079158,"MSCI World ex USA, gross total return, USD",MSCI,WORLD ex USA (col. C),EXUS-1,socle historique (CSV redistribué),0
1982-06-30,TBILL,5.586310,0.009600,US 1-month Treasury bill,Kenneth French Data Library,"F-F_Research_Data_Factors, colonne RF",TBILL-1,source unique continue (aucun raccord),0
1982-06-30,US,87.442000,-0.015015,Ibbotson US Large Cap total return,Morningstar / Ibbotson SBBI,Large Caps (col. H),US-1,socle historique (CSV redistribué),0
1982-07-31,BOND,149.690000,0.042991,"Bloomberg Barclays US Aggregate Bond, total return",Morningstar,AGG (col. F),BOND-2,socle historique (CSV redistribué),0
1982-07-31,EXUS,20.691000,-0.004666,"MSCI World ex USA, gross total return, USD",MSCI,WORLD ex USA (col. C),EXUS-1,socle historique (CSV redistribué),0
1982-07-31,TBILL,5.644966,0.010500,US 1-month Treasury bill,Kenneth French Data Library,"F-F_Research_Data_Factors, colonne RF",TBILL-1,source unique continue (aucun raccord),0
1982-07-31,US,85.886000,-0.017795,Ibbotson US Large Cap total return,Morningstar / Ibbotson SBBI,Large Caps (col. H),US-1,socle historique (CSV redistribué),0
1982-08-31,BOND,157.860000,0.054579,"Bloomberg Barclays US Aggregate Bond, total return",Morningstar,AGG (col. F),BOND-2,socle historique (CSV redistribué),0
1982-08-31,EXUS,21.017000,0.015756,"MSCI World ex USA, gross total return, USD",MSCI,WORLD ex USA (col. C),EXUS-1,socle historique (CSV redistribué),0
1982-08-31,TBILL,5.687868,0.007600,US 1-month Treasury bill,Kenneth French Data Library,"F-F_Research_Data_Factors, colonne RF",TBILL-1,source unique continue (aucun raccord),0
1982-08-31,US,96.312000,0.121393,Ibbotson US Large Cap total return,Morningstar / Ibbotson SBBI,Large Caps (col. H),US-1,socle historique (CSV redistribué),0
1982-09-30,BOND,164.250000,0.040479,"Bloomberg Barclays US Aggregate Bond, total return",Morningstar,AGG (col. F),BOND-2,socle historique (CSV redistribué),0
1982-09-30,EXUS,20.928000,-0.004235,"MSCI World ex USA, gross total return, USD",MSCI,WORLD ex USA (col. C),EXUS-1,socle historique (CSV redistribué),0
1982-09-30,TBILL,5.716876,0.005100,US 1-month Treasury bill,Kenneth French Data Library,"F-F_Research_Data_Factors, colonne RF",TBILL-1,source unique continue (aucun raccord),0
1982-09-30,US,97.513000,0.012470,Ibbotson US Large Cap total return,Morningstar / Ibbotson SBBI,Large Caps (col. H),US-1,socle historique (CSV redistribué),0
1982-10-31,BOND,172.950000,0.052968,"Bloomberg Barclays US Aggregate Bond, total return",Morningstar,AGG (col. F),BOND-2,socle historique (CSV redistribué),0
1982-10-31,EXUS,21.246000,0.015195,"MSCI World ex USA, gross total return, USD",MSCI,WORLD ex USA (col. C),EXUS-1,socle historique (CSV redistribué),0
1982-10-31,TBILL,5.750606,0.005900,US 1-month Treasury bill,Kenneth French Data Library,"F-F_Research_Data_Factors, colonne RF",TBILL-1,source unique continue (aucun raccord),0
1982-10-31,US,108.736000,0.115092,Ibbotson US Large Cap total return,Morningstar / Ibbotson SBBI,Large Caps (col. H),US-1,socle historique (CSV redistribué),0
1982-11-30,BOND,174.640000,0.009772,"Bloomberg Barclays US Aggregate Bond, total return",Morningstar,AGG (col. F),BOND-2,socle historique (CSV redistribué),0
1982-11-30,EXUS,22.848000,0.075402,"MSCI World ex USA, gross total return, USD",MSCI,WORLD ex USA (col. C),EXUS-1,socle historique (CSV redistribué),0
1982-11-30,TBILL,5.786834,0.006300,US 1-month Treasury bill,Kenneth French Data Library,"F-F_Research_Data_Factors, colonne RF",TBILL-1,source unique continue (aucun raccord),0
1982-11-30,US,113.127000,0.040382,Ibbotson US Large Cap total return,Morningstar / Ibbotson SBBI,Large Caps (col. H),US-1,socle historique (CSV redistribué),0
1982-12-31,BOND,178.150000,0.020098,"Bloomberg Barclays US Aggregate Bond, total return",Morningstar,AGG (col. F),BOND-2,socle historique (CSV redistribué),0
1982-12-31,EXUS,24.764000,0.083859,"MSCI World ex USA, gross total return, USD",MSCI,WORLD ex USA (col. C),EXUS-1,socle historique (CSV redistribué),0
1982-12-31,TBILL,5.825606,0.006700,US 1-month Treasury bill,Kenneth French Data Library,"F-F_Research_Data_Factors, colonne RF",TBILL-1,source unique continue (aucun raccord),0
1982-12-31,US,115.307000,0.019270,Ibbotson US Large Cap total return,Morningstar / Ibbotson SBBI,Large Caps (col. H),US-1,socle historique (CSV redistribué),0
1983-01-31,BOND,178.450000,0.001684,"Bloomberg Barclays US Aggregate Bond, total return",Morningstar,AGG (col. F),BOND-2,socle historique (CSV redistribué),0
1983-01-31,EXUS,24.744000,-0.000808,"MSCI World ex USA, gross total return, USD",MSCI,WORLD ex USA (col. C),EXUS-1,socle historique (CSV redistribué),0
1983-01-31,TBILL,5.865803,0.006900,US 1-month Treasury bill,Kenneth French Data Library,"F-F_Research_Data_Factors, colonne RF",TBILL-1,source unique continue (aucun raccord),0
1983-01-31,US,119.595000,0.037188,Ibbotson US Large Cap total return,Morningstar / Ibbotson SBBI,Large Caps (col. H),US-1,socle historique (CSV redistribué),0
1983-02-28,BOND,183.570000,0.028692,"Bloomberg Barclays US Aggregate Bond, total return",Morningstar,AGG (col. F),BOND-2,socle historique (CSV redistribué),0
1983-02-28,EXUS,25.298000,0.022389,"MSCI World ex USA, gross total return, USD",MSCI,WORLD ex USA (col. C),EXUS-1,socle historique (CSV redistribué),0
1983-02-28,TBILL,5.902171,0.006200,US 1-month Treasury bill,Kenneth French Data Library,"F-F_Research_Data_Factors, colonne RF",TBILL-1,source unique continue (aucun raccord),0
1983-02-28,US,122.337000,0.022927,Ibbotson US Large Cap total return,Morningstar / Ibbotson SBBI,Large Caps (col. H),US-1,socle historique (CSV redistribué),0
1983-03-31,BOND,184.050000,0.002615,"Bloomberg Barclays US Aggregate Bond, total return",Morningstar,AGG (col. F),BOND-2,socle historique (CSV redistribué),0
1983-03-31,EXUS,26.248000,0.037552,"MSCI World ex USA, gross total return, USD",MSCI,WORLD ex USA (col. C),EXUS-1,socle historique (CSV redistribué),0
1983-03-31,TBILL,5.939354,0.006300,US 1-month Treasury bill,Kenneth French Data Library,"F-F_Research_Data_Factors, colonne RF",TBILL-1,source unique continue (aucun raccord),0
1983-03-31,US,126.856000,0.036939,Ibbotson US Large Cap total return,Morningstar / Ibbotson SBBI,Large Caps (col. H),US-1,socle historique (CSV redistribué),0
1983-04-30,BOND,189.180000,0.027873,"Bloomberg Barclays US Aggregate Bond, total return",Morningstar,AGG (col. F),BOND-2,socle historique (CSV redistribué),0
1983-04-30,EXUS,27.913000,0.063433,"MSCI World ex USA, gross total return, USD",MSCI,WORLD ex USA (col. C),EXUS-1,socle historique (CSV redistribué),0
1983-04-30,TBILL,5.981524,0.007100,US 1-month Treasury bill,Kenneth French Data Library,"F-F_Research_Data_Factors, colonne RF",TBILL-1,source unique continue (aucun raccord),0
1983-04-30,US,136.850000,0.078782,Ibbotson US Large Cap total return,Morningstar / Ibbotson SBBI,Large Caps (col. H),US-1,socle historique (CSV redistribué),0
1983-05-31,BOND,186.700000,-0.013109,"Bloomberg Barclays US Aggregate Bond, total return",Morningstar,AGG (col. F),BOND-2,socle historique (CSV redistribué),0
1983-05-31,EXUS,27.895000,-0.000645,"MSCI World ex USA, gross total return, USD",MSCI,WORLD ex USA (col. C),EXUS-1,socle historique (CSV redistribué),0
1983-05-31,TBILL,6.022796,0.006900,US 1-month Treasury bill,Kenneth French Data Library,"F-F_Research_Data_Factors, colonne RF",TBILL-1,source unique continue (aucun raccord),0
1983-05-31,US,135.660000,-0.008696,Ibbotson US Large Cap total return,Morningstar / Ibbotson SBBI,Large Caps (col. H),US-1,socle historique (CSV redistribué),0
1983-06-30,BOND,186.900000,0.001071,"Bloomberg Barclays US Aggregate Bond, total return",Morningstar,AGG (col. F),BOND-2,socle historique (CSV redistribué),0
1983-06-30,EXUS,28.539000,0.023087,"MSCI World ex USA, gross total return, USD",MSCI,WORLD ex USA (col. C),EXUS-1,socle historique (CSV redistribué),0
1983-06-30,TBILL,6.063149,0.006700,US 1-month Treasury bill,Kenneth French Data Library,"F-F_Research_Data_Factors, colonne RF",TBILL-1,source unique continue (aucun raccord),0
1983-06-30,US,140.939000,0.038913,Ibbotson US Large Cap total return,Morningstar / Ibbotson SBBI,Large Caps (col. H),US-1,socle historique (CSV redistribué),0
1983-07-31,BOND,182.480000,-0.023649,"Bloomberg Barclays US Aggregate Bond, total return",Morningstar,AGG (col. F),BOND-2,socle historique (CSV redistribué),0
1983-07-31,EXUS,28.633000,0.003294,"MSCI World ex USA, gross total return, USD",MSCI,WORLD ex USA (col. C),EXUS-1,socle historique (CSV redistribué),0
1983-07-31,TBILL,6.108016,0.007400,US 1-month Treasury bill,Kenneth French Data Library,"F-F_Research_Data_Factors, colonne RF",TBILL-1,source unique continue (aucun raccord),0
1983-07-31,US,136.780000,-0.029509,Ibbotson US Large Cap total return,Morningstar / Ibbotson SBBI,Large Caps (col. H),US-1,socle historique (CSV redistribué),0
1983-08-31,BOND,183.750000,0.006960,"Bloomberg Barclays US Aggregate Bond, total return",Morningstar,AGG (col. F),BOND-2,socle historique (CSV redistribué),0
1983-08-31,EXUS,28.267000,-0.012782,"MSCI World ex USA, gross total return, USD",MSCI,WORLD ex USA (col. C),EXUS-1,socle historique (CSV redistribué),0
1983-08-31,TBILL,6.154437,0.007600,US 1-month Treasury bill,Kenneth French Data Library,"F-F_Research_Data_Factors, colonne RF",TBILL-1,source unique continue (aucun raccord),0
1983-08-31,US,138.834000,0.015017,Ibbotson US Large Cap total return,Morningstar / Ibbotson SBBI,Large Caps (col. H),US-1,socle historique (CSV redistribué),0
1983-09-30,BOND,189.810000,0.032980,"Bloomberg Barclays US Aggregate Bond, total return",Morningstar,AGG (col. F),BOND-2,socle historique (CSV redistribué),0
1983-09-30,EXUS,29.156000,0.031450,"MSCI World ex USA, gross total return, USD",MSCI,WORLD ex USA (col. C),EXUS-1,socle historique (CSV redistribué),0
1983-09-30,TBILL,6.201211,0.007600,US 1-month Treasury bill,Kenneth French Data Library,"F-F_Research_Data_Factors, colonne RF",TBILL-1,source unique continue (aucun raccord),0
1983-09-30,US,140.751000,0.013808,Ibbotson US Large Cap total return,Morningstar / Ibbotson SBBI,Large Caps (col. H),US-1,socle historique (CSV redistribué),0
1983-10-31,BOND,190.490000,0.003583,"Bloomberg Barclays US Aggregate Bond, total return",Morningstar,AGG (col. F),BOND-2,socle historique (CSV redistribué),0
1983-10-31,EXUS,28.836000,-0.010975,"MSCI World ex USA, gross total return, USD",MSCI,WORLD ex USA (col. C),EXUS-1,socle historique (CSV redistribué),0
1983-10-31,TBILL,6.248340,0.007600,US 1-month Treasury bill,Kenneth French Data Library,"F-F_Research_Data_Factors, colonne RF",TBILL-1,source unique continue (aucun raccord),0
1983-10-31,US,139.124000,-0.011559,Ibbotson US Large Cap total return,Morningstar / Ibbotson SBBI,Large Caps (col. H),US-1,socle historique (CSV redistribué),0
1983-11-30,BOND,192.670000,0.011444,"Bloomberg Barclays US Aggregate Bond, total return",Morningstar,AGG (col. F),BOND-2,socle historique (CSV redistribué),0
1983-11-30,EXUS,29.788000,0.033014,"MSCI World ex USA, gross total return, USD",MSCI,WORLD ex USA (col. C),EXUS-1,socle historique (CSV redistribué),0
1983-11-30,TBILL,6.292079,0.007000,US 1-month Treasury bill,Kenneth French Data Library,"F-F_Research_Data_Factors, colonne RF",TBILL-1,source unique continue (aucun raccord),0
1983-11-30,US,142.058000,0.021089,Ibbotson US Large Cap total return,Morningstar / Ibbotson SBBI,Large Caps (col. H),US-1,socle historique (CSV redistribué),0
1983-12-31,BOND,193.040000,0.001920,"Bloomberg Barclays US Aggregate Bond, total return",Morningstar,AGG (col. F),BOND-2,socle historique (CSV redistribué),0
1983-12-31,EXUS,30.903000,0.037431,"MSCI World ex USA, gross total return, USD",MSCI,WORLD ex USA (col. C),EXUS-1,socle historique (CSV redistribué),0
1983-12-31,TBILL,6.338011,0.007300,US 1-month Treasury bill,Kenneth French Data Library,"F-F_Research_Data_Factors, colonne RF",TBILL-1,source unique continue (aucun raccord),0
1983-12-31,US,141.316000,-0.005223,Ibbotson US Large Cap total return,Morningstar / Ibbotson SBBI,Large Caps (col. H),US-1,socle historique (CSV redistribué),0
1984-01-31,BOND,197.020000,0.020617,"Bloomberg Barclays US Aggregate Bond, total return",Morningstar,AGG (col. F),BOND-2,socle historique (CSV redistribué),0
1984-01-31,EXUS,31.932000,0.033298,"MSCI World ex USA, gross total return, USD",MSCI,WORLD ex USA (col. C),EXUS-1,socle historique (CSV redistribué),0
1984-01-31,TBILL,6.386180,0.007600,US 1-month Treasury bill,Kenneth French Data Library,"F-F_Research_Data_Factors, colonne RF",TBILL-1,source unique continue (aucun raccord),0
1984-01-31,US,140.527000,-0.005583,Ibbotson US Large Cap total return,Morningstar / Ibbotson SBBI,Large Caps (col. H),US-1,socle historique (CSV redistribué),0
1984-02-29,BOND,196.010000,-0.005126,"Bloomberg Barclays US Aggregate Bond, total return",Morningstar,AGG (col. F),BOND-2,socle historique (CSV redistribué),0
1984-02-29,EXUS,32.376000,0.013905,"MSCI World ex USA, gross total return, USD",MSCI,WORLD ex USA (col. C),EXUS-1,socle historique (CSV redistribué),0
1984-02-29,TBILL,6.431522,0.007100,US 1-month Treasury bill,Kenneth French Data Library,"F-F_Research_Data_Factors, colonne RF",TBILL-1,source unique continue (aucun raccord),0
1984-02-29,US,135.582000,-0.035189,Ibbotson US Large Cap total return,Morningstar / Ibbotson SBBI,Large Caps (col. H),US-1,socle historique (CSV redistribué),0
1984-03-31,BOND,193.810000,-0.011224,"Bloomberg Barclays US Aggregate Bond, total return",Morningstar,AGG (col. F),BOND-2,socle historique (CSV redistribué),0
1984-03-31,EXUS,34.947000,0.079411,"MSCI World ex USA, gross total return, USD",MSCI,WORLD ex USA (col. C),EXUS-1,socle historique (CSV redistribué),0
1984-03-31,TBILL,6.478472,0.007300,US 1-month Treasury bill,Kenneth French Data Library,"F-F_Research_Data_Factors, colonne RF",TBILL-1,source unique continue (aucun raccord),0
1984-03-31,US,137.930000,0.017318,Ibbotson US Large Cap total return,Morningstar / Ibbotson SBBI,Large Caps (col. H),US-1,socle historique (CSV redistribué),0
1984-04-30,BOND,193.430000,-0.001961,"Bloomberg Barclays US Aggregate Bond, total return",Morningstar,AGG (col. F),BOND-2,socle historique (CSV redistribué),0
1984-04-30,EXUS,34.351000,-0.017054,"MSCI World ex USA, gross total return, USD",MSCI,WORLD ex USA (col. C),EXUS-1,socle historique (CSV redistribué),0
1984-04-30,TBILL,6.530947,0.008100,US 1-month Treasury bill,Kenneth French Data Library,"F-F_Research_Data_Factors, colonne RF",TBILL-1,source unique continue (aucun raccord),0
1984-04-30,US,139.239000,0.009490,Ibbotson US Large Cap total return,Morningstar / Ibbotson SBBI,Large Caps (col. H),US-1,socle historique (CSV redistribué),0
1984-05-31,BOND,187.400000,-0.031174,"Bloomberg Barclays US Aggregate Bond, total return",Morningstar,AGG (col. F),BOND-2,socle historique (CSV redistribué),0
1984-05-31,EXUS,31.124000,-0.093942,"MSCI World ex USA, gross total return, USD",MSCI,WORLD ex USA (col. C),EXUS-1,socle historique (CSV redistribué),0
1984-05-31,TBILL,6.581889,0.007800,US 1-month Treasury bill,Kenneth French Data Library,"F-F_Research_Data_Factors, colonne RF",TBILL-1,source unique continue (aucun raccord),0
1984-05-31,US,131.531000,-0.055358,Ibbotson US Large Cap total return,Morningstar / Ibbotson SBBI,Large Caps (col. H),US-1,socle historique (CSV redistribué),0
1984-06-30,BOND,189.800000,0.012807,"Bloomberg Barclays US Aggregate Bond, total return",Morningstar,AGG (col. F),BOND-2,socle historique (CSV redistribué),0
1984-06-30,EXUS,30.993000,-0.004209,"MSCI World ex USA, gross total return, USD",MSCI,WORLD ex USA (col. C),EXUS-1,socle historique (CSV redistribué),0
1984-06-30,TBILL,6.631253,0.007500,US 1-month Treasury bill,Kenneth French Data Library,"F-F_Research_Data_Factors, colonne RF",TBILL-1,source unique continue (aucun raccord),0
1984-06-30,US,134.388000,0.021721,Ibbotson US Large Cap total return,Morningstar / Ibbotson SBBI,Large Caps (col. H),US-1,socle historique (CSV redistribué),0
1984-07-31,BOND,198.340000,0.044995,"Bloomberg Barclays US Aggregate Bond, total return",Morningstar,AGG (col. F),BOND-2,socle historique (CSV redistribué),0
1984-07-31,EXUS,28.979000,-0.064982,"MSCI World ex USA, gross total return, USD",MSCI,WORLD ex USA (col. C),EXUS-1,socle historique (CSV redistribué),0
1984-07-31,TBILL,6.685629,0.008200,US 1-month Treasury bill,Kenneth French Data Library,"F-F_Research_Data_Factors, colonne RF",TBILL-1,source unique continue (aucun raccord),0
1984-07-31,US,132.721000,-0.012404,Ibbotson US Large Cap total return,Morningstar / Ibbotson SBBI,Large Caps (col. H),US-1,socle historique (CSV redistribué),0
1984-08-31,BOND,201.680000,0.016840,"Bloomberg Barclays US Aggregate Bond, total return",Morningstar,AGG (col. F),BOND-2,socle historique (CSV redistribué),0
1984-08-31,EXUS,31.656000,0.092377,"MSCI World ex USA, gross total return, USD",MSCI,WORLD ex USA (col. C),EXUS-1,socle historique (CSV redistribué),0
1984-08-31,TBILL,6.741120,0.008300,US 1-month Treasury bill,Kenneth French Data Library,"F-F_Research_Data_Factors, colonne RF",TBILL-1,source unique continue (aucun raccord),0
1984-08-31,US,147.379000,0.110442,Ibbotson US Large Cap total return,Morningstar / Ibbotson SBBI,Large Caps (col. H),US-1,socle historique (CSV redistribué),0
1984-09-30,BOND,206.470000,0.023750,"Bloomberg Barclays US Aggregate Bond, total return",Morningstar,AGG (col. F),BOND-2,socle historique (CSV redistribué),0
1984-09-30,EXUS,31.346000,-0.009793,"MSCI World ex USA, gross total return, USD",MSCI,WORLD ex USA (col. C),EXUS-1,socle historique (CSV redistribué),0
1984-09-30,TBILL,6.799094,0.008600,US 1-month Treasury bill,Kenneth French Data Library,"F-F_Research_Data_Factors, colonne RF",TBILL-1,source unique continue (aucun raccord),0
1984-09-30,US,147.416000,0.000251,Ibbotson US Large Cap total return,Morningstar / Ibbotson SBBI,Large Caps (col. H),US-1,socle historique (CSV redistribué),0
1984-10-31,BOND,215.230000,0.042427,"Bloomberg Barclays US Aggregate Bond, total return",Morningstar,AGG (col. F),BOND-2,socle historique (CSV redistribué),0
1984-10-31,EXUS,31.929000,0.018599,"MSCI World ex USA, gross total return, USD",MSCI,WORLD ex USA (col. C),EXUS-1,socle historique (CSV redistribué),0
1984-10-31,TBILL,6.867084,0.010000,US 1-month Treasury bill,Kenneth French Data Library,"F-F_Research_Data_Factors, colonne RF",TBILL-1,source unique continue (aucun raccord),0
1984-10-31,US,147.983000,0.003846,Ibbotson US Large Cap total return,Morningstar / Ibbotson SBBI,Large Caps (col. H),US-1,socle historique (CSV redistribué),0
1984-11-30,BOND,219.080000,0.017888,"Bloomberg Barclays US Aggregate Bond, total return",Morningstar,AGG (col. F),BOND-2,socle historique (CSV redistribué),0
1984-11-30,EXUS,31.490000,-0.013749,"MSCI World ex USA, gross total return, USD",MSCI,WORLD ex USA (col. C),EXUS-1,socle historique (CSV redistribué),0
1984-11-30,TBILL,6.917214,0.007300,US 1-month Treasury bill,Kenneth French Data Library,"F-F_Research_Data_Factors, colonne RF",TBILL-1,source unique continue (aucun raccord),0
1984-11-30,US,146.326000,-0.011197,Ibbotson US Large Cap total return,Morningstar / Ibbotson SBBI,Large Caps (col. H),US-1,socle historique (CSV redistribué),0
1984-12-31,BOND,222.280000,0.014607,"Bloomberg Barclays US Aggregate Bond, total return",Morningstar,AGG (col. F),BOND-2,socle historique (CSV redistribué),0
1984-12-31,EXUS,31.975000,0.015402,"MSCI World ex USA, gross total return, USD",MSCI,WORLD ex USA (col. C),EXUS-1,socle historique (CSV redistribué),0
1984-12-31,TBILL,6.961484,0.006400,US 1-month Treasury bill,Kenneth French Data Library,"F-F_Research_Data_Factors, colonne RF",TBILL-1,source unique continue (aucun raccord),0
1984-12-31,US,150.181000,0.026345,Ibbotson US Large Cap total return,Morningstar / Ibbotson SBBI,Large Caps (col. H),US-1,socle historique (CSV redistribué),0
1985-01-31,BOND,227.340000,0.022764,"Bloomberg Barclays US Aggregate Bond, total return",Morningstar,AGG (col. F),BOND-2,socle historique (CSV redistribué),0
1985-01-31,EXUS,32.886000,0.028491,"MSCI World ex USA, gross total return, USD",MSCI,WORLD ex USA (col. C),EXUS-1,socle historique (CSV redistribué),0
1985-01-31,TBILL,7.006734,0.006500,US 1-month Treasury bill,Kenneth French Data Library,"F-F_Research_Data_Factors, colonne RF",TBILL-1,source unique continue (aucun raccord),0
1985-01-31,US,161.882000,0.077913,Ibbotson US Large Cap total return,Morningstar / Ibbotson SBBI,Large Caps (col. H),US-1,socle historique (CSV redistribué),0
1985-02-28,BOND,222.690000,-0.020454,"Bloomberg Barclays US Aggregate Bond, total return",Morningstar,AGG (col. F),BOND-2,socle historique (CSV redistribué),0
1985-02-28,EXUS,32.583000,-0.009214,"MSCI World ex USA, gross total return, USD",MSCI,WORLD ex USA (col. C),EXUS-1,socle historique (CSV redistribué),0
1985-02-28,TBILL,7.047373,0.005800,US 1-month Treasury bill,Kenneth French Data Library,"F-F_Research_Data_Factors, colonne RF",TBILL-1,source unique continue (aucun raccord),0
1985-02-28,US,163.865000,0.012250,Ibbotson US Large Cap total return,Morningstar / Ibbotson SBBI,Large Caps (col. H),US-1,socle historique (CSV redistribué),0
1985-03-31,BOND,227.230000,0.020387,"Bloomberg Barclays US Aggregate Bond, total return",Morningstar,AGG (col. F),BOND-2,socle historique (CSV redistribué),0
1985-03-31,EXUS,35.032000,0.075162,"MSCI World ex USA, gross total return, USD",MSCI,WORLD ex USA (col. C),EXUS-1,socle historique (CSV redistribué),0
1985-03-31,TBILL,7.091067,0.006200,US 1-month Treasury bill,Kenneth French Data Library,"F-F_Research_Data_Factors, colonne RF",TBILL-1,source unique continue (aucun raccord),0
1985-03-31,US,163.973000,0.000659,Ibbotson US Large Cap total return,Morningstar / Ibbotson SBBI,Large Caps (col. H),US-1,socle historique (CSV redistribué),0
1985-04-30,BOND,231.930000,0.020684,"Bloomberg Barclays US Aggregate Bond, total return",Morningstar,AGG (col. F),BOND-2,socle historique (CSV redistribué),0
1985-04-30,EXUS,34.945000,-0.002483,"MSCI World ex USA, gross total return, USD",MSCI,WORLD ex USA (col. C),EXUS-1,socle historique (CSV redistribué),0
1985-04-30,TBILL,7.142122,0.007200,US 1-month Treasury bill,Kenneth French Data Library,"F-F_Research_Data_Factors, colonne RF",TBILL-1,source unique continue (aucun raccord),0
1985-04-30,US,163.819000,-0.000939,Ibbotson US Large Cap total return,Morningstar / Ibbotson SBBI,Large Caps (col. H),US-1,socle historique (CSV redistribué),0
1985-05-31,BOND,244.050000,0.052257,"Bloomberg Barclays US Aggregate Bond, total return",Morningstar,AGG (col. F),BOND-2,socle historique (CSV redistribué),0
1985-05-31,EXUS,36.352000,0.040263,"MSCI World ex USA, gross total return, USD",MSCI,WORLD ex USA (col. C),EXUS-1,socle historique (CSV redistribué),0
1985-05-31,TBILL,7.189260,0.006600,US 1-month Treasury bill,Kenneth French Data Library,"F-F_Research_Data_Factors, colonne RF",TBILL-1,source unique continue (aucun raccord),0
1985-05-31,US,173.284000,0.057777,Ibbotson US Large Cap total return,Morningstar / Ibbotson SBBI,Large Caps (col. H),US-1,socle historique (CSV redistribué),0
1985-06-30,BOND,246.630000,0.010572,"Bloomberg Barclays US Aggregate Bond, total return",Morningstar,AGG (col. F),BOND-2,socle historique (CSV redistribué),0
1985-06-30,EXUS,37.167000,0.022420,"MSCI World ex USA, gross total return, USD",MSCI,WORLD ex USA (col. C),EXUS-1,socle historique (CSV redistribué),0
1985-06-30,TBILL,7.228801,0.005500,US 1-month Treasury bill,Kenneth French Data Library,"F-F_Research_Data_Factors, colonne RF",TBILL-1,source unique continue (aucun raccord),0
1985-06-30,US,175.999000,0.015668,Ibbotson US Large Cap total return,Morningstar / Ibbotson SBBI,Large Caps (col. H),US-1,socle historique (CSV redistribué),0
1985-07-31,BOND,245.770000,-0.003487,"Bloomberg Barclays US Aggregate Bond, total return",Morningstar,AGG (col. F),BOND-2,socle historique (CSV redistribué),0
1985-07-31,EXUS,38.969000,0.048484,"MSCI World ex USA, gross total return, USD",MSCI,WORLD ex USA (col. C),EXUS-1,socle historique (CSV redistribué),0
1985-07-31,TBILL,7.273620,0.006200,US 1-month Treasury bill,Kenneth French Data Library,"F-F_Research_Data_Factors, colonne RF",TBILL-1,source unique continue (aucun raccord),0
1985-07-31,US,175.743000,-0.001455,Ibbotson US Large Cap total return,Morningstar / Ibbotson SBBI,Large Caps (col. H),US-1,socle historique (CSV redistribué),0
1985-08-31,BOND,250.390000,0.018798,"Bloomberg Barclays US Aggregate Bond, total return",Morningstar,AGG (col. F),BOND-2,socle historique (CSV redistribué),0
1985-08-31,EXUS,40.048000,0.027689,"MSCI World ex USA, gross total return, USD",MSCI,WORLD ex USA (col. C),EXUS-1,socle historique (CSV redistribué),0
1985-08-31,TBILL,7.313625,0.005500,US 1-month Treasury bill,Kenneth French Data Library,"F-F_Research_Data_Factors, colonne RF",TBILL-1,source unique continue (aucun raccord),0
1985-08-31,US,174.242000,-0.008541,Ibbotson US Large Cap total return,Morningstar / Ibbotson SBBI,Large Caps (col. H),US-1,socle historique (CSV redistribué),0
1985-09-30,BOND,251.900000,0.006031,"Bloomberg Barclays US Aggregate Bond, total return",Morningstar,AGG (col. F),BOND-2,socle historique (CSV redistribué),0
1985-09-30,EXUS,41.999000,0.048717,"MSCI World ex USA, gross total return, USD",MSCI,WORLD ex USA (col. C),EXUS-1,socle historique (CSV redistribué),0
1985-09-30,TBILL,7.357507,0.006000,US 1-month Treasury bill,Kenneth French Data Library,"F-F_Research_Data_Factors, colonne RF",TBILL-1,source unique continue (aucun raccord),0
1985-09-30,US,168.792000,-0.031278,Ibbotson US Large Cap total return,Morningstar / Ibbotson SBBI,Large Caps (col. H),US-1,socle historique (CSV redistribué),0
1985-10-31,BOND,257.180000,0.020961,"Bloomberg Barclays US Aggregate Bond, total return",Morningstar,AGG (col. F),BOND-2,socle historique (CSV redistribué),0
1985-10-31,EXUS,44.454000,0.058454,"MSCI World ex USA, gross total return, USD",MSCI,WORLD ex USA (col. C),EXUS-1,socle historique (CSV redistribué),0
1985-10-31,TBILL,7.405330,0.006500,US 1-month Treasury bill,Kenneth French Data Library,"F-F_Research_Data_Factors, colonne RF",TBILL-1,source unique continue (aucun raccord),0
1985-10-31,US,176.589000,0.046193,Ibbotson US Large Cap total return,Morningstar / Ibbotson SBBI,Large Caps (col. H),US-1,socle historique (CSV redistribué),0
1985-11-30,BOND,263.360000,0.024030,"Bloomberg Barclays US Aggregate Bond, total return",Morningstar,AGG (col. F),BOND-2,socle historique (CSV redistribué),0
1985-11-30,EXUS,46.411000,0.044023,"MSCI World ex USA, gross total return, USD",MSCI,WORLD ex USA (col. C),EXUS-1,socle historique (CSV redistribué),0
1985-11-30,TBILL,7.450503,0.006100,US 1-month Treasury bill,Kenneth French Data Library,"F-F_Research_Data_Factors, colonne RF",TBILL-1,source unique continue (aucun raccord),0
1985-11-30,US,188.700000,0.068583,Ibbotson US Large Cap total return,Morningstar / Ibbotson SBBI,Large Caps (col. H),US-1,socle historique (CSV redistribué),0
1985-12-31,BOND,271.410000,0.030567,"Bloomberg Barclays US Aggregate Bond, total return",Morningstar,AGG (col. F),BOND-2,socle historique (CSV redistribué),0
1985-12-31,EXUS,48.410000,0.043072,"MSCI World ex USA, gross total return, USD",MSCI,WORLD ex USA (col. C),EXUS-1,socle historique (CSV redistribué),0
1985-12-31,TBILL,7.498931,0.006500,US 1-month Treasury bill,Kenneth French Data Library,"F-F_Research_Data_Factors, colonne RF",TBILL-1,source unique continue (aucun raccord),0
1985-12-31,US,197.829000,0.048378,Ibbotson US Large Cap total return,Morningstar / Ibbotson SBBI,Large Caps (col. H),US-1,socle historique (CSV redistribué),0
1986-01-31,BOND,272.920000,0.005564,"Bloomberg Barclays US Aggregate Bond, total return",Morningstar,AGG (col. F),BOND-2,socle historique (CSV redistribué),0
1986-01-31,EXUS,49.548000,0.023508,"MSCI World ex USA, gross total return, USD",MSCI,WORLD ex USA (col. C),EXUS-1,socle historique (CSV redistribué),0
1986-01-31,TBILL,7.540925,0.005600,US 1-month Treasury bill,Kenneth French Data Library,"F-F_Research_Data_Factors, colonne RF",TBILL-1,source unique continue (aucun raccord),0
1986-01-31,US,198.934000,0.005586,Ibbotson US Large Cap total return,Morningstar / Ibbotson SBBI,Large Caps (col. H),US-1,socle historique (CSV redistribué),0
1986-02-28,BOND,283.680000,0.039425,"Bloomberg Barclays US Aggregate Bond, total return",Morningstar,AGG (col. F),BOND-2,socle historique (CSV redistribué),0
1986-02-28,EXUS,54.696000,0.103899,"MSCI World ex USA, gross total return, USD",MSCI,WORLD ex USA (col. C),EXUS-1,socle historique (CSV redistribué),0
1986-02-28,TBILL,7.580892,0.005300,US 1-month Treasury bill,Kenneth French Data Library,"F-F_Research_Data_Factors, colonne RF",TBILL-1,source unique continue (aucun raccord),0
1986-02-28,US,213.803000,0.074743,Ibbotson US Large Cap total return,Morningstar / Ibbotson SBBI,Large Caps (col. H),US-1,socle historique (CSV redistribué),0
1986-03-31,BOND,292.490000,0.031056,"Bloomberg Barclays US Aggregate Bond, total return",Morningstar,AGG (col. F),BOND-2,socle historique (CSV redistribué),0
1986-03-31,EXUS,62.109000,0.135531,"MSCI World ex USA, gross total return, USD",MSCI,WORLD ex USA (col. C),EXUS-1,socle historique (CSV redistribué),0
1986-03-31,TBILL,7.626377,0.006000,US 1-month Treasury bill,Kenneth French Data Library,"F-F_Research_Data_Factors, colonne RF",TBILL-1,source unique continue (aucun raccord),0
1986-03-31,US,225.732000,0.055794,Ibbotson US Large Cap total return,Morningstar / Ibbotson SBBI,Large Caps (col. H),US-1,socle historique (CSV redistribué),0
1986-04-30,BOND,294.040000,0.005299,"Bloomberg Barclays US Aggregate Bond, total return",Morningstar,AGG (col. F),BOND-2,socle historique (CSV redistribué),0
1986-04-30,EXUS,65.953000,0.061891,"MSCI World ex USA, gross total return, USD",MSCI,WORLD ex USA (col. C),EXUS-1,socle historique (CSV redistribué),0
1986-04-30,TBILL,7.666035,0.005200,US 1-month Treasury bill,Kenneth French Data Library,"F-F_Research_Data_Factors, colonne RF",TBILL-1,source unique continue (aucun raccord),0
1986-04-30,US,223.190000,-0.011261,Ibbotson US Large Cap total return,Morningstar / Ibbotson SBBI,Large Caps (col. H),US-1,socle historique (CSV redistribué),0
1986-05-31,BOND,288.420000,-0.019113,"Bloomberg Barclays US Aggregate Bond, total return",Morningstar,AGG (col. F),BOND-2,socle historique (CSV redistribué),0
1986-05-31,EXUS,63.195000,-0.041818,"MSCI World ex USA, gross total return, USD",MSCI,WORLD ex USA (col. C),EXUS-1,socle historique (CSV redistribué),0
1986-05-31,TBILL,7.703598,0.004900,US 1-month Treasury bill,Kenneth French Data Library,"F-F_Research_Data_Factors, colonne RF",TBILL-1,source unique continue (aucun raccord),0
1986-05-31,US,235.064000,0.053201,Ibbotson US Large Cap total return,Morningstar / Ibbotson SBBI,Large Caps (col. H),US-1,socle historique (CSV redistribué),0
1986-06-30,BOND,295.970000,0.026177,"Bloomberg Barclays US Aggregate Bond, total return",Morningstar,AGG (col. F),BOND-2,socle historique (CSV redistribué),0
1986-06-30,EXUS,67.176000,0.062995,"MSCI World ex USA, gross total return, USD",MSCI,WORLD ex USA (col. C),EXUS-1,socle historique (CSV redistribué),0
1986-06-30,TBILL,7.743657,0.005200,US 1-month Treasury bill,Kenneth French Data Library,"F-F_Research_Data_Factors, colonne RF",TBILL-1,source unique continue (aucun raccord),0
1986-06-30,US,239.037000,0.016902,Ibbotson US Large Cap total return,Morningstar / Ibbotson SBBI,Large Caps (col. H),US-1,socle historique (CSV redistribué),0
1986-07-31,BOND,298.590000,0.008852,"Bloomberg Barclays US Aggregate Bond, total return",Morningstar,AGG (col. F),BOND-2,socle historique (CSV redistribué),0
1986-07-31,EXUS,70.956000,0.056270,"MSCI World ex USA, gross total return, USD",MSCI,WORLD ex USA (col. C),EXUS-1,socle historique (CSV redistribué),0
1986-07-31,TBILL,7.783924,0.005200,US 1-month Treasury bill,Kenneth French Data Library,"F-F_Research_Data_Factors, colonne RF",TBILL-1,source unique continue (aucun raccord),0
1986-07-31,US,225.667000,-0.055933,Ibbotson US Large Cap total return,Morningstar / Ibbotson SBBI,Large Caps (col. H),US-1,socle historique (CSV redistribué),0
1986-08-31,BOND,306.010000,0.024850,"Bloomberg Barclays US Aggregate Bond, total return",Morningstar,AGG (col. F),BOND-2,socle historique (CSV redistribué),0
1986-08-31,EXUS,77.852000,0.097187,"MSCI World ex USA, gross total return, USD",MSCI,WORLD ex USA (col. C),EXUS-1,socle historique (CSV redistribué),0
1986-08-31,TBILL,7.819730,0.004600,US 1-month Treasury bill,Kenneth French Data Library,"F-F_Research_Data_Factors, colonne RF",TBILL-1,source unique continue (aucun raccord),0
1986-08-31,US,242.401000,0.074154,Ibbotson US Large Cap total return,Morningstar / Ibbotson SBBI,Large Caps (col. H),US-1,socle historique (CSV redistribué),0
1986-09-30,BOND,302.990000,-0.009869,"Bloomberg Barclays US Aggregate Bond, total return",Morningstar,AGG (col. F),BOND-2,socle historique (CSV redistribué),0
1986-09-30,EXUS,77.181000,-0.008619,"MSCI World ex USA, gross total return, USD",MSCI,WORLD ex USA (col. C),EXUS-1,socle historique (CSV redistribué),0
1986-09-30,TBILL,7.854919,0.004500,US 1-month Treasury bill,Kenneth French Data Library,"F-F_Research_Data_Factors, colonne RF",TBILL-1,source unique continue (aucun raccord),0
1986-09-30,US,222.362000,-0.082669,Ibbotson US Large Cap total return,Morningstar / Ibbotson SBBI,Large Caps (col. H),US-1,socle historique (CSV redistribué),0
1986-10-31,BOND,307.370000,0.014456,"Bloomberg Barclays US Aggregate Bond, total return",Morningstar,AGG (col. F),BOND-2,socle historique (CSV redistribué),0
1986-10-31,EXUS,72.317000,-0.063021,"MSCI World ex USA, gross total return, USD",MSCI,WORLD ex USA (col. C),EXUS-1,socle historique (CSV redistribué),0
1986-10-31,TBILL,7.891051,0.004600,US 1-month Treasury bill,Kenneth French Data Library,"F-F_Research_Data_Factors, colonne RF",TBILL-1,source unique continue (aucun raccord),0
1986-10-31,US,235.186000,0.057672,Ibbotson US Large Cap total return,Morningstar / Ibbotson SBBI,Large Caps (col. H),US-1,socle historique (CSV redistribué),0
1986-11-30,BOND,311.670000,0.013990,"Bloomberg Barclays US Aggregate Bond, total return",Morningstar,AGG (col. F),BOND-2,socle historique (CSV redistribué),0
1986-11-30,EXUS,76.375000,0.056114,"MSCI World ex USA, gross total return, USD",MSCI,WORLD ex USA (col. C),EXUS-1,socle historique (CSV redistribué),0
1986-11-30,TBILL,7.921827,0.003900,US 1-month Treasury bill,Kenneth French Data Library,"F-F_Research_Data_Factors, colonne RF",TBILL-1,source unique continue (aucun raccord),0
1986-11-30,US,240.901000,0.024300,Ibbotson US Large Cap total return,Morningstar / Ibbotson SBBI,Large Caps (col. H),US-1,socle historique (CSV redistribué),0
1986-12-31,BOND,312.840000,0.003754,"Bloomberg Barclays US Aggregate Bond, total return",Morningstar,AGG (col. F),BOND-2,socle historique (CSV redistribué),0
1986-12-31,EXUS,80.282000,0.051155,"MSCI World ex USA, gross total return, USD",MSCI,WORLD ex USA (col. C),EXUS-1,socle historique (CSV redistribué),0
1986-12-31,TBILL,7.960643,0.004900,US 1-month Treasury bill,Kenneth French Data Library,"F-F_Research_Data_Factors, colonne RF",TBILL-1,source unique continue (aucun raccord),0
1986-12-31,US,234.754000,-0.025517,Ibbotson US Large Cap total return,Morningstar / Ibbotson SBBI,Large Caps (col. H),US-1,socle historique (CSV redistribué),0
1987-01-31,BOND,317.250000,0.014097,"Bloomberg Barclays US Aggregate Bond, total return",Morningstar,AGG (col. F),BOND-2,socle historique (CSV redistribué),0
1987-01-31,EXUS,88.969000,0.108206,"MSCI World ex USA, gross total return, USD",MSCI,WORLD ex USA (col. C),EXUS-1,socle historique (CSV redistribué),0
1987-01-31,TBILL,7.994078,0.004200,US 1-month Treasury bill,Kenneth French Data Library,"F-F_Research_Data_Factors, colonne RF",TBILL-1,source unique continue (aucun raccord),0
1987-01-31,US,266.365000,0.134656,Ibbotson US Large Cap total return,Morningstar / Ibbotson SBBI,Large Caps (col. H),US-1,socle historique (CSV redistribué),0
1987-02-28,BOND,319.450000,0.006935,"Bloomberg Barclays US Aggregate Bond, total return",Morningstar,AGG (col. F),BOND-2,socle historique (CSV redistribué),0
1987-02-28,EXUS,91.765000,0.031427,"MSCI World ex USA, gross total return, USD",MSCI,WORLD ex USA (col. C),EXUS-1,socle historique (CSV redistribué),0
1987-02-28,TBILL,8.028453,0.004300,US 1-month Treasury bill,Kenneth French Data Library,"F-F_Research_Data_Factors, colonne RF",TBILL-1,source unique continue (aucun raccord),0
1987-02-28,US,276.890000,0.039513,Ibbotson US Large Cap total return,Morningstar / Ibbotson SBBI,Large Caps (col. H),US-1,socle historique (CSV redistribué),0
1987-03-31,BOND,318.010000,-0.004508,"Bloomberg Barclays US Aggregate Bond, total return",Morningstar,AGG (col. F),BOND-2,socle historique (CSV redistribué),0
1987-03-31,EXUS,99.525000,0.084564,"MSCI World ex USA, gross total return, USD",MSCI,WORLD ex USA (col. C),EXUS-1,socle historique (CSV redistribué),0
1987-03-31,TBILL,8.066186,0.004700,US 1-month Treasury bill,Kenneth French Data Library,"F-F_Research_Data_Factors, colonne RF",TBILL-1,source unique continue (aucun raccord),0
1987-03-31,US,284.879000,0.028853,Ibbotson US Large Cap total return,Morningstar / Ibbotson SBBI,Large Caps (col. H),US-1,socle historique (CSV redistribué),0
1987-04-30,BOND,309.290000,-0.027421,"Bloomberg Barclays US Aggregate Bond, total return",Morningstar,AGG (col. F),BOND-2,socle historique (CSV redistribué),0
1987-04-30,EXUS,109.450000,0.099724,"MSCI World ex USA, gross total return, USD",MSCI,WORLD ex USA (col. C),EXUS-1,socle historique (CSV redistribué),0
1987-04-30,TBILL,8.101678,0.004400,US 1-month Treasury bill,Kenneth French Data Library,"F-F_Research_Data_Factors, colonne RF",TBILL-1,source unique continue (aucun raccord),0
1987-04-30,US,282.350000,-0.008877,Ibbotson US Large Cap total return,Morningstar / Ibbotson SBBI,Large Caps (col. H),US-1,socle historique (CSV redistribué),0
1987-05-31,BOND,308.080000,-0.003912,"Bloomberg Barclays US Aggregate Bond, total return",Morningstar,AGG (col. F),BOND-2,socle historique (CSV redistribué),0
1987-05-31,EXUS,109.387000,-0.000576,"MSCI World ex USA, gross total return, USD",MSCI,WORLD ex USA (col. C),EXUS-1,socle historique (CSV redistribué),0
1987-05-31,TBILL,8.132464,0.003800,US 1-month Treasury bill,Kenneth French Data Library,"F-F_Research_Data_Factors, colonne RF",TBILL-1,source unique continue (aucun raccord),0
1987-05-31,US,284.798000,0.008670,Ibbotson US Large Cap total return,Morningstar / Ibbotson SBBI,Large Caps (col. H),US-1,socle historique (CSV redistribué),0
1987-06-30,BOND,312.320000,0.013763,"Bloomberg Barclays US Aggregate Bond, total return",Morningstar,AGG (col. F),BOND-2,socle historique (CSV redistribué),0
1987-06-30,EXUS,106.258000,-0.028605,"MSCI World ex USA, gross total return, USD",MSCI,WORLD ex USA (col. C),EXUS-1,socle historique (CSV redistribué),0
1987-06-30,TBILL,8.171500,0.004800,US 1-month Treasury bill,Kenneth French Data Library,"F-F_Research_Data_Factors, colonne RF",TBILL-1,source unique continue (aucun raccord),0
1987-06-30,US,299.180000,0.050499,Ibbotson US Large Cap total return,Morningstar / Ibbotson SBBI,Large Caps (col. H),US-1,socle historique (CSV redistribué),0
1987-07-31,BOND,312.080000,-0.000768,"Bloomberg Barclays US Aggregate Bond, total return",Morningstar,AGG (col. F),BOND-2,socle historique (CSV redistribué),0
1987-07-31,EXUS,106.704000,0.004197,"MSCI World ex USA, gross total return, USD",MSCI,WORLD ex USA (col. C),EXUS-1,socle historique (CSV redistribué),0
1987-07-31,TBILL,8.209089,0.004600,US 1-month Treasury bill,Kenneth French Data Library,"F-F_Research_Data_Factors, colonne RF",TBILL-1,source unique continue (aucun raccord),0
1987-07-31,US,314.336000,0.050658,Ibbotson US Large Cap total return,Morningstar / Ibbotson SBBI,Large Caps (col. H),US-1,socle historique (CSV redistribué),0
1987-08-31,BOND,310.410000,-0.005351,"Bloomberg Barclays US Aggregate Bond, total return",Morningstar,AGG (col. F),BOND-2,socle historique (CSV redistribué),0
1987-08-31,EXUS,114.311000,0.071291,"MSCI World ex USA, gross total return, USD",MSCI,WORLD ex USA (col. C),EXUS-1,socle historique (CSV redistribué),0
1987-08-31,TBILL,8.247671,0.004700,US 1-month Treasury bill,Kenneth French Data Library,"F-F_Research_Data_Factors, colonne RF",TBILL-1,source unique continue (aucun raccord),0
1987-08-31,US,326.065000,0.037314,Ibbotson US Large Cap total return,Morningstar / Ibbotson SBBI,Large Caps (col. H),US-1,socle historique (CSV redistribué),0
1987-09-30,BOND,303.800000,-0.021294,"Bloomberg Barclays US Aggregate Bond, total return",Morningstar,AGG (col. F),BOND-2,socle historique (CSV redistribué),0
1987-09-30,EXUS,112.612000,-0.014863,"MSCI World ex USA, gross total return, USD",MSCI,WORLD ex USA (col. C),EXUS-1,socle historique (CSV redistribué),0
1987-09-30,TBILL,8.284786,0.004500,US 1-month Treasury bill,Kenneth French Data Library,"F-F_Research_Data_Factors, colonne RF",TBILL-1,source unique continue (aucun raccord),0
1987-09-30,US,318.917000,-0.021922,Ibbotson US Large Cap total return,Morningstar / Ibbotson SBBI,Large Caps (col. H),US-1,socle historique (CSV redistribué),0
1987-10-31,BOND,314.620000,0.035616,"Bloomberg Barclays US Aggregate Bond, total return",Morningstar,AGG (col. F),BOND-2,socle historique (CSV redistribué),0
1987-10-31,EXUS,96.278000,-0.145047,"MSCI World ex USA, gross total return, USD",MSCI,WORLD ex USA (col. C),EXUS-1,socle historique (CSV redistribué),0
1987-10-31,TBILL,8.334495,0.006000,US 1-month Treasury bill,Kenneth French Data Library,"F-F_Research_Data_Factors, colonne RF",TBILL-1,source unique continue (aucun raccord),0
1987-10-31,US,250.234000,-0.215363,Ibbotson US Large Cap total return,Morningstar / Ibbotson SBBI,Large Caps (col. H),US-1,socle historique (CSV redistribué),0
1987-11-30,BOND,317.140000,0.008010,"Bloomberg Barclays US Aggregate Bond, total return",Morningstar,AGG (col. F),BOND-2,socle historique (CSV redistribué),0
1987-11-30,EXUS,97.025000,0.007759,"MSCI World ex USA, gross total return, USD",MSCI,WORLD ex USA (col. C),EXUS-1,socle historique (CSV redistribué),0
1987-11-30,TBILL,8.363665,0.003500,US 1-month Treasury bill,Kenneth French Data Library,"F-F_Research_Data_Factors, colonne RF",TBILL-1,source unique continue (aucun raccord),0
1987-11-30,US,229.617000,-0.082391,Ibbotson US Large Cap total return,Morningstar / Ibbotson SBBI,Large Caps (col. H),US-1,socle historique (CSV redistribué),0
1987-12-31,BOND,321.460000,0.013622,"Bloomberg Barclays US Aggregate Bond, total return",Morningstar,AGG (col. F),BOND-2,socle historique (CSV redistribué),0
1987-12-31,EXUS,100.000000,0.030662,"MSCI World ex USA, gross total return, USD",MSCI,WORLD ex USA (col. C),EXUS-1,socle historique (CSV redistribué),0
1987-12-31,TBILL,8.396284,0.003900,US 1-month Treasury bill,Kenneth French Data Library,"F-F_Research_Data_Factors, colonne RF",TBILL-1,source unique continue (aucun raccord),0
1987-12-31,US,247.081000,0.076057,Ibbotson US Large Cap total return,Morningstar / Ibbotson SBBI,Large Caps (col. H),US-1,socle historique (CSV redistribué),0
1988-01-31,BOND,332.760000,0.035152,"Bloomberg Barclays US Aggregate Bond, total return",Morningstar,AGG (col. F),BOND-2,socle historique (CSV redistribué),0
1988-01-31,EXUS,101.680000,0.016800,"MSCI ACWI ex USA, gross total return, USD",MSCI,ACWI ex USA (col. D),EXUS-2,socle historique (CSV redistribué),0
1988-01-31,TBILL,8.420633,0.002900,US 1-month Treasury bill,Kenneth French Data Library,"F-F_Research_Data_Factors, colonne RF",TBILL-1,source unique continue (aucun raccord),0
1988-01-31,US,257.472000,0.042055,Ibbotson US Large Cap total return,Morningstar / Ibbotson SBBI,Large Caps (col. H),US-1,socle historique (CSV redistribué),0
1988-02-29,BOND,336.710000,0.011870,"Bloomberg Barclays US Aggregate Bond, total return",Morningstar,AGG (col. F),BOND-2,socle historique (CSV redistribué),0
1988-02-29,EXUS,108.417000,0.066257,"MSCI ACWI ex USA, gross total return, USD",MSCI,ACWI ex USA (col. D),EXUS-2,socle historique (CSV redistribué),0
1988-02-29,TBILL,8.459368,0.004600,US 1-month Treasury bill,Kenneth French Data Library,"F-F_Research_Data_Factors, colonne RF",TBILL-1,source unique continue (aucun raccord),0
1988-02-29,US,269.474000,0.046615,Ibbotson US Large Cap total return,Morningstar / Ibbotson SBBI,Large Caps (col. H),US-1,socle historique (CSV redistribué),0
1988-03-31,BOND,333.550000,-0.009385,"Bloomberg Barclays US Aggregate Bond, total return",Morningstar,AGG (col. F),BOND-2,socle historique (CSV redistribué),0
1988-03-31,EXUS,115.193000,0.062499,"MSCI ACWI ex USA, gross total return, USD",MSCI,ACWI ex USA (col. D),EXUS-2,socle historique (CSV redistribué),0
1988-03-31,TBILL,8.496589,0.004400,US 1-month Treasury bill,Kenneth French Data Library,"F-F_Research_Data_Factors, colonne RF",TBILL-1,source unique continue (aucun raccord),0
1988-03-31,US,261.150000,-0.030890,Ibbotson US Large Cap total return,Morningstar / Ibbotson SBBI,Large Caps (col. H),US-1,socle historique (CSV redistribué),0
1988-04-30,BOND,331.750000,-0.005396,"Bloomberg Barclays US Aggregate Bond, total return",Morningstar,AGG (col. F),BOND-2,socle historique (CSV redistribué),0
1988-04-30,EXUS,116.875000,0.014602,"MSCI ACWI ex USA, gross total return, USD",MSCI,ACWI ex USA (col. D),EXUS-2,socle historique (CSV redistribué),0
1988-04-30,TBILL,8.535673,0.004600,US 1-month Treasury bill,Kenneth French Data Library,"F-F_Research_Data_Factors, colonne RF",TBILL-1,source unique continue (aucun raccord),0
1988-04-30,US,264.038000,0.011059,Ibbotson US Large Cap total return,Morningstar / Ibbotson SBBI,Large Caps (col. H),US-1,socle historique (CSV redistribué),0
1988-05-31,BOND,329.520000,-0.006722,"Bloomberg Barclays US Aggregate Bond, total return",Morningstar,AGG (col. F),BOND-2,socle historique (CSV redistribué),0
1988-05-31,EXUS,113.184000,-0.031581,"MSCI ACWI ex USA, gross total return, USD",MSCI,ACWI ex USA (col. D),EXUS-2,socle historique (CSV redistribué),0
1988-05-31,TBILL,8.579205,0.005100,US 1-month Treasury bill,Kenneth French Data Library,"F-F_Research_Data_Factors, colonne RF",TBILL-1,source unique continue (aucun raccord),0
1988-05-31,US,266.322000,0.008650,Ibbotson US Large Cap total return,Morningstar / Ibbotson SBBI,Large Caps (col. H),US-1,socle historique (CSV redistribué),0
1988-06-30,BOND,337.470000,0.024126,"Bloomberg Barclays US Aggregate Bond, total return",Morningstar,AGG (col. F),BOND-2,socle historique (CSV redistribué),0
1988-06-30,EXUS,110.702000,-0.021929,"MSCI ACWI ex USA, gross total return, USD",MSCI,ACWI ex USA (col. D),EXUS-2,socle historique (CSV redistribué),0
1988-06-30,TBILL,8.621243,0.004900,US 1-month Treasury bill,Kenneth French Data Library,"F-F_Research_Data_Factors, colonne RF",TBILL-1,source unique continue (aucun raccord),0
1988-06-30,US,278.543000,0.045888,Ibbotson US Large Cap total return,Morningstar / Ibbotson SBBI,Large Caps (col. H),US-1,socle historique (CSV redistribué),0
1988-07-31,BOND,335.700000,-0.005245,"Bloomberg Barclays US Aggregate Bond, total return",Morningstar,AGG (col. F),BOND-2,socle historique (CSV redistribué),0
1988-07-31,EXUS,113.927000,0.029132,"MSCI ACWI ex USA, gross total return, USD",MSCI,ACWI ex USA (col. D),EXUS-2,socle historique (CSV redistribué),0
1988-07-31,TBILL,8.665212,0.005100,US 1-month Treasury bill,Kenneth French Data Library,"F-F_Research_Data_Factors, colonne RF",TBILL-1,source unique continue (aucun raccord),0
1988-07-31,US,277.487000,-0.003791,Ibbotson US Large Cap total return,Morningstar / Ibbotson SBBI,Large Caps (col. H),US-1,socle historique (CSV redistribué),0
1988-08-31,BOND,336.580000,0.002621,"Bloomberg Barclays US Aggregate Bond, total return",Morningstar,AGG (col. F),BOND-2,socle historique (CSV redistribué),0
1988-08-31,EXUS,106.601000,-0.064304,"MSCI ACWI ex USA, gross total return, USD",MSCI,ACWI ex USA (col. D),EXUS-2,socle historique (CSV redistribué),0
1988-08-31,TBILL,8.716337,0.005900,US 1-month Treasury bill,Kenneth French Data Library,"F-F_Research_Data_Factors, colonne RF",TBILL-1,source unique continue (aucun raccord),0
1988-08-31,US,268.067000,-0.033948,Ibbotson US Large Cap total return,Morningstar / Ibbotson SBBI,Large Caps (col. H),US-1,socle historique (CSV redistribué),0
1988-09-30,BOND,344.200000,0.022639,"Bloomberg Barclays US Aggregate Bond, total return",Morningstar,AGG (col. F),BOND-2,socle historique (CSV redistribué),0
1988-09-30,EXUS,111.237000,0.043489,"MSCI ACWI ex USA, gross total return, USD",MSCI,ACWI ex USA (col. D),EXUS-2,socle historique (CSV redistribué),0
1988-09-30,TBILL,8.770378,0.006200,US 1-month Treasury bill,Kenneth French Data Library,"F-F_Research_Data_Factors, colonne RF",TBILL-1,source unique continue (aucun raccord),0
1988-09-30,US,279.488000,0.042605,Ibbotson US Large Cap total return,Morningstar / Ibbotson SBBI,Large Caps (col. H),US-1,socle historique (CSV redistribué),0
1988-10-31,BOND,350.680000,0.018826,"Bloomberg Barclays US Aggregate Bond, total return",Morningstar,AGG (col. F),BOND-2,socle historique (CSV redistribué),0
1988-10-31,EXUS,120.383000,0.082221,"MSCI ACWI ex USA, gross total return, USD",MSCI,ACWI ex USA (col. D),EXUS-2,socle historique (CSV redistribué),0
1988-10-31,TBILL,8.823877,0.006100,US 1-month Treasury bill,Kenneth French Data Library,"F-F_Research_Data_Factors, colonne RF",TBILL-1,source unique continue (aucun raccord),0
1988-10-31,US,287.270000,0.027844,Ibbotson US Large Cap total return,Morningstar / Ibbotson SBBI,Large Caps (col. H),US-1,socle historique (CSV redistribué),0
1988-11-30,BOND,346.420000,-0.012148,"Bloomberg Barclays US Aggregate Bond, total return",Morningstar,AGG (col. F),BOND-2,socle historique (CSV redistribué),0
1988-11-30,EXUS,127.099000,0.055789,"MSCI ACWI ex USA, gross total return, USD",MSCI,ACWI ex USA (col. D),EXUS-2,socle historique (CSV redistribué),0
1988-11-30,TBILL,8.874173,0.005700,US 1-month Treasury bill,Kenneth French Data Library,"F-F_Research_Data_Factors, colonne RF",TBILL-1,source unique continue (aucun raccord),0
1988-11-30,US,283.176000,-0.014251,Ibbotson US Large Cap total return,Morningstar / Ibbotson SBBI,Large Caps (col. H),US-1,socle historique (CSV redistribué),0
1988-12-31,BOND,346.810000,0.001126,"Bloomberg Barclays US Aggregate Bond, total return",Morningstar,AGG (col. F),BOND-2,socle historique (CSV redistribué),0
1988-12-31,EXUS,127.897000,0.006279,"MSCI ACWI ex USA, gross total return, USD",MSCI,ACWI ex USA (col. D),EXUS-2,socle historique (CSV redistribué),0
1988-12-31,TBILL,8.930081,0.006300,US 1-month Treasury bill,Kenneth French Data Library,"F-F_Research_Data_Factors, colonne RF",TBILL-1,source unique continue (aucun raccord),0
1988-12-31,US,288.116000,0.017445,Ibbotson US Large Cap total return,Morningstar / Ibbotson SBBI,Large Caps (col. H),US-1,socle historique (CSV redistribué),0
1989-01-31,BOND,351.800000,0.014388,"Bloomberg Barclays US Aggregate Bond, total return",Morningstar,AGG (col. F),BOND-2,socle historique (CSV redistribué),0
1989-01-31,EXUS,130.435000,0.019844,"MSCI ACWI ex USA, gross total return, USD",MSCI,ACWI ex USA (col. D),EXUS-2,socle historique (CSV redistribué),0
1989-01-31,TBILL,8.979196,0.005500,US 1-month Treasury bill,Kenneth French Data Library,"F-F_Research_Data_Factors, colonne RF",TBILL-1,source unique continue (aucun raccord),0
1989-01-31,US,309.214000,0.073227,Ibbotson US Large Cap total return,Morningstar / Ibbotson SBBI,Large Caps (col. H),US-1,socle historique (CSV redistribué),0
1989-02-28,BOND,349.250000,-0.007248,"Bloomberg Barclays US Aggregate Bond, total return",Morningstar,AGG (col. F),BOND-2,socle historique (CSV redistribué),0
1989-02-28,EXUS,131.020000,0.004485,"MSCI ACWI ex USA, gross total return, USD",MSCI,ACWI ex USA (col. D),EXUS-2,socle historique (CSV redistribué),0
1989-02-28,TBILL,9.033969,0.006100,US 1-month Treasury bill,Kenneth French Data Library,"F-F_Research_Data_Factors, colonne RF",TBILL-1,source unique continue (aucun raccord),0
1989-02-28,US,301.508000,-0.024921,Ibbotson US Large Cap total return,Morningstar / Ibbotson SBBI,Large Caps (col. H),US-1,socle historique (CSV redistribué),0
1989-03-31,BOND,350.760000,0.004324,"Bloomberg Barclays US Aggregate Bond, total return",Morningstar,AGG (col. F),BOND-2,socle historique (CSV redistribué),0
1989-03-31,EXUS,128.777000,-0.017120,"MSCI ACWI ex USA, gross total return, USD",MSCI,ACWI ex USA (col. D),EXUS-2,socle historique (CSV redistribué),0
1989-03-31,TBILL,9.094497,0.006700,US 1-month Treasury bill,Kenneth French Data Library,"F-F_Research_Data_Factors, colonne RF",TBILL-1,source unique continue (aucun raccord),0
1989-03-31,US,308.542000,0.023329,Ibbotson US Large Cap total return,Morningstar / Ibbotson SBBI,Large Caps (col. H),US-1,socle historique (CSV redistribué),0
1989-04-30,BOND,358.100000,0.020926,"Bloomberg Barclays US Aggregate Bond, total return",Morningstar,AGG (col. F),BOND-2,socle historique (CSV redistribué),0
1989-04-30,EXUS,130.407000,0.012658,"MSCI ACWI ex USA, gross total return, USD",MSCI,ACWI ex USA (col. D),EXUS-2,socle historique (CSV redistribué),0
1989-04-30,TBILL,9.155430,0.006700,US 1-month Treasury bill,Kenneth French Data Library,"F-F_Research_Data_Factors, colonne RF",TBILL-1,source unique continue (aucun raccord),0
1989-04-30,US,324.561000,0.051918,Ibbotson US Large Cap total return,Morningstar / Ibbotson SBBI,Large Caps (col. H),US-1,socle historique (CSV redistribué),0
1989-05-31,BOND,367.510000,0.026278,"Bloomberg Barclays US Aggregate Bond, total return",Morningstar,AGG (col. F),BOND-2,socle historique (CSV redistribué),0
1989-05-31,EXUS,123.755000,-0.051010,"MSCI ACWI ex USA, gross total return, USD",MSCI,ACWI ex USA (col. D),EXUS-2,socle historique (CSV redistribué),0
1989-05-31,TBILL,9.227758,0.007900,US 1-month Treasury bill,Kenneth French Data Library,"F-F_Research_Data_Factors, colonne RF",TBILL-1,source unique continue (aucun raccord),0
1989-05-31,US,337.693000,0.040461,Ibbotson US Large Cap total return,Morningstar / Ibbotson SBBI,Large Caps (col. H),US-1,socle historique (CSV redistribué),0
1989-06-30,BOND,378.700000,0.030448,"Bloomberg Barclays US Aggregate Bond, total return",Morningstar,AGG (col. F),BOND-2,socle historique (CSV redistribué),0
1989-06-30,EXUS,121.435000,-0.018747,"MSCI ACWI ex USA, gross total return, USD",MSCI,ACWI ex USA (col. D),EXUS-2,socle historique (CSV redistribué),0
1989-06-30,TBILL,9.293275,0.007100,US 1-month Treasury bill,Kenneth French Data Library,"F-F_Research_Data_Factors, colonne RF",TBILL-1,source unique continue (aucun raccord),0
1989-06-30,US,335.778000,-0.005671,Ibbotson US Large Cap total return,Morningstar / Ibbotson SBBI,Large Caps (col. H),US-1,socle historique (CSV redistribué),0
1989-07-31,BOND,386.750000,0.021257,"Bloomberg Barclays US Aggregate Bond, total return",Morningstar,AGG (col. F),BOND-2,socle historique (CSV redistribué),0
1989-07-31,EXUS,136.405000,0.123276,"MSCI ACWI ex USA, gross total return, USD",MSCI,ACWI ex USA (col. D),EXUS-2,socle historique (CSV redistribué),0
1989-07-31,TBILL,9.358328,0.007000,US 1-month Treasury bill,Kenneth French Data Library,"F-F_Research_Data_Factors, colonne RF",TBILL-1,source unique continue (aucun raccord),0
1989-07-31,US,366.095000,0.090289,Ibbotson US Large Cap total return,Morningstar / Ibbotson SBBI,Large Caps (col. H),US-1,socle historique (CSV redistribué),0
1989-08-31,BOND,381.020000,-0.014816,"Bloomberg Barclays US Aggregate Bond, total return",Morningstar,AGG (col. F),BOND-2,socle historique (CSV redistribué),0
1989-08-31,EXUS,130.740000,-0.041531,"MSCI ACWI ex USA, gross total return, USD",MSCI,ACWI ex USA (col. D),EXUS-2,socle historique (CSV redistribué),0
1989-08-31,TBILL,9.427579,0.007400,US 1-month Treasury bill,Kenneth French Data Library,"F-F_Research_Data_Factors, colonne RF",TBILL-1,source unique continue (aucun raccord),0
1989-08-31,US,373.252000,0.019550,Ibbotson US Large Cap total return,Morningstar / Ibbotson SBBI,Large Caps (col. H),US-1,socle historique (CSV redistribué),0
1989-09-30,BOND,382.970000,0.005118,"Bloomberg Barclays US Aggregate Bond, total return",Morningstar,AGG (col. F),BOND-2,socle historique (CSV redistribué),0
1989-09-30,EXUS,136.774000,0.046153,"MSCI ACWI ex USA, gross total return, USD",MSCI,ACWI ex USA (col. D),EXUS-2,socle historique (CSV redistribué),0
1989-09-30,TBILL,9.488859,0.006500,US 1-month Treasury bill,Kenneth French Data Library,"F-F_Research_Data_Factors, colonne RF",TBILL-1,source unique continue (aucun raccord),0
1989-09-30,US,371.738000,-0.004056,Ibbotson US Large Cap total return,Morningstar / Ibbotson SBBI,Large Caps (col. H),US-1,socle historique (CSV redistribué),0
1989-10-31,BOND,392.400000,0.024623,"Bloomberg Barclays US Aggregate Bond, total return",Morningstar,AGG (col. F),BOND-2,socle historique (CSV redistribué),0
1989-10-31,EXUS,131.766000,-0.036615,"MSCI ACWI ex USA, gross total return, USD",MSCI,ACWI ex USA (col. D),EXUS-2,socle historique (CSV redistribué),0
1989-10-31,TBILL,9.553383,0.006800,US 1-month Treasury bill,Kenneth French Data Library,"F-F_Research_Data_Factors, colonne RF",TBILL-1,source unique continue (aucun raccord),0
1989-10-31,US,363.106000,-0.023221,Ibbotson US Large Cap total return,Morningstar / Ibbotson SBBI,Large Caps (col. H),US-1,socle historique (CSV redistribué),0
1989-11-30,BOND,396.140000,0.009531,"Bloomberg Barclays US Aggregate Bond, total return",Morningstar,AGG (col. F),BOND-2,socle historique (CSV redistribué),0
1989-11-30,EXUS,138.101000,0.048078,"MSCI ACWI ex USA, gross total return, USD",MSCI,ACWI ex USA (col. D),EXUS-2,socle historique (CSV redistribué),0
1989-11-30,TBILL,9.619301,0.006900,US 1-month Treasury bill,Kenneth French Data Library,"F-F_Research_Data_Factors, colonne RF",TBILL-1,source unique continue (aucun raccord),0
1989-11-30,US,370.511000,0.020393,Ibbotson US Large Cap total return,Morningstar / Ibbotson SBBI,Large Caps (col. H),US-1,socle historique (CSV redistribué),0
1989-12-31,BOND,397.200000,0.002676,"Bloomberg Barclays US Aggregate Bond, total return",Morningstar,AGG (col. F),BOND-2,socle historique (CSV redistribué),0
1989-12-31,EXUS,143.286000,0.037545,"MSCI ACWI ex USA, gross total return, USD",MSCI,ACWI ex USA (col. D),EXUS-2,socle historique (CSV redistribué),0
1989-12-31,TBILL,9.677979,0.006100,US 1-month Treasury bill,Kenneth French Data Library,"F-F_Research_Data_Factors, colonne RF",TBILL-1,source unique continue (aucun raccord),0
1989-12-31,US,379.409000,0.024015,Ibbotson US Large Cap total return,Morningstar / Ibbotson SBBI,Large Caps (col. H),US-1,socle historique (CSV redistribué),0
1990-01-31,BOND,392.480000,-0.011883,"Bloomberg Barclays US Aggregate Bond, total return",Morningstar,AGG (col. F),BOND-2,socle historique (CSV redistribué),0
1990-01-31,EXUS,137.913000,-0.037498,"MSCI ACWI ex USA, gross total return, USD",MSCI,ACWI ex USA (col. D),EXUS-2,socle historique (CSV redistribué),0
1990-01-31,TBILL,9.733143,0.005700,US 1-month Treasury bill,Kenneth French Data Library,"F-F_Research_Data_Factors, colonne RF",TBILL-1,source unique continue (aucun raccord),0
1990-01-31,US,353.937000,-0.067136,Ibbotson US Large Cap total return,Morningstar / Ibbotson SBBI,Large Caps (col. H),US-1,socle historique (CSV redistribué),0
1990-02-28,BOND,393.750000,0.003236,"Bloomberg Barclays US Aggregate Bond, total return",Morningstar,AGG (col. F),BOND-2,socle historique (CSV redistribué),0
1990-02-28,EXUS,128.751000,-0.066433,"MSCI ACWI ex USA, gross total return, USD",MSCI,ACWI ex USA (col. D),EXUS-2,socle historique (CSV redistribué),0
1990-02-28,TBILL,9.788622,0.005700,US 1-month Treasury bill,Kenneth French Data Library,"F-F_Research_Data_Factors, colonne RF",TBILL-1,source unique continue (aucun raccord),0
1990-02-28,US,358.496000,0.012881,Ibbotson US Large Cap total return,Morningstar / Ibbotson SBBI,Large Caps (col. H),US-1,socle historique (CSV redistribué),0
1990-03-31,BOND,394.040000,0.000737,"Bloomberg Barclays US Aggregate Bond, total return",Morningstar,AGG (col. F),BOND-2,socle historique (CSV redistribué),0
1990-03-31,EXUS,115.699000,-0.101374,"MSCI ACWI ex USA, gross total return, USD",MSCI,ACWI ex USA (col. D),EXUS-2,socle historique (CSV redistribué),0
1990-03-31,TBILL,9.851269,0.006400,US 1-month Treasury bill,Kenneth French Data Library,"F-F_Research_Data_Factors, colonne RF",TBILL-1,source unique continue (aucun raccord),0
1990-03-31,US,367.995000,0.026497,Ibbotson US Large Cap total return,Morningstar / Ibbotson SBBI,Large Caps (col. H),US-1,socle historique (CSV redistribué),0
1990-04-30,BOND,390.430000,-0.009162,"Bloomberg Barclays US Aggregate Bond, total return",Morningstar,AGG (col. F),BOND-2,socle historique (CSV redistribué),0
1990-04-30,EXUS,114.718000,-0.008479,"MSCI ACWI ex USA, gross total return, USD",MSCI,ACWI ex USA (col. D),EXUS-2,socle historique (CSV redistribué),0
1990-04-30,TBILL,9.919243,0.006900,US 1-month Treasury bill,Kenneth French Data Library,"F-F_Research_Data_Factors, colonne RF",TBILL-1,source unique continue (aucun raccord),0
1990-04-30,US,358.815000,-0.024946,Ibbotson US Large Cap total return,Morningstar / Ibbotson SBBI,Large Caps (col. H),US-1,socle historique (CSV redistribué),0
1990-05-31,BOND,401.990000,0.029608,"Bloomberg Barclays US Aggregate Bond, total return",Morningstar,AGG (col. F),BOND-2,socle historique (CSV redistribué),0
1990-05-31,EXUS,127.413000,0.110663,"MSCI ACWI ex USA, gross total return, USD",MSCI,ACWI ex USA (col. D),EXUS-2,socle historique (CSV redistribué),0
1990-05-31,TBILL,9.986694,0.006800,US 1-month Treasury bill,Kenneth French Data Library,"F-F_Research_Data_Factors, colonne RF",TBILL-1,source unique continue (aucun raccord),0
1990-05-31,US,393.801000,0.097504,Ibbotson US Large Cap total return,Morningstar / Ibbotson SBBI,Large Caps (col. H),US-1,socle historique (CSV redistribué),0
1990-06-30,BOND,408.440000,0.016045,"Bloomberg Barclays US Aggregate Bond, total return",Morningstar,AGG (col. F),BOND-2,socle historique (CSV redistribué),0
1990-06-30,EXUS,126.361000,-0.008257,"MSCI ACWI ex USA, gross total return, USD",MSCI,ACWI ex USA (col. D),EXUS-2,socle historique (CSV redistribué),0
1990-06-30,TBILL,10.049610,0.006300,US 1-month Treasury bill,Kenneth French Data Library,"F-F_Research_Data_Factors, colonne RF",TBILL-1,source unique continue (aucun raccord),0
1990-06-30,US,391.144000,-0.006747,Ibbotson US Large Cap total return,Morningstar / Ibbotson SBBI,Large Caps (col. H),US-1,socle historique (CSV redistribué),0
1990-07-31,BOND,414.090000,0.013833,"Bloomberg Barclays US Aggregate Bond, total return",Morningstar,AGG (col. F),BOND-2,socle historique (CSV redistribué),0
1990-07-31,EXUS,128.387000,0.016033,"MSCI ACWI ex USA, gross total return, USD",MSCI,ACWI ex USA (col. D),EXUS-2,socle historique (CSV redistribué),0
1990-07-31,TBILL,10.117948,0.006800,US 1-month Treasury bill,Kenneth French Data Library,"F-F_Research_Data_Factors, colonne RF",TBILL-1,source unique continue (aucun raccord),0
1990-07-31,US,389.890000,-0.003206,Ibbotson US Large Cap total return,Morningstar / Ibbotson SBBI,Large Caps (col. H),US-1,socle historique (CSV redistribué),0
1990-08-31,BOND,408.560000,-0.013355,"Bloomberg Barclays US Aggregate Bond, total return",Morningstar,AGG (col. F),BOND-2,socle historique (CSV redistribué),0
1990-08-31,EXUS,116.154000,-0.095282,"MSCI ACWI ex USA, gross total return, USD",MSCI,ACWI ex USA (col. D),EXUS-2,socle historique (CSV redistribué),0
1990-08-31,TBILL,10.184726,0.006600,US 1-month Treasury bill,Kenneth French Data Library,"F-F_Research_Data_Factors, colonne RF",TBILL-1,source unique continue (aucun raccord),0
1990-08-31,US,354.648000,-0.090390,Ibbotson US Large Cap total return,Morningstar / Ibbotson SBBI,Large Caps (col. H),US-1,socle historique (CSV redistribué),0
1990-09-30,BOND,411.940000,0.008273,"Bloomberg Barclays US Aggregate Bond, total return",Morningstar,AGG (col. F),BOND-2,socle historique (CSV redistribué),0
1990-09-30,EXUS,100.671000,-0.133297,"MSCI ACWI ex USA, gross total return, USD",MSCI,ACWI ex USA (col. D),EXUS-2,socle historique (CSV redistribué),0
1990-09-30,TBILL,10.245834,0.006000,US 1-month Treasury bill,Kenneth French Data Library,"F-F_Research_Data_Factors, colonne RF",TBILL-1,source unique continue (aucun raccord),0
1990-09-30,US,337.389000,-0.048665,Ibbotson US Large Cap total return,Morningstar / Ibbotson SBBI,Large Caps (col. H),US-1,socle historique (CSV redistribué),0
1990-10-31,BOND,417.170000,0.012696,"Bloomberg Barclays US Aggregate Bond, total return",Morningstar,AGG (col. F),BOND-2,socle historique (CSV redistribué),0
1990-10-31,EXUS,115.122000,0.143547,"MSCI ACWI ex USA, gross total return, USD",MSCI,ACWI ex USA (col. D),EXUS-2,socle historique (CSV redistribué),0
1990-10-31,TBILL,10.315506,0.006800,US 1-month Treasury bill,Kenneth French Data Library,"F-F_Research_Data_Factors, colonne RF",TBILL-1,source unique continue (aucun raccord),0
1990-10-31,US,335.810000,-0.004680,Ibbotson US Large Cap total return,Morningstar / Ibbotson SBBI,Large Caps (col. H),US-1,socle historique (CSV redistribué),0
1990-11-30,BOND,426.150000,0.021526,"Bloomberg Barclays US Aggregate Bond, total return",Morningstar,AGG (col. F),BOND-2,socle historique (CSV redistribué),0
1990-11-30,EXUS,108.723000,-0.055585,"MSCI ACWI ex USA, gross total return, USD",MSCI,ACWI ex USA (col. D),EXUS-2,socle historique (CSV redistribué),0
1990-11-30,TBILL,10.374304,0.005700,US 1-month Treasury bill,Kenneth French Data Library,"F-F_Research_Data_Factors, colonne RF",TBILL-1,source unique continue (aucun raccord),1
1990-11-30,US,357.668000,0.065090,Ibbotson US Large Cap total return,Morningstar / Ibbotson SBBI,Large Caps (col. H),US-1,socle historique (CSV redistribué),0
1990-12-31,BOND,432.790000,0.015581,"Bloomberg Barclays US Aggregate Bond, total return",Morningstar,AGG (col. F),BOND-2,socle historique (CSV redistribué),0
1990-12-31,EXUS,110.708000,0.018257,"MSCI ACWI ex USA, gross total return, USD",MSCI,ACWI ex USA (col. D),EXUS-2,socle historique (CSV redistribué),0
1990-12-31,TBILL,10.436550,0.006000,US 1-month Treasury bill,Kenneth French Data Library,"F-F_Research_Data_Factors, colonne RF",TBILL-1,source unique continue (aucun raccord),0
1990-12-31,US,367.631000,0.027855,Ibbotson US Large Cap total return,Morningstar / Ibbotson SBBI,Large Caps (col. H),US-1,socle historique (CSV redistribué),0
1991-01-31,BOND,438.140000,0.012362,"Bloomberg Barclays US Aggregate Bond, total return",Morningstar,AGG (col. F),BOND-2,socle historique (CSV redistribué),0
1991-01-31,EXUS,114.168000,0.031253,"MSCI ACWI ex USA, gross total return, USD",MSCI,ACWI ex USA (col. D),EXUS-2,socle historique (CSV redistribué),0
1991-01-31,TBILL,10.490820,0.005200,US 1-month Treasury bill,Kenneth French Data Library,"F-F_Research_Data_Factors, colonne RF",TBILL-1,source unique continue (aucun raccord),0
1991-01-31,US,383.642000,0.043552,Ibbotson US Large Cap total return,Morningstar / Ibbotson SBBI,Large Caps (col. H),US-1,socle historique (CSV redistribué),0
1991-02-28,BOND,441.880000,0.008536,"Bloomberg Barclays US Aggregate Bond, total return",Morningstar,AGG (col. F),BOND-2,socle historique (CSV redistribué),0
1991-02-28,EXUS,126.430000,0.107403,"MSCI ACWI ex USA, gross total return, USD",MSCI,ACWI ex USA (col. D),EXUS-2,socle historique (CSV redistribué),0
1991-02-28,TBILL,10.541176,0.004800,US 1-month Treasury bill,Kenneth French Data Library,"F-F_Research_Data_Factors, colonne RF",TBILL-1,source unique continue (aucun raccord),0
1991-02-28,US,411.078000,0.071515,Ibbotson US Large Cap total return,Morningstar / Ibbotson SBBI,Large Caps (col. H),US-1,socle historique (CSV redistribué),0
1991-03-31,BOND,444.920000,0.006880,"Bloomberg Barclays US Aggregate Bond, total return",Morningstar,AGG (col. F),BOND-2,socle historique (CSV redistribué),0
1991-03-31,EXUS,119.472000,-0.055034,"MSCI ACWI ex USA, gross total return, USD",MSCI,ACWI ex USA (col. D),EXUS-2,socle historique (CSV redistribué),0
1991-03-31,TBILL,10.587557,0.004400,US 1-month Treasury bill,Kenneth French Data Library,"F-F_Research_Data_Factors, colonne RF",TBILL-1,source unique continue (aucun raccord),0
1991-03-31,US,421.032000,0.024214,Ibbotson US Large Cap total return,Morningstar / Ibbotson SBBI,Large Caps (col. H),US-1,socle historique (CSV redistribué),0
1991-04-30,BOND,449.740000,0.010833,"Bloomberg Barclays US Aggregate Bond, total return",Morningstar,AGG (col. F),BOND-2,socle historique (CSV redistribué),0
1991-04-30,EXUS,120.770000,0.010864,"MSCI ACWI ex USA, gross total return, USD",MSCI,ACWI ex USA (col. D),EXUS-2,socle historique (CSV redistribué),0
1991-04-30,TBILL,10.643672,0.005300,US 1-month Treasury bill,Kenneth French Data Library,"F-F_Research_Data_Factors, colonne RF",TBILL-1,source unique continue (aucun raccord),0
1991-04-30,US,422.029000,0.002368,Ibbotson US Large Cap total return,Morningstar / Ibbotson SBBI,Large Caps (col. H),US-1,socle historique (CSV redistribué),0
1991-05-31,BOND,452.370000,0.005848,"Bloomberg Barclays US Aggregate Bond, total return",Morningstar,AGG (col. F),BOND-2,socle historique (CSV redistribué),0
1991-05-31,EXUS,122.485000,0.014201,"MSCI ACWI ex USA, gross total return, USD",MSCI,ACWI ex USA (col. D),EXUS-2,socle historique (CSV redistribué),0
1991-05-31,TBILL,10.693697,0.004700,US 1-month Treasury bill,Kenneth French Data Library,"F-F_Research_Data_Factors, colonne RF",TBILL-1,source unique continue (aucun raccord),0
1991-05-31,US,440.235000,0.043139,Ibbotson US Large Cap total return,Morningstar / Ibbotson SBBI,Large Caps (col. H),US-1,socle historique (CSV redistribué),0
1991-06-30,BOND,452.140000,-0.000508,"Bloomberg Barclays US Aggregate Bond, total return",Morningstar,AGG (col. F),BOND-2,socle historique (CSV redistribué),0
1991-06-30,EXUS,113.966000,-0.069551,"MSCI ACWI ex USA, gross total return, USD",MSCI,ACWI ex USA (col. D),EXUS-2,socle historique (CSV redistribué),0
1991-06-30,TBILL,10.738610,0.004200,US 1-month Treasury bill,Kenneth French Data Library,"F-F_Research_Data_Factors, colonne RF",TBILL-1,source unique continue (aucun raccord),0
1991-06-30,US,420.067000,-0.045812,Ibbotson US Large Cap total return,Morningstar / Ibbotson SBBI,Large Caps (col. H),US-1,socle historique (CSV redistribué),0
1991-07-31,BOND,458.410000,0.013867,"Bloomberg Barclays US Aggregate Bond, total return",Morningstar,AGG (col. F),BOND-2,socle historique (CSV redistribué),0
1991-07-31,EXUS,119.442000,0.048049,"MSCI ACWI ex USA, gross total return, USD",MSCI,ACWI ex USA (col. D),EXUS-2,socle historique (CSV redistribué),0
1991-07-31,TBILL,10.791229,0.004900,US 1-month Treasury bill,Kenneth French Data Library,"F-F_Research_Data_Factors, colonne RF",TBILL-1,source unique continue (aucun raccord),0
1991-07-31,US,439.646000,0.046609,Ibbotson US Large Cap total return,Morningstar / Ibbotson SBBI,Large Caps (col. H),US-1,socle historique (CSV redistribué),0
1991-08-31,BOND,468.330000,0.021640,"Bloomberg Barclays US Aggregate Bond, total return",Morningstar,AGG (col. F),BOND-2,socle historique (CSV redistribué),0
1991-08-31,EXUS,117.391000,-0.017172,"MSCI ACWI ex USA, gross total return, USD",MSCI,ACWI ex USA (col. D),EXUS-2,socle historique (CSV redistribué),0
1991-08-31,TBILL,10.840869,0.004600,US 1-month Treasury bill,Kenneth French Data Library,"F-F_Research_Data_Factors, colonne RF",TBILL-1,source unique continue (aucun raccord),0
1991-08-31,US,450.062000,0.023692,Ibbotson US Large Cap total return,Morningstar / Ibbotson SBBI,Large Caps (col. H),US-1,socle historique (CSV redistribué),0
1991-09-30,BOND,477.820000,0.020263,"Bloomberg Barclays US Aggregate Bond, total return",Morningstar,AGG (col. F),BOND-2,socle historique (CSV redistribué),0
1991-09-30,EXUS,123.364000,0.050881,"MSCI ACWI ex USA, gross total return, USD",MSCI,ACWI ex USA (col. D),EXUS-2,socle historique (CSV redistribué),0
1991-09-30,TBILL,10.890737,0.004600,US 1-month Treasury bill,Kenneth French Data Library,"F-F_Research_Data_Factors, colonne RF",TBILL-1,source unique continue (aucun raccord),0
1991-09-30,US,442.530000,-0.016735,Ibbotson US Large Cap total return,Morningstar / Ibbotson SBBI,Large Caps (col. H),US-1,socle historique (CSV redistribué),0
1991-10-31,BOND,483.140000,0.011134,"Bloomberg Barclays US Aggregate Bond, total return",Morningstar,AGG (col. F),BOND-2,socle historique (CSV redistribué),0
1991-10-31,EXUS,125.521000,0.017485,"MSCI ACWI ex USA, gross total return, USD",MSCI,ACWI ex USA (col. D),EXUS-2,socle historique (CSV redistribué),0
1991-10-31,TBILL,10.936478,0.004200,US 1-month Treasury bill,Kenneth French Data Library,"F-F_Research_Data_Factors, colonne RF",TBILL-1,source unique continue (aucun raccord),0
1991-10-31,US,448.480000,0.013445,Ibbotson US Large Cap total return,Morningstar / Ibbotson SBBI,Large Caps (col. H),US-1,socle historique (CSV redistribué),0
1991-11-30,BOND,487.570000,0.009169,"Bloomberg Barclays US Aggregate Bond, total return",Morningstar,AGG (col. F),BOND-2,socle historique (CSV redistribué),0
1991-11-30,EXUS,119.930000,-0.044542,"MSCI ACWI ex USA, gross total return, USD",MSCI,ACWI ex USA (col. D),EXUS-2,socle historique (CSV redistribué),0
1991-11-30,TBILL,10.979130,0.003900,US 1-month Treasury bill,Kenneth French Data Library,"F-F_Research_Data_Factors, colonne RF",TBILL-1,source unique continue (aucun raccord),1
1991-11-30,US,430.409000,-0.040294,Ibbotson US Large Cap total return,Morningstar / Ibbotson SBBI,Large Caps (col. H),US-1,socle historique (CSV redistribué),0
1991-12-31,BOND,502.050000,0.029698,"Bloomberg Barclays US Aggregate Bond, total return",Morningstar,AGG (col. F),BOND-2,socle historique (CSV redistribué),0
1991-12-31,EXUS,126.156000,0.051914,"MSCI ACWI ex USA, gross total return, USD",MSCI,ACWI ex USA (col. D),EXUS-2,socle historique (CSV redistribué),0
1991-12-31,TBILL,11.020851,0.003800,US 1-month Treasury bill,Kenneth French Data Library,"F-F_Research_Data_Factors, colonne RF",TBILL-1,source unique continue (aucun raccord),0
1991-12-31,US,479.633000,0.114366,Ibbotson US Large Cap total return,Morningstar / Ibbotson SBBI,Large Caps (col. H),US-1,socle historique (CSV redistribué),0
1992-01-31,BOND,495.220000,-0.013604,"Bloomberg Barclays US Aggregate Bond, total return",Morningstar,AGG (col. F),BOND-2,socle historique (CSV redistribué),0
1992-01-31,EXUS,124.398000,-0.013935,"MSCI ACWI ex USA, gross total return, USD",MSCI,ACWI ex USA (col. D),EXUS-2,socle historique (CSV redistribué),0
1992-01-31,TBILL,11.058322,0.003400,US 1-month Treasury bill,Kenneth French Data Library,"F-F_Research_Data_Factors, colonne RF",TBILL-1,source unique continue (aucun raccord),0
1992-01-31,US,470.695000,-0.018635,Ibbotson US Large Cap total return,Morningstar / Ibbotson SBBI,Large Caps (col. H),US-1,socle historique (CSV redistribué),0
1992-02-29,BOND,498.442000,0.006506,"Bloomberg Barclays US Aggregate Bond, total return",Morningstar,AGG (col. F),BOND-2,socle historique (CSV redistribué),0
1992-02-29,EXUS,120.578000,-0.030708,"MSCI ACWI ex USA, gross total return, USD",MSCI,ACWI ex USA (col. D),EXUS-2,socle historique (CSV redistribué),0
1992-02-29,TBILL,11.089285,0.002800,US 1-month Treasury bill,Kenneth French Data Library,"F-F_Research_Data_Factors, colonne RF",TBILL-1,source unique continue (aucun raccord),0
1992-02-29,US,476.792000,0.012953,Ibbotson US Large Cap total return,Morningstar / Ibbotson SBBI,Large Caps (col. H),US-1,socle historique (CSV redistribué),0
1992-03-31,BOND,495.634000,-0.005634,"Bloomberg Barclays US Aggregate Bond, total return",Morningstar,AGG (col. F),BOND-2,socle historique (CSV redistribué),0
1992-03-31,EXUS,113.286000,-0.060475,"MSCI ACWI ex USA, gross total return, USD",MSCI,ACWI ex USA (col. D),EXUS-2,socle historique (CSV redistribué),0
1992-03-31,TBILL,11.126989,0.003400,US 1-month Treasury bill,Kenneth French Data Library,"F-F_Research_Data_Factors, colonne RF",TBILL-1,source unique continue (aucun raccord),0
1992-03-31,US,467.518000,-0.019451,Ibbotson US Large Cap total return,Morningstar / Ibbotson SBBI,Large Caps (col. H),US-1,socle historique (CSV redistribué),0
1992-04-30,BOND,499.210000,0.007215,"Bloomberg Barclays US Aggregate Bond, total return",Morningstar,AGG (col. F),BOND-2,socle historique (CSV redistribué),0
1992-04-30,EXUS,113.658000,0.003284,"MSCI ACWI ex USA, gross total return, USD",MSCI,ACWI ex USA (col. D),EXUS-2,socle historique (CSV redistribué),0
1992-04-30,TBILL,11.162595,0.003200,US 1-month Treasury bill,Kenneth French Data Library,"F-F_Research_Data_Factors, colonne RF",TBILL-1,source unique continue (aucun raccord),0
1992-04-30,US,481.245000,0.029361,Ibbotson US Large Cap total return,Morningstar / Ibbotson SBBI,Large Caps (col. H),US-1,socle historique (CSV redistribué),0
1992-05-31,BOND,508.631000,0.018872,"Bloomberg Barclays US Aggregate Bond, total return",Morningstar,AGG (col. F),BOND-2,socle historique (CSV redistribué),0
1992-05-31,EXUS,120.559000,0.060717,"MSCI ACWI ex USA, gross total return, USD",MSCI,ACWI ex USA (col. D),EXUS-2,socle historique (CSV redistribué),0
1992-05-31,TBILL,11.193851,0.002800,US 1-month Treasury bill,Kenneth French Data Library,"F-F_Research_Data_Factors, colonne RF",TBILL-1,source unique continue (aucun raccord),0
1992-05-31,US,483.604000,0.004902,Ibbotson US Large Cap total return,Morningstar / Ibbotson SBBI,Large Caps (col. H),US-1,socle historique (CSV redistribué),0
1992-06-30,BOND,515.629000,0.013759,"Bloomberg Barclays US Aggregate Bond, total return",Morningstar,AGG (col. F),BOND-2,socle historique (CSV redistribué),0
1992-06-30,EXUS,114.741000,-0.048259,"MSCI ACWI ex USA, gross total return, USD",MSCI,ACWI ex USA (col. D),EXUS-2,socle historique (CSV redistribué),0
1992-06-30,TBILL,11.229671,0.003200,US 1-month Treasury bill,Kenneth French Data Library,"F-F_Research_Data_Factors, colonne RF",TBILL-1,source unique continue (aucun raccord),0
1992-06-30,US,476.409000,-0.014878,Ibbotson US Large Cap total return,Morningstar / Ibbotson SBBI,Large Caps (col. H),US-1,socle historique (CSV redistribué),0
1992-07-31,BOND,526.154000,0.020412,"Bloomberg Barclays US Aggregate Bond, total return",Morningstar,AGG (col. F),BOND-2,socle historique (CSV redistribué),0
1992-07-31,EXUS,112.300000,-0.021274,"MSCI ACWI ex USA, gross total return, USD",MSCI,ACWI ex USA (col. D),EXUS-2,socle historique (CSV redistribué),0
1992-07-31,TBILL,11.264483,0.003100,US 1-month Treasury bill,Kenneth French Data Library,"F-F_Research_Data_Factors, colonne RF",TBILL-1,source unique continue (aucun raccord),0
1992-07-31,US,495.872000,0.040854,Ibbotson US Large Cap total return,Morningstar / Ibbotson SBBI,Large Caps (col. H),US-1,socle historique (CSV redistribué),0
1992-08-31,BOND,531.480000,0.010123,"Bloomberg Barclays US Aggregate Bond, total return",Morningstar,AGG (col. F),BOND-2,socle historique (CSV redistribué),0
1992-08-31,EXUS,118.289000,0.053330,"MSCI ACWI ex USA, gross total return, USD",MSCI,ACWI ex USA (col. D),EXUS-2,socle historique (CSV redistribué),0
1992-08-31,TBILL,11.293771,0.002600,US 1-month Treasury bill,Kenneth French Data Library,"F-F_Research_Data_Factors, colonne RF",TBILL-1,source unique continue (aucun raccord),0
1992-08-31,US,485.724000,-0.020465,Ibbotson US Large Cap total return,Morningstar / Ibbotson SBBI,Large Caps (col. H),US-1,socle historique (CSV redistribué),0
1992-09-30,BOND,537.785000,0.011863,"Bloomberg Barclays US Aggregate Bond, total return",Morningstar,AGG (col. F),BOND-2,socle historique (CSV redistribué),0
1992-09-30,EXUS,115.862000,-0.020518,"MSCI ACWI ex USA, gross total return, USD",MSCI,ACWI ex USA (col. D),EXUS-2,socle historique (CSV redistribué),0
1992-09-30,TBILL,11.323134,0.002600,US 1-month Treasury bill,Kenneth French Data Library,"F-F_Research_Data_Factors, colonne RF",TBILL-1,source unique continue (aucun raccord),0
1992-09-30,US,491.431000,0.011749,Ibbotson US Large Cap total return,Morningstar / Ibbotson SBBI,Large Caps (col. H),US-1,socle historique (CSV redistribué),0
1992-10-31,BOND,530.651000,-0.013266,"Bloomberg Barclays US Aggregate Bond, total return",Morningstar,AGG (col. F),BOND-2,socle historique (CSV redistribué),0
1992-10-31,EXUS,110.774000,-0.043914,"MSCI ACWI ex USA, gross total return, USD",MSCI,ACWI ex USA (col. D),EXUS-2,socle historique (CSV redistribué),0
1992-10-31,TBILL,11.349178,0.002300,US 1-month Treasury bill,Kenneth French Data Library,"F-F_Research_Data_Factors, colonne RF",TBILL-1,source unique continue (aucun raccord),0
1992-10-31,US,493.129000,0.003455,Ibbotson US Large Cap total return,Morningstar / Ibbotson SBBI,Large Caps (col. H),US-1,socle historique (CSV redistribué),0
1992-11-30,BOND,530.772000,0.000228,"Bloomberg Barclays US Aggregate Bond, total return",Morningstar,AGG (col. F),BOND-2,socle historique (CSV redistribué),0
1992-11-30,EXUS,111.387000,0.005534,"MSCI ACWI ex USA, gross total return, USD",MSCI,ACWI ex USA (col. D),EXUS-2,socle historique (CSV redistribué),0
1992-11-30,TBILL,11.375281,0.002300,US 1-month Treasury bill,Kenneth French Data Library,"F-F_Research_Data_Factors, colonne RF",TBILL-1,source unique continue (aucun raccord),1
1992-11-30,US,509.921000,0.034052,Ibbotson US Large Cap total return,Morningstar / Ibbotson SBBI,Large Caps (col. H),US-1,socle historique (CSV redistribué),0
1992-12-31,BOND,539.212000,0.015901,"Bloomberg Barclays US Aggregate Bond, total return",Morningstar,AGG (col. F),BOND-2,socle historique (CSV redistribué),0
1992-12-31,EXUS,112.317000,0.008349,"MSCI ACWI ex USA, gross total return, USD",MSCI,ACWI ex USA (col. D),EXUS-2,socle historique (CSV redistribué),0
1992-12-31,TBILL,11.407131,0.002800,US 1-month Treasury bill,Kenneth French Data Library,"F-F_Research_Data_Factors, colonne RF",TBILL-1,source unique continue (aucun raccord),0
1992-12-31,US,516.179000,0.012272,Ibbotson US Large Cap total return,Morningstar / Ibbotson SBBI,Large Caps (col. H),US-1,socle historique (CSV redistribué),0
1993-01-31,BOND,549.553000,0.019178,"Bloomberg Barclays US Aggregate Bond, total return",Morningstar,AGG (col. F),BOND-2,socle historique (CSV redistribué),0
1993-01-31,EXUS,112.304000,-0.000116,"MSCI ACWI ex USA, gross total return, USD",MSCI,ACWI ex USA (col. D),EXUS-2,socle historique (CSV redistribué),0
1993-01-31,TBILL,11.433368,0.002300,US 1-month Treasury bill,Kenneth French Data Library,"F-F_Research_Data_Factors, colonne RF",TBILL-1,source unique continue (aucun raccord),0
1993-01-31,US,520.494000,0.008360,Ibbotson US Large Cap total return,Morningstar / Ibbotson SBBI,Large Caps (col. H),US-1,socle historique (CSV redistribué),0
1993-02-28,BOND,559.166000,0.017492,"Bloomberg Barclays US Aggregate Bond, total return",Morningstar,AGG (col. F),BOND-2,socle historique (CSV redistribué),0
1993-02-28,EXUS,115.741000,0.030604,"MSCI ACWI ex USA, gross total return, USD",MSCI,ACWI ex USA (col. D),EXUS-2,socle historique (CSV redistribué),0
1993-02-28,TBILL,11.458521,0.002200,US 1-month Treasury bill,Kenneth French Data Library,"F-F_Research_Data_Factors, colonne RF",TBILL-1,source unique continue (aucun raccord),0
1993-02-28,US,527.588000,0.013629,Ibbotson US Large Cap total return,Morningstar / Ibbotson SBBI,Large Caps (col. H),US-1,socle historique (CSV redistribué),0
1993-03-31,BOND,561.505000,0.004183,"Bloomberg Barclays US Aggregate Bond, total return",Morningstar,AGG (col. F),BOND-2,socle historique (CSV redistribué),0
1993-03-31,EXUS,125.271000,0.082339,"MSCI ACWI ex USA, gross total return, USD",MSCI,ACWI ex USA (col. D),EXUS-2,socle historique (CSV redistribué),0
1993-03-31,TBILL,11.487168,0.002500,US 1-month Treasury bill,Kenneth French Data Library,"F-F_Research_Data_Factors, colonne RF",TBILL-1,source unique continue (aucun raccord),0
1993-03-31,US,538.719000,0.021098,Ibbotson US Large Cap total return,Morningstar / Ibbotson SBBI,Large Caps (col. H),US-1,socle historique (CSV redistribué),0
1993-04-30,BOND,565.410000,0.006955,"Bloomberg Barclays US Aggregate Bond, total return",Morningstar,AGG (col. F),BOND-2,socle historique (CSV redistribué),0
1993-04-30,EXUS,136.336000,0.088329,"MSCI ACWI ex USA, gross total return, USD",MSCI,ACWI ex USA (col. D),EXUS-2,socle historique (CSV redistribué),0
1993-04-30,TBILL,11.514737,0.002400,US 1-month Treasury bill,Kenneth French Data Library,"F-F_Research_Data_Factors, colonne RF",TBILL-1,source unique continue (aucun raccord),0
1993-04-30,US,525.698000,-0.024170,Ibbotson US Large Cap total return,Morningstar / Ibbotson SBBI,Large Caps (col. H),US-1,socle historique (CSV redistribué),0
1993-05-31,BOND,566.127000,0.001268,"Bloomberg Barclays US Aggregate Bond, total return",Morningstar,AGG (col. F),BOND-2,socle historique (CSV redistribué),0
1993-05-31,EXUS,139.371000,0.022261,"MSCI ACWI ex USA, gross total return, USD",MSCI,ACWI ex USA (col. D),EXUS-2,socle historique (CSV redistribué),0
1993-05-31,TBILL,11.540069,0.002200,US 1-month Treasury bill,Kenneth French Data Library,"F-F_Research_Data_Factors, colonne RF",TBILL-1,source unique continue (aucun raccord),0
1993-05-31,US,539.761000,0.026751,Ibbotson US Large Cap total return,Morningstar / Ibbotson SBBI,Large Caps (col. H),US-1,socle historique (CSV redistribué),0
1993-06-30,BOND,576.386000,0.018121,"Bloomberg Barclays US Aggregate Bond, total return",Morningstar,AGG (col. F),BOND-2,socle historique (CSV redistribué),0
1993-06-30,EXUS,137.703000,-0.011968,"MSCI ACWI ex USA, gross total return, USD",MSCI,ACWI ex USA (col. D),EXUS-2,socle historique (CSV redistribué),0
1993-06-30,TBILL,11.568919,0.002500,US 1-month Treasury bill,Kenneth French Data Library,"F-F_Research_Data_Factors, colonne RF",TBILL-1,source unique continue (aucun raccord),0
1993-06-30,US,541.342000,0.002929,Ibbotson US Large Cap total return,Morningstar / Ibbotson SBBI,Large Caps (col. H),US-1,socle historique (CSV redistribué),0
1993-07-31,BOND,579.645000,0.005654,"Bloomberg Barclays US Aggregate Bond, total return",Morningstar,AGG (col. F),BOND-2,socle historique (CSV redistribué),0
1993-07-31,EXUS,142.280000,0.033238,"MSCI ACWI ex USA, gross total return, USD",MSCI,ACWI ex USA (col. D),EXUS-2,socle historique (CSV redistribué),0
1993-07-31,TBILL,11.596685,0.002400,US 1-month Treasury bill,Kenneth French Data Library,"F-F_Research_Data_Factors, colonne RF",TBILL-1,source unique continue (aucun raccord),0
1993-07-31,US,539.164000,-0.004023,Ibbotson US Large Cap total return,Morningstar / Ibbotson SBBI,Large Caps (col. H),US-1,socle historique (CSV redistribué),0
1993-08-31,BOND,589.811000,0.017538,"Bloomberg Barclays US Aggregate Bond, total return",Morningstar,AGG (col. F),BOND-2,socle historique (CSV redistribué),0
1993-08-31,EXUS,149.916000,0.053669,"MSCI ACWI ex USA, gross total return, USD",MSCI,ACWI ex USA (col. D),EXUS-2,socle historique (CSV redistribué),0
1993-08-31,TBILL,11.625676,0.002500,US 1-month Treasury bill,Kenneth French Data Library,"F-F_Research_Data_Factors, colonne RF",TBILL-1,source unique continue (aucun raccord),0
1993-08-31,US,559.621000,0.037942,Ibbotson US Large Cap total return,Morningstar / Ibbotson SBBI,Large Caps (col. H),US-1,socle historique (CSV redistribué),0
1993-09-30,BOND,591.431000,0.002747,"Bloomberg Barclays US Aggregate Bond, total return",Morningstar,AGG (col. F),BOND-2,socle historique (CSV redistribué),0
1993-09-30,EXUS,146.834000,-0.020558,"MSCI ACWI ex USA, gross total return, USD",MSCI,ACWI ex USA (col. D),EXUS-2,socle historique (CSV redistribué),0
1993-09-30,TBILL,11.655903,0.002600,US 1-month Treasury bill,Kenneth French Data Library,"F-F_Research_Data_Factors, colonne RF",TBILL-1,source unique continue (aucun raccord),0
1993-09-30,US,555.329000,-0.007669,Ibbotson US Large Cap total return,Morningstar / Ibbotson SBBI,Large Caps (col. H),US-1,socle historique (CSV redistribué),0
1993-10-31,BOND,593.638000,0.003732,"Bloomberg Barclays US Aggregate Bond, total return",Morningstar,AGG (col. F),BOND-2,socle historique (CSV redistribué),0
1993-10-31,EXUS,152.145000,0.036170,"MSCI ACWI ex USA, gross total return, USD",MSCI,ACWI ex USA (col. D),EXUS-2,socle historique (CSV redistribué),0
1993-10-31,TBILL,11.681546,0.002200,US 1-month Treasury bill,Kenneth French Data Library,"F-F_Research_Data_Factors, colonne RF",TBILL-1,source unique continue (aucun raccord),0
1993-10-31,US,566.817000,0.020687,Ibbotson US Large Cap total return,Morningstar / Ibbotson SBBI,Large Caps (col. H),US-1,socle historique (CSV redistribué),0
1993-11-30,BOND,588.591000,-0.008502,"Bloomberg Barclays US Aggregate Bond, total return",Morningstar,AGG (col. F),BOND-2,socle historique (CSV redistribué),0
1993-11-30,EXUS,140.558000,-0.076158,"MSCI ACWI ex USA, gross total return, USD",MSCI,ACWI ex USA (col. D),EXUS-2,socle historique (CSV redistribué),0
1993-11-30,TBILL,11.710750,0.002500,US 1-month Treasury bill,Kenneth French Data Library,"F-F_Research_Data_Factors, colonne RF",TBILL-1,source unique continue (aucun raccord),0
1993-11-30,US,561.414000,-0.009532,Ibbotson US Large Cap total return,Morningstar / Ibbotson SBBI,Large Caps (col. H),US-1,socle historique (CSV redistribué),0
1993-12-31,BOND,591.781000,0.005420,"Bloomberg Barclays US Aggregate Bond, total return",Morningstar,AGG (col. F),BOND-2,socle historique (CSV redistribué),0
1993-12-31,EXUS,151.521000,0.077996,"MSCI ACWI ex USA, gross total return, USD",MSCI,ACWI ex USA (col. D),EXUS-2,socle historique (CSV redistribué),0
1993-12-31,TBILL,11.737685,0.002300,US 1-month Treasury bill,Kenneth French Data Library,"F-F_Research_Data_Factors, colonne RF",TBILL-1,source unique continue (aucun raccord),0
1993-12-31,US,568.202000,0.012091,Ibbotson US Large Cap total return,Morningstar / Ibbotson SBBI,Large Caps (col. H),US-1,socle historique (CSV redistribué),0
1994-01-31,BOND,599.771000,0.013502,"Bloomberg Barclays US Aggregate Bond, total return",Morningstar,AGG (col. F),BOND-2,socle historique (CSV redistribué),0
1994-01-31,EXUS,163.982000,0.082239,"MSCI ACWI ex USA, gross total return, USD",MSCI,ACWI ex USA (col. D),EXUS-2,socle historique (CSV redistribué),0
1994-01-31,TBILL,11.767029,0.002500,US 1-month Treasury bill,Kenneth French Data Library,"F-F_Research_Data_Factors, colonne RF",TBILL-1,source unique continue (aucun raccord),0
1994-01-31,US,587.520000,0.033998,Ibbotson US Large Cap total return,Morningstar / Ibbotson SBBI,Large Caps (col. H),US-1,socle historique (CSV redistribué),0
1994-02-28,BOND,589.351000,-0.017373,"Bloomberg Barclays US Aggregate Bond, total return",Morningstar,AGG (col. F),BOND-2,socle historique (CSV redistribué),0
1994-02-28,EXUS,162.742000,-0.007562,"MSCI ACWI ex USA, gross total return, USD",MSCI,ACWI ex USA (col. D),EXUS-2,socle historique (CSV redistribué),0
1994-02-28,TBILL,11.791740,0.002100,US 1-month Treasury bill,Kenneth French Data Library,"F-F_Research_Data_Factors, colonne RF",TBILL-1,source unique continue (aucun raccord),0
1994-02-28,US,571.573000,-0.027143,Ibbotson US Large Cap total return,Morningstar / Ibbotson SBBI,Large Caps (col. H),US-1,socle historique (CSV redistribué),0
1994-03-31,BOND,574.819000,-0.024658,"Bloomberg Barclays US Aggregate Bond, total return",Morningstar,AGG (col. F),BOND-2,socle historique (CSV redistribué),0
1994-03-31,EXUS,155.288000,-0.045803,"MSCI ACWI ex USA, gross total return, USD",MSCI,ACWI ex USA (col. D),EXUS-2,socle historique (CSV redistribué),0
1994-03-31,TBILL,11.823577,0.002700,US 1-month Treasury bill,Kenneth French Data Library,"F-F_Research_Data_Factors, colonne RF",TBILL-1,source unique continue (aucun raccord),0
1994-03-31,US,546.654000,-0.043597,Ibbotson US Large Cap total return,Morningstar / Ibbotson SBBI,Large Caps (col. H),US-1,socle historique (CSV redistribué),0
1994-04-30,BOND,570.230000,-0.007983,"Bloomberg Barclays US Aggregate Bond, total return",Morningstar,AGG (col. F),BOND-2,socle historique (CSV redistribué),0
1994-04-30,EXUS,160.556000,0.033924,"MSCI ACWI ex USA, gross total return, USD",MSCI,ACWI ex USA (col. D),EXUS-2,socle historique (CSV redistribué),0
1994-04-30,TBILL,11.855501,0.002700,US 1-month Treasury bill,Kenneth French Data Library,"F-F_Research_Data_Factors, colonne RF",TBILL-1,source unique continue (aucun raccord),0
1994-04-30,US,553.664000,0.012823,Ibbotson US Large Cap total return,Morningstar / Ibbotson SBBI,Large Caps (col. H),US-1,socle historique (CSV redistribué),0
1994-05-31,BOND,570.151000,-0.000139,"Bloomberg Barclays US Aggregate Bond, total return",Morningstar,AGG (col. F),BOND-2,socle historique (CSV redistribué),0
1994-05-31,EXUS,160.610000,0.000336,"MSCI ACWI ex USA, gross total return, USD",MSCI,ACWI ex USA (col. D),EXUS-2,socle historique (CSV redistribué),0
1994-05-31,TBILL,11.893439,0.003200,US 1-month Treasury bill,Kenneth French Data Library,"F-F_Research_Data_Factors, colonne RF",TBILL-1,source unique continue (aucun raccord),0
1994-05-31,US,562.751000,0.016412,Ibbotson US Large Cap total return,Morningstar / Ibbotson SBBI,Large Caps (col. H),US-1,socle historique (CSV redistribué),0
1994-06-30,BOND,568.889000,-0.002213,"Bloomberg Barclays US Aggregate Bond, total return",Morningstar,AGG (col. F),BOND-2,socle historique (CSV redistribué),0
1994-06-30,EXUS,161.749000,0.007092,"MSCI ACWI ex USA, gross total return, USD",MSCI,ACWI ex USA (col. D),EXUS-2,socle historique (CSV redistribué),0
1994-06-30,TBILL,11.930308,0.003100,US 1-month Treasury bill,Kenneth French Data Library,"F-F_Research_Data_Factors, colonne RF",TBILL-1,source unique continue (aucun raccord),0
1994-06-30,US,548.957000,-0.024512,Ibbotson US Large Cap total return,Morningstar / Ibbotson SBBI,Large Caps (col. H),US-1,socle historique (CSV redistribué),0
1994-07-31,BOND,580.192000,0.019869,"Bloomberg Barclays US Aggregate Bond, total return",Morningstar,AGG (col. F),BOND-2,socle historique (CSV redistribué),0
1994-07-31,EXUS,164.379000,0.016260,"MSCI ACWI ex USA, gross total return, USD",MSCI,ACWI ex USA (col. D),EXUS-2,socle historique (CSV redistribué),0
1994-07-31,TBILL,11.963713,0.002800,US 1-month Treasury bill,Kenneth French Data Library,"F-F_Research_Data_Factors, colonne RF",TBILL-1,source unique continue (aucun raccord),0
1994-07-31,US,566.983000,0.032837,Ibbotson US Large Cap total return,Morningstar / Ibbotson SBBI,Large Caps (col. H),US-1,socle historique (CSV redistribué),0
1994-08-31,BOND,580.908000,0.001234,"Bloomberg Barclays US Aggregate Bond, total return",Morningstar,AGG (col. F),BOND-2,socle historique (CSV redistribué),0
1994-08-31,EXUS,169.910000,0.033648,"MSCI ACWI ex USA, gross total return, USD",MSCI,ACWI ex USA (col. D),EXUS-2,socle historique (CSV redistribué),0
1994-08-31,TBILL,12.007979,0.003700,US 1-month Treasury bill,Kenneth French Data Library,"F-F_Research_Data_Factors, colonne RF",TBILL-1,source unique continue (aucun raccord),0
1994-08-31,US,590.229000,0.040999,Ibbotson US Large Cap total return,Morningstar / Ibbotson SBBI,Large Caps (col. H),US-1,socle historique (CSV redistribué),0
1994-09-30,BOND,572.359000,-0.014717,"Bloomberg Barclays US Aggregate Bond, total return",Morningstar,AGG (col. F),BOND-2,socle historique (CSV redistribué),0
1994-09-30,EXUS,165.704000,-0.024754,"MSCI ACWI ex USA, gross total return, USD",MSCI,ACWI ex USA (col. D),EXUS-2,socle historique (CSV redistribué),0
1994-09-30,TBILL,12.052409,0.003700,US 1-month Treasury bill,Kenneth French Data Library,"F-F_Research_Data_Factors, colonne RF",TBILL-1,source unique continue (aucun raccord),0
1994-09-30,US,575.795000,-0.024455,Ibbotson US Large Cap total return,Morningstar / Ibbotson SBBI,Large Caps (col. H),US-1,socle historique (CSV redistribué),0
1994-10-31,BOND,571.846000,-0.000896,"Bloomberg Barclays US Aggregate Bond, total return",Morningstar,AGG (col. F),BOND-2,socle historique (CSV redistribué),0
1994-10-31,EXUS,170.158000,0.026879,"MSCI ACWI ex USA, gross total return, USD",MSCI,ACWI ex USA (col. D),EXUS-2,socle historique (CSV redistribué),0
1994-10-31,TBILL,12.098208,0.003800,US 1-month Treasury bill,Kenneth French Data Library,"F-F_Research_Data_Factors, colonne RF",TBILL-1,source unique continue (aucun raccord),0
1994-10-31,US,588.731000,0.022466,Ibbotson US Large Cap total return,Morningstar / Ibbotson SBBI,Large Caps (col. H),US-1,socle historique (CSV redistribué),0
1994-11-30,BOND,570.579000,-0.002216,"Bloomberg Barclays US Aggregate Bond, total return",Morningstar,AGG (col. F),BOND-2,socle historique (CSV redistribué),0
1994-11-30,EXUS,161.950000,-0.048238,"MSCI ACWI ex USA, gross total return, USD",MSCI,ACWI ex USA (col. D),EXUS-2,socle historique (CSV redistribué),0
1994-11-30,TBILL,12.142971,0.003700,US 1-month Treasury bill,Kenneth French Data Library,"F-F_Research_Data_Factors, colonne RF",TBILL-1,source unique continue (aucun raccord),0
1994-11-30,US,567.290000,-0.036419,Ibbotson US Large Cap total return,Morningstar / Ibbotson SBBI,Large Caps (col. H),US-1,socle historique (CSV redistribué),0
1994-12-31,BOND,574.524000,0.006914,"Bloomberg Barclays US Aggregate Bond, total return",Morningstar,AGG (col. F),BOND-2,socle historique (CSV redistribué),0
1994-12-31,EXUS,161.571000,-0.002340,"MSCI ACWI ex USA, gross total return, USD",MSCI,ACWI ex USA (col. D),EXUS-2,socle historique (CSV redistribué),0
1994-12-31,TBILL,12.196400,0.004400,US 1-month Treasury bill,Kenneth French Data Library,"F-F_Research_Data_Factors, colonne RF",TBILL-1,source unique continue (aucun raccord),0
1994-12-31,US,575.705000,0.014834,Ibbotson US Large Cap total return,Morningstar / Ibbotson SBBI,Large Caps (col. H),US-1,socle historique (CSV redistribué),0
1995-01-31,BOND,585.894000,0.019790,"Bloomberg Barclays US Aggregate Bond, total return",Morningstar,AGG (col. F),BOND-2,socle historique (CSV redistribué),0
1995-01-31,EXUS,154.243000,-0.045355,"MSCI ACWI ex USA, gross total return, USD",MSCI,ACWI ex USA (col. D),EXUS-2,socle historique (CSV redistribué),0
1995-01-31,TBILL,12.247625,0.004200,US 1-month Treasury bill,Kenneth French Data Library,"F-F_Research_Data_Factors, colonne RF",TBILL-1,source unique continue (aucun raccord),0
1995-01-31,US,590.635000,0.025933,Ibbotson US Large Cap total return,Morningstar / Ibbotson SBBI,Large Caps (col. H),US-1,socle historique (CSV redistribué),0
1995-02-28,BOND,599.823000,0.023774,"Bloomberg Barclays US Aggregate Bond, total return",Morningstar,AGG (col. F),BOND-2,socle historique (CSV redistribué),0
1995-02-28,EXUS,153.399000,-0.005472,"MSCI ACWI ex USA, gross total return, USD",MSCI,ACWI ex USA (col. D),EXUS-2,socle historique (CSV redistribué),0
1995-02-28,TBILL,12.296616,0.004000,US 1-month Treasury bill,Kenneth French Data Library,"F-F_Research_Data_Factors, colonne RF",TBILL-1,source unique continue (aucun raccord),0
1995-02-28,US,613.653000,0.038972,Ibbotson US Large Cap total return,Morningstar / Ibbotson SBBI,Large Caps (col. H),US-1,socle historique (CSV redistribué),0
1995-03-31,BOND,603.500000,0.006130,"Bloomberg Barclays US Aggregate Bond, total return",Morningstar,AGG (col. F),BOND-2,socle historique (CSV redistribué),0
1995-03-31,EXUS,162.066000,0.056500,"MSCI ACWI ex USA, gross total return, USD",MSCI,ACWI ex USA (col. D),EXUS-2,socle historique (CSV redistribué),0
1995-03-31,TBILL,12.353180,0.004600,US 1-month Treasury bill,Kenneth French Data Library,"F-F_Research_Data_Factors, colonne RF",TBILL-1,source unique continue (aucun raccord),0
1995-03-31,US,631.760000,0.029507,Ibbotson US Large Cap total return,Morningstar / Ibbotson SBBI,Large Caps (col. H),US-1,socle historique (CSV redistribué),0
1995-04-30,BOND,611.933000,0.013973,"Bloomberg Barclays US Aggregate Bond, total return",Morningstar,AGG (col. F),BOND-2,socle historique (CSV redistribué),0
1995-04-30,EXUS,168.388000,0.039009,"MSCI ACWI ex USA, gross total return, USD",MSCI,ACWI ex USA (col. D),EXUS-2,socle historique (CSV redistribué),0
1995-04-30,TBILL,12.407534,0.004400,US 1-month Treasury bill,Kenneth French Data Library,"F-F_Research_Data_Factors, colonne RF",TBILL-1,source unique continue (aucun raccord),0
1995-04-30,US,650.363000,0.029446,Ibbotson US Large Cap total return,Morningstar / Ibbotson SBBI,Large Caps (col. H),US-1,socle historique (CSV redistribué),0
1995-05-31,BOND,635.613000,0.038697,"Bloomberg Barclays US Aggregate Bond, total return",Morningstar,AGG (col. F),BOND-2,socle historique (CSV redistribué),0
1995-05-31,EXUS,167.644000,-0.004418,"MSCI ACWI ex USA, gross total return, USD",MSCI,ACWI ex USA (col. D),EXUS-2,socle historique (CSV redistribué),0
1995-05-31,TBILL,12.474535,0.005400,US 1-month Treasury bill,Kenneth French Data Library,"F-F_Research_Data_Factors, colonne RF",TBILL-1,source unique continue (aucun raccord),0
1995-05-31,US,676.357000,0.039968,Ibbotson US Large Cap total return,Morningstar / Ibbotson SBBI,Large Caps (col. H),US-1,socle historique (CSV redistribué),0
1995-06-30,BOND,640.272000,0.007330,"Bloomberg Barclays US Aggregate Bond, total return",Morningstar,AGG (col. F),BOND-2,socle historique (CSV redistribué),0
1995-06-30,EXUS,165.325000,-0.013833,"MSCI ACWI ex USA, gross total return, USD",MSCI,ACWI ex USA (col. D),EXUS-2,socle historique (CSV redistribué),0
1995-06-30,TBILL,12.533165,0.004700,US 1-month Treasury bill,Kenneth French Data Library,"F-F_Research_Data_Factors, colonne RF",TBILL-1,source unique continue (aucun raccord),0
1995-06-30,US,692.067000,0.023227,Ibbotson US Large Cap total return,Morningstar / Ibbotson SBBI,Large Caps (col. H),US-1,socle historique (CSV redistribué),0
1995-07-31,BOND,638.843000,-0.002232,"Bloomberg Barclays US Aggregate Bond, total return",Morningstar,AGG (col. F),BOND-2,socle historique (CSV redistribué),0
1995-07-31,EXUS,174.713000,0.056785,"MSCI ACWI ex USA, gross total return, USD",MSCI,ACWI ex USA (col. D),EXUS-2,socle historique (CSV redistribué),0
1995-07-31,TBILL,12.589564,0.004500,US 1-month Treasury bill,Kenneth French Data Library,"F-F_Research_Data_Factors, colonne RF",TBILL-1,source unique continue (aucun raccord),0
1995-07-31,US,715.018000,0.033163,Ibbotson US Large Cap total return,Morningstar / Ibbotson SBBI,Large Caps (col. H),US-1,socle historique (CSV redistribué),0
1995-08-31,BOND,646.545000,0.012056,"Bloomberg Barclays US Aggregate Bond, total return",Morningstar,AGG (col. F),BOND-2,socle historique (CSV redistribué),0
1995-08-31,EXUS,168.651000,-0.034697,"MSCI ACWI ex USA, gross total return, USD",MSCI,ACWI ex USA (col. D),EXUS-2,socle historique (CSV redistribué),0
1995-08-31,TBILL,12.648735,0.004700,US 1-month Treasury bill,Kenneth French Data Library,"F-F_Research_Data_Factors, colonne RF",TBILL-1,source unique continue (aucun raccord),0
1995-08-31,US,716.816000,0.002515,Ibbotson US Large Cap total return,Morningstar / Ibbotson SBBI,Large Caps (col. H),US-1,socle historique (CSV redistribué),0
1995-09-30,BOND,652.840000,0.009736,"Bloomberg Barclays US Aggregate Bond, total return",Morningstar,AGG (col. F),BOND-2,socle historique (CSV redistribué),0
1995-09-30,EXUS,171.533000,0.017089,"MSCI ACWI ex USA, gross total return, USD",MSCI,ACWI ex USA (col. D),EXUS-2,socle historique (CSV redistribué),0
1995-09-30,TBILL,12.703125,0.004300,US 1-month Treasury bill,Kenneth French Data Library,"F-F_Research_Data_Factors, colonne RF",TBILL-1,source unique continue (aucun raccord),0
1995-09-30,US,747.067000,0.042202,Ibbotson US Large Cap total return,Morningstar / Ibbotson SBBI,Large Caps (col. H),US-1,socle historique (CSV redistribué),0
1995-10-31,BOND,661.328000,0.013002,"Bloomberg Barclays US Aggregate Bond, total return",Morningstar,AGG (col. F),BOND-2,socle historique (CSV redistribué),0
1995-10-31,EXUS,166.950000,-0.026718,"MSCI ACWI ex USA, gross total return, USD",MSCI,ACWI ex USA (col. D),EXUS-2,socle historique (CSV redistribué),0
1995-10-31,TBILL,12.762829,0.004700,US 1-month Treasury bill,Kenneth French Data Library,"F-F_Research_Data_Factors, colonne RF",TBILL-1,source unique continue (aucun raccord),0
1995-10-31,US,744.396000,-0.003575,Ibbotson US Large Cap total return,Morningstar / Ibbotson SBBI,Large Caps (col. H),US-1,socle historique (CSV redistribué),0
1995-11-30,BOND,671.236000,0.014982,"Bloomberg Barclays US Aggregate Bond, total return",Morningstar,AGG (col. F),BOND-2,socle historique (CSV redistribué),0
1995-11-30,EXUS,170.871000,0.023486,"MSCI ACWI ex USA, gross total return, USD",MSCI,ACWI ex USA (col. D),EXUS-2,socle historique (CSV redistribué),0
1995-11-30,TBILL,12.816433,0.004200,US 1-month Treasury bill,Kenneth French Data Library,"F-F_Research_Data_Factors, colonne RF",TBILL-1,source unique continue (aucun raccord),0
1995-11-30,US,777.075000,0.043900,Ibbotson US Large Cap total return,Morningstar / Ibbotson SBBI,Large Caps (col. H),US-1,socle historique (CSV redistribué),0
1995-12-31,BOND,680.660000,0.014040,"Bloomberg Barclays US Aggregate Bond, total return",Morningstar,AGG (col. F),BOND-2,socle historique (CSV redistribué),0
1995-12-31,EXUS,177.627000,0.039539,"MSCI ACWI ex USA, gross total return, USD",MSCI,ACWI ex USA (col. D),EXUS-2,socle historique (CSV redistribué),0
1995-12-31,TBILL,12.879234,0.004900,US 1-month Treasury bill,Kenneth French Data Library,"F-F_Research_Data_Factors, colonne RF",TBILL-1,source unique continue (aucun raccord),0
1995-12-31,US,792.042000,0.019261,Ibbotson US Large Cap total return,Morningstar / Ibbotson SBBI,Large Caps (col. H),US-1,socle historique (CSV redistribué),0
1996-01-31,BOND,685.175000,0.006633,"Bloomberg Barclays US Aggregate Bond, total return",Morningstar,AGG (col. F),BOND-2,socle historique (CSV redistribué),0
1996-01-31,EXUS,180.067000,0.013737,"MSCI ACWI ex USA, gross total return, USD",MSCI,ACWI ex USA (col. D),EXUS-2,socle historique (CSV redistribué),0
1996-01-31,TBILL,12.934614,0.004300,US 1-month Treasury bill,Kenneth French Data Library,"F-F_Research_Data_Factors, colonne RF",TBILL-1,source unique continue (aucun raccord),0
1996-01-31,US,819.000000,0.034036,Ibbotson US Large Cap total return,Morningstar / Ibbotson SBBI,Large Caps (col. H),US-1,socle historique (CSV redistribué),0
1996-02-29,BOND,673.268000,-0.017378,"Bloomberg Barclays US Aggregate Bond, total return",Morningstar,AGG (col. F),BOND-2,socle historique (CSV redistribué),0
1996-02-29,EXUS,180.074000,0.000039,"MSCI ACWI ex USA, gross total return, USD",MSCI,ACWI ex USA (col. D),EXUS-2,socle historique (CSV redistribué),0
1996-02-29,TBILL,12.985059,0.003900,US 1-month Treasury bill,Kenneth French Data Library,"F-F_Research_Data_Factors, colonne RF",TBILL-1,source unique continue (aucun raccord),0
1996-02-29,US,826.594000,0.009272,Ibbotson US Large Cap total return,Morningstar / Ibbotson SBBI,Large Caps (col. H),US-1,socle historique (CSV redistribué),0
1996-03-31,BOND,668.586000,-0.006954,"Bloomberg Barclays US Aggregate Bond, total return",Morningstar,AGG (col. F),BOND-2,socle historique (CSV redistribué),0
1996-03-31,EXUS,183.426000,0.018615,"MSCI ACWI ex USA, gross total return, USD",MSCI,ACWI ex USA (col. D),EXUS-2,socle historique (CSV redistribué),0
1996-03-31,TBILL,13.035701,0.003900,US 1-month Treasury bill,Kenneth French Data Library,"F-F_Research_Data_Factors, colonne RF",TBILL-1,source unique continue (aucun raccord),0
1996-03-31,US,834.550000,0.009625,Ibbotson US Large Cap total return,Morningstar / Ibbotson SBBI,Large Caps (col. H),US-1,socle historique (CSV redistribué),0
1996-04-30,BOND,664.828000,-0.005621,"Bloomberg Barclays US Aggregate Bond, total return",Morningstar,AGG (col. F),BOND-2,socle historique (CSV redistribué),0
1996-04-30,EXUS,188.991000,0.030339,"MSCI ACWI ex USA, gross total return, USD",MSCI,ACWI ex USA (col. D),EXUS-2,socle historique (CSV redistribué),0
1996-04-30,TBILL,13.095665,0.004600,US 1-month Treasury bill,Kenneth French Data Library,"F-F_Research_Data_Factors, colonne RF",TBILL-1,source unique continue (aucun raccord),0
1996-04-30,US,846.855000,0.014744,Ibbotson US Large Cap total return,Morningstar / Ibbotson SBBI,Large Caps (col. H),US-1,socle historique (CSV redistribué),0
1996-05-31,BOND,663.482000,-0.002025,"Bloomberg Barclays US Aggregate Bond, total return",Morningstar,AGG (col. F),BOND-2,socle historique (CSV redistribué),0
1996-05-31,EXUS,186.153000,-0.015017,"MSCI ACWI ex USA, gross total return, USD",MSCI,ACWI ex USA (col. D),EXUS-2,socle historique (CSV redistribué),0
1996-05-31,TBILL,13.150667,0.004200,US 1-month Treasury bill,Kenneth French Data Library,"F-F_Research_Data_Factors, colonne RF",TBILL-1,source unique continue (aucun raccord),0
1996-05-31,US,868.694000,0.025788,Ibbotson US Large Cap total return,Morningstar / Ibbotson SBBI,Large Caps (col. H),US-1,socle historique (CSV redistribué),0
1996-06-30,BOND,672.394000,0.013432,"Bloomberg Barclays US Aggregate Bond, total return",Morningstar,AGG (col. F),BOND-2,socle historique (CSV redistribué),0
1996-06-30,EXUS,187.097000,0.005071,"MSCI ACWI ex USA, gross total return, USD",MSCI,ACWI ex USA (col. D),EXUS-2,socle historique (CSV redistribué),0
1996-06-30,TBILL,13.203270,0.004000,US 1-month Treasury bill,Kenneth French Data Library,"F-F_Research_Data_Factors, colonne RF",TBILL-1,source unique continue (aucun raccord),0
1996-06-30,US,872.009000,0.003816,Ibbotson US Large Cap total return,Morningstar / Ibbotson SBBI,Large Caps (col. H),US-1,socle historique (CSV redistribué),0
1996-07-31,BOND,674.233000,0.002735,"Bloomberg Barclays US Aggregate Bond, total return",Morningstar,AGG (col. F),BOND-2,socle historique (CSV redistribué),0
1996-07-31,EXUS,180.877000,-0.033245,"MSCI ACWI ex USA, gross total return, USD",MSCI,ACWI ex USA (col. D),EXUS-2,socle historique (CSV redistribué),0
1996-07-31,TBILL,13.262685,0.004500,US 1-month Treasury bill,Kenneth French Data Library,"F-F_Research_Data_Factors, colonne RF",TBILL-1,source unique continue (aucun raccord),0
1996-07-31,US,833.483000,-0.044181,Ibbotson US Large Cap total return,Morningstar / Ibbotson SBBI,Large Caps (col. H),US-1,socle historique (CSV redistribué),0
1996-08-31,BOND,673.104000,-0.001674,"Bloomberg Barclays US Aggregate Bond, total return",Morningstar,AGG (col. F),BOND-2,socle historique (CSV redistribué),0
1996-08-31,EXUS,181.938000,0.005866,"MSCI ACWI ex USA, gross total return, USD",MSCI,ACWI ex USA (col. D),EXUS-2,socle historique (CSV redistribué),0
1996-08-31,TBILL,13.317062,0.004100,US 1-month Treasury bill,Kenneth French Data Library,"F-F_Research_Data_Factors, colonne RF",TBILL-1,source unique continue (aucun raccord),0
1996-08-31,US,851.065000,0.021095,Ibbotson US Large Cap total return,Morningstar / Ibbotson SBBI,Large Caps (col. H),US-1,socle historique (CSV redistribué),0
1996-09-30,BOND,684.826000,0.017415,"Bloomberg Barclays US Aggregate Bond, total return",Morningstar,AGG (col. F),BOND-2,socle historique (CSV redistribué),0
1996-09-30,EXUS,186.456000,0.024833,"MSCI ACWI ex USA, gross total return, USD",MSCI,ACWI ex USA (col. D),EXUS-2,socle historique (CSV redistribué),0
1996-09-30,TBILL,13.375657,0.004400,US 1-month Treasury bill,Kenneth French Data Library,"F-F_Research_Data_Factors, colonne RF",TBILL-1,source unique continue (aucun raccord),0
1996-09-30,US,898.967000,0.056285,Ibbotson US Large Cap total return,Morningstar / Ibbotson SBBI,Large Caps (col. H),US-1,socle historique (CSV redistribué),0
1996-10-31,BOND,700.003000,0.022162,"Bloomberg Barclays US Aggregate Bond, total return",Morningstar,AGG (col. F),BOND-2,socle historique (CSV redistribué),0
1996-10-31,EXUS,184.589000,-0.010013,"MSCI ACWI ex USA, gross total return, USD",MSCI,ACWI ex USA (col. D),EXUS-2,socle historique (CSV redistribué),0
1996-10-31,TBILL,13.431834,0.004200,US 1-month Treasury bill,Kenneth French Data Library,"F-F_Research_Data_Factors, colonne RF",TBILL-1,source unique continue (aucun raccord),0
1996-10-31,US,923.761000,0.027581,Ibbotson US Large Cap total return,Morningstar / Ibbotson SBBI,Large Caps (col. H),US-1,socle historique (CSV redistribué),0
1996-11-30,BOND,711.993000,0.017128,"Bloomberg Barclays US Aggregate Bond, total return",Morningstar,AGG (col. F),BOND-2,socle historique (CSV redistribué),0
1996-11-30,EXUS,191.710000,0.038578,"MSCI ACWI ex USA, gross total return, USD",MSCI,ACWI ex USA (col. D),EXUS-2,socle historique (CSV redistribué),0
1996-11-30,TBILL,13.486905,0.004100,US 1-month Treasury bill,Kenneth French Data Library,"F-F_Research_Data_Factors, colonne RF",TBILL-1,source unique continue (aucun raccord),0
1996-11-30,US,993.585000,0.075587,Ibbotson US Large Cap total return,Morningstar / Ibbotson SBBI,Large Caps (col. H),US-1,socle historique (CSV redistribué),0
1996-12-31,BOND,705.372000,-0.009299,"Bloomberg Barclays US Aggregate Bond, total return",Morningstar,AGG (col. F),BOND-2,socle historique (CSV redistribué),0
1996-12-31,EXUS,189.490000,-0.011580,"MSCI ACWI ex USA, gross total return, USD",MSCI,ACWI ex USA (col. D),EXUS-2,socle historique (CSV redistribué),0
1996-12-31,TBILL,13.548945,0.004600,US 1-month Treasury bill,Kenneth French Data Library,"F-F_Research_Data_Factors, colonne RF",TBILL-1,source unique continue (aucun raccord),0
1996-12-31,US,973.898000,-0.019814,Ibbotson US Large Cap total return,Morningstar / Ibbotson SBBI,Large Caps (col. H),US-1,socle historique (CSV redistribué),0
1997-01-31,BOND,707.529000,0.003058,"Bloomberg Barclays US Aggregate Bond, total return",Morningstar,AGG (col. F),BOND-2,socle historique (CSV redistribué),0
1997-01-31,EXUS,186.009000,-0.018370,"MSCI ACWI ex USA, gross total return, USD",MSCI,ACWI ex USA (col. D),EXUS-2,socle historique (CSV redistribué),0
1997-01-31,TBILL,13.609915,0.004500,US 1-month Treasury bill,Kenneth French Data Library,"F-F_Research_Data_Factors, colonne RF",TBILL-1,source unique continue (aucun raccord),0
1997-01-31,US,1034.742000,0.062475,Ibbotson US Large Cap total return,Morningstar / Ibbotson SBBI,Large Caps (col. H),US-1,socle historique (CSV redistribué),0
1997-02-28,BOND,709.287000,0.002485,"Bloomberg Barclays US Aggregate Bond, total return",Morningstar,AGG (col. F),BOND-2,socle historique (CSV redistribué),0
1997-02-28,EXUS,189.420000,0.018338,"MSCI ACWI ex USA, gross total return, USD",MSCI,ACWI ex USA (col. D),EXUS-2,socle historique (CSV redistribué),0
1997-02-28,TBILL,13.662994,0.003900,US 1-month Treasury bill,Kenneth French Data Library,"F-F_Research_Data_Factors, colonne RF",TBILL-1,source unique continue (aucun raccord),0
1997-02-28,US,1042.852000,0.007838,Ibbotson US Large Cap total return,Morningstar / Ibbotson SBBI,Large Caps (col. H),US-1,socle historique (CSV redistribué),0
1997-03-31,BOND,701.425000,-0.011084,"Bloomberg Barclays US Aggregate Bond, total return",Morningstar,AGG (col. F),BOND-2,socle historique (CSV redistribué),0
1997-03-31,EXUS,189.023000,-0.002096,"MSCI ACWI ex USA, gross total return, USD",MSCI,ACWI ex USA (col. D),EXUS-2,socle historique (CSV redistribué),0
1997-03-31,TBILL,13.721745,0.004300,US 1-month Treasury bill,Kenneth French Data Library,"F-F_Research_Data_Factors, colonne RF",TBILL-1,source unique continue (aucun raccord),0
1997-03-31,US,1000.003000,-0.041088,Ibbotson US Large Cap total return,Morningstar / Ibbotson SBBI,Large Caps (col. H),US-1,socle historique (CSV redistribué),0
1997-04-30,BOND,711.933000,0.014981,"Bloomberg Barclays US Aggregate Bond, total return",Morningstar,AGG (col. F),BOND-2,socle historique (CSV redistribué),0
1997-04-30,EXUS,190.617000,0.008433,"MSCI ACWI ex USA, gross total return, USD",MSCI,ACWI ex USA (col. D),EXUS-2,socle historique (CSV redistribué),0
1997-04-30,TBILL,13.780748,0.004300,US 1-month Treasury bill,Kenneth French Data Library,"F-F_Research_Data_Factors, colonne RF",TBILL-1,source unique continue (aucun raccord),0
1997-04-30,US,1059.701000,0.059698,Ibbotson US Large Cap total return,Morningstar / Ibbotson SBBI,Large Caps (col. H),US-1,socle historique (CSV redistribué),0
1997-05-31,BOND,718.661000,0.009450,"Bloomberg Barclays US Aggregate Bond, total return",Morningstar,AGG (col. F),BOND-2,socle historique (CSV redistribué),0
1997-05-31,EXUS,202.391000,0.061768,"MSCI ACWI ex USA, gross total return, USD",MSCI,ACWI ex USA (col. D),EXUS-2,socle historique (CSV redistribué),0
1997-05-31,TBILL,13.848274,0.004900,US 1-month Treasury bill,Kenneth French Data Library,"F-F_Research_Data_Factors, colonne RF",TBILL-1,source unique continue (aucun raccord),0
1997-05-31,US,1124.220000,0.060884,Ibbotson US Large Cap total return,Morningstar / Ibbotson SBBI,Large Caps (col. H),US-1,socle historique (CSV redistribué),0
1997-06-30,BOND,727.194000,0.011873,"Bloomberg Barclays US Aggregate Bond, total return",Morningstar,AGG (col. F),BOND-2,socle historique (CSV redistribué),0
1997-06-30,EXUS,213.558000,0.055175,"MSCI ACWI ex USA, gross total return, USD",MSCI,ACWI ex USA (col. D),EXUS-2,socle historique (CSV redistribué),0
1997-06-30,TBILL,13.899512,0.003700,US 1-month Treasury bill,Kenneth French Data Library,"F-F_Research_Data_Factors, colonne RF",TBILL-1,source unique continue (aucun raccord),0
1997-06-30,US,1174.587000,0.044802,Ibbotson US Large Cap total return,Morningstar / Ibbotson SBBI,Large Caps (col. H),US-1,socle historique (CSV redistribué),0
1997-07-31,BOND,746.795000,0.026954,"Bloomberg Barclays US Aggregate Bond, total return",Morningstar,AGG (col. F),BOND-2,socle historique (CSV redistribué),0
1997-07-31,EXUS,217.882000,0.020247,"MSCI ACWI ex USA, gross total return, USD",MSCI,ACWI ex USA (col. D),EXUS-2,socle historique (CSV redistribué),0
1997-07-31,TBILL,13.959280,0.004300,US 1-month Treasury bill,Kenneth French Data Library,"F-F_Research_Data_Factors, colonne RF",TBILL-1,source unique continue (aucun raccord),0
1997-07-31,US,1268.046000,0.079568,Ibbotson US Large Cap total return,Morningstar / Ibbotson SBBI,Large Caps (col. H),US-1,socle historique (CSV redistribué),0
1997-08-31,BOND,740.432000,-0.008520,"Bloomberg Barclays US Aggregate Bond, total return",Morningstar,AGG (col. F),BOND-2,socle historique (CSV redistribué),0
1997-08-31,EXUS,200.742000,-0.078666,"MSCI ACWI ex USA, gross total return, USD",MSCI,ACWI ex USA (col. D),EXUS-2,socle historique (CSV redistribué),0
1997-08-31,TBILL,14.016513,0.004100,US 1-month Treasury bill,Kenneth French Data Library,"F-F_Research_Data_Factors, colonne RF",TBILL-1,source unique continue (aucun raccord),0
1997-08-31,US,1197.008000,-0.056022,Ibbotson US Large Cap total return,Morningstar / Ibbotson SBBI,Large Caps (col. H),US-1,socle historique (CSV redistribué),0
1997-09-30,BOND,751.355000,0.014752,"Bloomberg Barclays US Aggregate Bond, total return",Morningstar,AGG (col. F),BOND-2,socle historique (CSV redistribué),0
1997-09-30,EXUS,211.595000,0.054064,"MSCI ACWI ex USA, gross total return, USD",MSCI,ACWI ex USA (col. D),EXUS-2,socle historique (CSV redistribué),0
1997-09-30,TBILL,14.078186,0.004400,US 1-month Treasury bill,Kenneth French Data Library,"F-F_Research_Data_Factors, colonne RF",TBILL-1,source unique continue (aucun raccord),0
1997-09-30,US,1262.564000,0.054767,Ibbotson US Large Cap total return,Morningstar / Ibbotson SBBI,Large Caps (col. H),US-1,socle historique (CSV redistribué),0
1997-10-31,BOND,762.254000,0.014506,"Bloomberg Barclays US Aggregate Bond, total return",Morningstar,AGG (col. F),BOND-2,socle historique (CSV redistribué),0
1997-10-31,EXUS,193.580000,-0.085139,"MSCI ACWI ex USA, gross total return, USD",MSCI,ACWI ex USA (col. D),EXUS-2,socle historique (CSV redistribué),0
1997-10-31,TBILL,14.137314,0.004200,US 1-month Treasury bill,Kenneth French Data Library,"F-F_Research_Data_Factors, colonne RF",TBILL-1,source unique continue (aucun raccord),0
1997-10-31,US,1220.397000,-0.033398,Ibbotson US Large Cap total return,Morningstar / Ibbotson SBBI,Large Caps (col. H),US-1,socle historique (CSV redistribué),0
1997-11-30,BOND,765.763000,0.004603,"Bloomberg Barclays US Aggregate Bond, total return",Morningstar,AGG (col. F),BOND-2,socle historique (CSV redistribué),0
1997-11-30,EXUS,191.161000,-0.012496,"MSCI ACWI ex USA, gross total return, USD",MSCI,ACWI ex USA (col. D),EXUS-2,socle historique (CSV redistribué),0
1997-11-30,TBILL,14.192450,0.003900,US 1-month Treasury bill,Kenneth French Data Library,"F-F_Research_Data_Factors, colonne RF",TBILL-1,source unique continue (aucun raccord),0
1997-11-30,US,1276.893000,0.046293,Ibbotson US Large Cap total return,Morningstar / Ibbotson SBBI,Large Caps (col. H),US-1,socle historique (CSV redistribué),0
1997-12-31,BOND,773.468000,0.010062,"Bloomberg Barclays US Aggregate Bond, total return",Morningstar,AGG (col. F),BOND-2,socle historique (CSV redistribué),0
1997-12-31,EXUS,193.361000,0.011509,"MSCI ACWI ex USA, gross total return, USD",MSCI,ACWI ex USA (col. D),EXUS-2,socle historique (CSV redistribué),0
1997-12-31,TBILL,14.260574,0.004800,US 1-month Treasury bill,Kenneth French Data Library,"F-F_Research_Data_Factors, colonne RF",TBILL-1,source unique continue (aucun raccord),0
1997-12-31,US,1298.822000,0.017174,Ibbotson US Large Cap total return,Morningstar / Ibbotson SBBI,Large Caps (col. H),US-1,socle historique (CSV redistribué),0
1998-01-31,BOND,783.397000,0.012837,"Bloomberg Barclays US Aggregate Bond, total return",Morningstar,AGG (col. F),BOND-2,socle historique (CSV redistribué),0
1998-01-31,EXUS,199.145000,0.029913,"MSCI ACWI ex USA, gross total return, USD",MSCI,ACWI ex USA (col. D),EXUS-2,socle historique (CSV redistribué),0
1998-01-31,TBILL,14.321894,0.004300,US 1-month Treasury bill,Kenneth French Data Library,"F-F_Research_Data_Factors, colonne RF",TBILL-1,source unique continue (aucun raccord),0
1998-01-31,US,1313.188000,0.011061,Ibbotson US Large Cap total return,Morningstar / Ibbotson SBBI,Large Caps (col. H),US-1,socle historique (CSV redistribué),0
1998-02-28,BOND,782.807000,-0.000753,"Bloomberg Barclays US Aggregate Bond, total return",Morningstar,AGG (col. F),BOND-2,socle historique (CSV redistribué),0
1998-02-28,EXUS,212.433000,0.066725,"MSCI ACWI ex USA, gross total return, USD",MSCI,ACWI ex USA (col. D),EXUS-2,socle historique (CSV redistribué),0
1998-02-28,TBILL,14.377749,0.003900,US 1-month Treasury bill,Kenneth French Data Library,"F-F_Research_Data_Factors, colonne RF",TBILL-1,source unique continue (aucun raccord),0
1998-02-28,US,1407.901000,0.072124,Ibbotson US Large Cap total return,Morningstar / Ibbotson SBBI,Large Caps (col. H),US-1,socle historique (CSV redistribué),0
1998-03-31,BOND,785.501000,0.003441,"Bloomberg Barclays US Aggregate Bond, total return",Morningstar,AGG (col. F),BOND-2,socle historique (CSV redistribué),0
1998-03-31,EXUS,219.773000,0.034552,"MSCI ACWI ex USA, gross total return, USD",MSCI,ACWI ex USA (col. D),EXUS-2,socle historique (CSV redistribué),0
1998-03-31,TBILL,14.433823,0.003900,US 1-month Treasury bill,Kenneth French Data Library,"F-F_Research_Data_Factors, colonne RF",TBILL-1,source unique continue (aucun raccord),0
1998-03-31,US,1479.998000,0.051209,Ibbotson US Large Cap total return,Morningstar / Ibbotson SBBI,Large Caps (col. H),US-1,socle historique (CSV redistribué),0
1998-04-30,BOND,789.603000,0.005222,"Bloomberg Barclays US Aggregate Bond, total return",Morningstar,AGG (col. F),BOND-2,socle historique (CSV redistribué),0
1998-04-30,EXUS,221.347000,0.007162,"MSCI ACWI ex USA, gross total return, USD",MSCI,ACWI ex USA (col. D),EXUS-2,socle historique (CSV redistribué),0
1998-04-30,TBILL,14.495888,0.004300,US 1-month Treasury bill,Kenneth French Data Library,"F-F_Research_Data_Factors, colonne RF",TBILL-1,source unique continue (aucun raccord),0
1998-04-30,US,1494.888000,0.010061,Ibbotson US Large Cap total return,Morningstar / Ibbotson SBBI,Large Caps (col. H),US-1,socle historique (CSV redistribué),0
1998-05-31,BOND,797.090000,0.009482,"Bloomberg Barclays US Aggregate Bond, total return",Morningstar,AGG (col. F),BOND-2,socle historique (CSV redistribué),0
1998-05-31,EXUS,217.333000,-0.018134,"MSCI ACWI ex USA, gross total return, USD",MSCI,ACWI ex USA (col. D),EXUS-2,socle historique (CSV redistribué),0
1998-05-31,TBILL,14.553872,0.004000,US 1-month Treasury bill,Kenneth French Data Library,"F-F_Research_Data_Factors, colonne RF",TBILL-1,source unique continue (aucun raccord),0
1998-05-31,US,1469.194000,-0.017188,Ibbotson US Large Cap total return,Morningstar / Ibbotson SBBI,Large Caps (col. H),US-1,socle historique (CSV redistribué),0
1998-06-30,BOND,803.852000,0.008483,"Bloomberg Barclays US Aggregate Bond, total return",Morningstar,AGG (col. F),BOND-2,socle historique (CSV redistribué),0
1998-06-30,EXUS,216.516000,-0.003759,"MSCI ACWI ex USA, gross total return, USD",MSCI,ACWI ex USA (col. D),EXUS-2,socle historique (CSV redistribué),0
1998-06-30,TBILL,14.613543,0.004100,US 1-month Treasury bill,Kenneth French Data Library,"F-F_Research_Data_Factors, colonne RF",TBILL-1,source unique continue (aucun raccord),0
1998-06-30,US,1528.871000,0.040619,Ibbotson US Large Cap total return,Morningstar / Ibbotson SBBI,Large Caps (col. H),US-1,socle historique (CSV redistribué),0
1998-07-31,BOND,805.558000,0.002122,"Bloomberg Barclays US Aggregate Bond, total return",Morningstar,AGG (col. F),BOND-2,socle historique (CSV redistribué),0
1998-07-31,EXUS,218.574000,0.009505,"MSCI ACWI ex USA, gross total return, USD",MSCI,ACWI ex USA (col. D),EXUS-2,socle historique (CSV redistribué),0
1998-07-31,TBILL,14.671997,0.004000,US 1-month Treasury bill,Kenneth French Data Library,"F-F_Research_Data_Factors, colonne RF",TBILL-1,source unique continue (aucun raccord),0
1998-07-31,US,1512.591000,-0.010648,Ibbotson US Large Cap total return,Morningstar / Ibbotson SBBI,Large Caps (col. H),US-1,socle historique (CSV redistribué),0
1998-08-31,BOND,818.669000,0.016276,"Bloomberg Barclays US Aggregate Bond, total return",Morningstar,AGG (col. F),BOND-2,socle historique (CSV redistribué),0
1998-08-31,EXUS,187.750000,-0.141023,"MSCI ACWI ex USA, gross total return, USD",MSCI,ACWI ex USA (col. D),EXUS-2,socle historique (CSV redistribué),0
1998-08-31,TBILL,14.735086,0.004300,US 1-month Treasury bill,Kenneth French Data Library,"F-F_Research_Data_Factors, colonne RF",TBILL-1,source unique continue (aucun raccord),0
1998-08-31,US,1293.904000,-0.144578,Ibbotson US Large Cap total return,Morningstar / Ibbotson SBBI,Large Caps (col. H),US-1,socle historique (CSV redistribué),0
1998-09-30,BOND,837.836000,0.023412,"Bloomberg Barclays US Aggregate Bond, total return",Morningstar,AGG (col. F),BOND-2,socle historique (CSV redistribué),0
1998-09-30,EXUS,183.784000,-0.021124,"MSCI ACWI ex USA, gross total return, USD",MSCI,ACWI ex USA (col. D),EXUS-2,socle historique (CSV redistribué),0
1998-09-30,TBILL,14.802868,0.004600,US 1-month Treasury bill,Kenneth French Data Library,"F-F_Research_Data_Factors, colonne RF",TBILL-1,source unique continue (aucun raccord),0
1998-09-30,US,1376.793000,0.064061,Ibbotson US Large Cap total return,Morningstar / Ibbotson SBBI,Large Caps (col. H),US-1,socle historique (CSV redistribué),0
1998-10-31,BOND,833.415000,-0.005277,"Bloomberg Barclays US Aggregate Bond, total return",Morningstar,AGG (col. F),BOND-2,socle historique (CSV redistribué),0
1998-10-31,EXUS,203.035000,0.104748,"MSCI ACWI ex USA, gross total return, USD",MSCI,ACWI ex USA (col. D),EXUS-2,socle historique (CSV redistribué),0
1998-10-31,TBILL,14.850237,0.003200,US 1-month Treasury bill,Kenneth French Data Library,"F-F_Research_Data_Factors, colonne RF",TBILL-1,source unique continue (aucun raccord),0
1998-10-31,US,1488.784000,0.081342,Ibbotson US Large Cap total return,Morningstar / Ibbotson SBBI,Large Caps (col. H),US-1,socle historique (CSV redistribué),0
1998-11-30,BOND,838.135000,0.005663,"Bloomberg Barclays US Aggregate Bond, total return",Morningstar,AGG (col. F),BOND-2,socle historique (CSV redistribué),0
1998-11-30,EXUS,213.946000,0.053740,"MSCI ACWI ex USA, gross total return, USD",MSCI,ACWI ex USA (col. D),EXUS-2,socle historique (CSV redistribué),0
1998-11-30,TBILL,14.896273,0.003100,US 1-month Treasury bill,Kenneth French Data Library,"F-F_Research_Data_Factors, colonne RF",TBILL-1,source unique continue (aucun raccord),0
1998-11-30,US,1579.016000,0.060608,Ibbotson US Large Cap total return,Morningstar / Ibbotson SBBI,Large Caps (col. H),US-1,socle historique (CSV redistribué),0
1998-12-31,BOND,840.656000,0.003008,"Bloomberg Barclays US Aggregate Bond, total return",Morningstar,AGG (col. F),BOND-2,socle historique (CSV redistribué),0
1998-12-31,EXUS,221.317000,0.034453,"MSCI ACWI ex USA, gross total return, USD",MSCI,ACWI ex USA (col. D),EXUS-2,socle historique (CSV redistribué),0
1998-12-31,TBILL,14.952878,0.003800,US 1-month Treasury bill,Kenneth French Data Library,"F-F_Research_Data_Factors, colonne RF",TBILL-1,source unique continue (aucun raccord),0
1998-12-31,US,1670.007000,0.057625,Ibbotson US Large Cap total return,Morningstar / Ibbotson SBBI,Large Caps (col. H),US-1,socle historique (CSV redistribué),0
1999-01-31,BOND,846.660000,0.007142,"Bloomberg Barclays US Aggregate Bond, total return",Morningstar,AGG (col. F),BOND-2,socle historique (CSV redistribué),0
1999-01-31,EXUS,221.080000,-0.001071,"MSCI ACWI ex USA, gross total return, USD",MSCI,ACWI ex USA (col. D),EXUS-2,socle historique (CSV redistribué),0
1999-01-31,TBILL,15.005214,0.003500,US 1-month Treasury bill,Kenneth French Data Library,"F-F_Research_Data_Factors, colonne RF",TBILL-1,source unique continue (aucun raccord),0
1999-01-31,US,1739.840000,0.041816,Ibbotson US Large Cap total return,Morningstar / Ibbotson SBBI,Large Caps (col. H),US-1,socle historique (CSV redistribué),0
1999-02-28,BOND,831.878000,-0.017459,"Bloomberg Barclays US Aggregate Bond, total return",Morningstar,AGG (col. F),BOND-2,socle historique (CSV redistribué),0
1999-02-28,EXUS,216.130000,-0.022390,"MSCI ACWI ex USA, gross total return, USD",MSCI,ACWI ex USA (col. D),EXUS-2,socle historique (CSV redistribué),0
1999-02-28,TBILL,15.057732,0.003500,US 1-month Treasury bill,Kenneth French Data Library,"F-F_Research_Data_Factors, colonne RF",TBILL-1,source unique continue (aucun raccord),0
1999-02-28,US,1685.768000,-0.031079,Ibbotson US Large Cap total return,Morningstar / Ibbotson SBBI,Large Caps (col. H),US-1,socle historique (CSV redistribué),0
1999-03-31,BOND,836.493000,0.005548,"Bloomberg Barclays US Aggregate Bond, total return",Morningstar,AGG (col. F),BOND-2,socle historique (CSV redistribué),0
1999-03-31,EXUS,226.565000,0.048281,"MSCI ACWI ex USA, gross total return, USD",MSCI,ACWI ex USA (col. D),EXUS-2,socle historique (CSV redistribué),0
1999-03-31,TBILL,15.122480,0.004300,US 1-month Treasury bill,Kenneth French Data Library,"F-F_Research_Data_Factors, colonne RF",TBILL-1,source unique continue (aucun raccord),0
1999-03-31,US,1753.213000,0.040008,Ibbotson US Large Cap total return,Morningstar / Ibbotson SBBI,Large Caps (col. H),US-1,socle historique (CSV redistribué),0
1999-04-30,BOND,839.145000,0.003170,"Bloomberg Barclays US Aggregate Bond, total return",Morningstar,AGG (col. F),BOND-2,socle historique (CSV redistribué),0
1999-04-30,EXUS,237.897000,0.050017,"MSCI ACWI ex USA, gross total return, USD",MSCI,ACWI ex USA (col. D),EXUS-2,socle historique (CSV redistribué),0
1999-04-30,TBILL,15.178433,0.003700,US 1-month Treasury bill,Kenneth French Data Library,"F-F_Research_Data_Factors, colonne RF",TBILL-1,source unique continue (aucun raccord),0
1999-04-30,US,1821.107000,0.038725,Ibbotson US Large Cap total return,Morningstar / Ibbotson SBBI,Large Caps (col. H),US-1,socle historique (CSV redistribué),0
1999-05-31,BOND,831.792000,-0.008762,"Bloomberg Barclays US Aggregate Bond, total return",Morningstar,AGG (col. F),BOND-2,socle historique (CSV redistribué),0
1999-05-31,EXUS,226.723000,-0.046970,"MSCI ACWI ex USA, gross total return, USD",MSCI,ACWI ex USA (col. D),EXUS-2,socle historique (CSV redistribué),0
1999-05-31,TBILL,15.230040,0.003400,US 1-month Treasury bill,Kenneth French Data Library,"F-F_Research_Data_Factors, colonne RF",TBILL-1,source unique continue (aucun raccord),0
1999-05-31,US,1778.104000,-0.023614,Ibbotson US Large Cap total return,Morningstar / Ibbotson SBBI,Large Caps (col. H),US-1,socle historique (CSV redistribué),0
1999-06-30,BOND,829.135000,-0.003194,"Bloomberg Barclays US Aggregate Bond, total return",Morningstar,AGG (col. F),BOND-2,socle historique (CSV redistribué),0
1999-06-30,EXUS,237.141000,0.045950,"MSCI ACWI ex USA, gross total return, USD",MSCI,ACWI ex USA (col. D),EXUS-2,socle historique (CSV redistribué),0
1999-06-30,TBILL,15.290960,0.004000,US 1-month Treasury bill,Kenneth French Data Library,"F-F_Research_Data_Factors, colonne RF",TBILL-1,source unique continue (aucun raccord),0
1999-06-30,US,1876.784000,0.055497,Ibbotson US Large Cap total return,Morningstar / Ibbotson SBBI,Large Caps (col. H),US-1,socle historique (CSV redistribué),0
1999-07-31,BOND,825.613000,-0.004248,"Bloomberg Barclays US Aggregate Bond, total return",Morningstar,AGG (col. F),BOND-2,socle historique (CSV redistribué),0
1999-07-31,EXUS,242.703000,0.023454,"MSCI ACWI ex USA, gross total return, USD",MSCI,ACWI ex USA (col. D),EXUS-2,socle historique (CSV redistribué),0
1999-07-31,TBILL,15.349066,0.003800,US 1-month Treasury bill,Kenneth French Data Library,"F-F_Research_Data_Factors, colonne RF",TBILL-1,source unique continue (aucun raccord),0
1999-07-31,US,1818.182000,-0.031225,Ibbotson US Large Cap total return,Morningstar / Ibbotson SBBI,Large Caps (col. H),US-1,socle historique (CSV redistribué),0
1999-08-31,BOND,825.194000,-0.000508,"Bloomberg Barclays US Aggregate Bond, total return",Morningstar,AGG (col. F),BOND-2,socle historique (CSV redistribué),0
1999-08-31,EXUS,243.545000,0.003469,"MSCI ACWI ex USA, gross total return, USD",MSCI,ACWI ex USA (col. D),EXUS-2,socle historique (CSV redistribué),0
1999-08-31,TBILL,15.408927,0.003900,US 1-month Treasury bill,Kenneth French Data Library,"F-F_Research_Data_Factors, colonne RF",TBILL-1,source unique continue (aucun raccord),0
1999-08-31,US,1809.187000,-0.004947,Ibbotson US Large Cap total return,Morningstar / Ibbotson SBBI,Large Caps (col. H),US-1,socle historique (CSV redistribué),0
1999-09-30,BOND,834.769000,0.011603,"Bloomberg Barclays US Aggregate Bond, total return",Morningstar,AGG (col. F),BOND-2,socle historique (CSV redistribué),0
1999-09-30,EXUS,245.192000,0.006763,"MSCI ACWI ex USA, gross total return, USD",MSCI,ACWI ex USA (col. D),EXUS-2,socle historique (CSV redistribué),0
1999-09-30,TBILL,15.469022,0.003900,US 1-month Treasury bill,Kenneth French Data Library,"F-F_Research_Data_Factors, colonne RF",TBILL-1,source unique continue (aucun raccord),0
1999-09-30,US,1759.590000,-0.027414,Ibbotson US Large Cap total return,Morningstar / Ibbotson SBBI,Large Caps (col. H),US-1,socle historique (CSV redistribué),0
1999-10-31,BOND,837.849000,0.003690,"Bloomberg Barclays US Aggregate Bond, total return",Morningstar,AGG (col. F),BOND-2,socle historique (CSV redistribué),0
1999-10-31,EXUS,254.322000,0.037236,"MSCI ACWI ex USA, gross total return, USD",MSCI,ACWI ex USA (col. D),EXUS-2,socle historique (CSV redistribué),0
1999-10-31,TBILL,15.529351,0.003900,US 1-month Treasury bill,Kenneth French Data Library,"F-F_Research_Data_Factors, colonne RF",TBILL-1,source unique continue (aucun raccord),0
1999-10-31,US,1870.938000,0.063281,Ibbotson US Large Cap total return,Morningstar / Ibbotson SBBI,Large Caps (col. H),US-1,socle historique (CSV redistribué),0
1999-11-30,BOND,837.791000,-0.000069,"Bloomberg Barclays US Aggregate Bond, total return",Morningstar,AGG (col. F),BOND-2,socle historique (CSV redistribué),0
1999-11-30,EXUS,264.491000,0.039985,"MSCI ACWI ex USA, gross total return, USD",MSCI,ACWI ex USA (col. D),EXUS-2,socle historique (CSV redistribué),0
1999-11-30,TBILL,15.585257,0.003600,US 1-month Treasury bill,Kenneth French Data Library,"F-F_Research_Data_Factors, colonne RF",TBILL-1,source unique continue (aucun raccord),0
1999-11-30,US,1908.971000,0.020328,Ibbotson US Large Cap total return,Morningstar / Ibbotson SBBI,Large Caps (col. H),US-1,socle historique (CSV redistribué),0
1999-12-31,BOND,833.751000,-0.004822,"Bloomberg Barclays US Aggregate Bond, total return",Morningstar,AGG (col. F),BOND-2,socle historique (CSV redistribué),0
1999-12-31,EXUS,289.716000,0.095372,"MSCI ACWI ex USA, gross total return, USD",MSCI,ACWI ex USA (col. D),EXUS-2,socle historique (CSV redistribué),0
1999-12-31,TBILL,15.653832,0.004400,US 1-month Treasury bill,Kenneth French Data Library,"F-F_Research_Data_Factors, colonne RF",TBILL-1,source unique continue (aucun raccord),0
1999-12-31,US,2021.402000,0.058896,Ibbotson US Large Cap total return,Morningstar / Ibbotson SBBI,Large Caps (col. H),US-1,socle historique (CSV redistribué),0
2000-01-31,BOND,831.024000,-0.003271,"Bloomberg Barclays US Aggregate Bond, total return",Morningstar,AGG (col. F),BOND-2,socle historique (CSV redistribué),0
2000-01-31,EXUS,273.995000,-0.054263,"MSCI ACWI ex USA, gross total return, USD",MSCI,ACWI ex USA (col. D),EXUS-2,socle historique (CSV redistribué),0
2000-01-31,TBILL,15.718013,0.004100,US 1-month Treasury bill,Kenneth French Data Library,"F-F_Research_Data_Factors, colonne RF",TBILL-1,source unique continue (aucun raccord),0
2000-01-31,US,1919.842000,-0.050242,Ibbotson US Large Cap total return,Morningstar / Ibbotson SBBI,Large Caps (col. H),US-1,socle historique (CSV redistribué),0
2000-02-29,BOND,841.072000,0.012091,"Bloomberg Barclays US Aggregate Bond, total return",Morningstar,AGG (col. F),BOND-2,socle historique (CSV redistribué),0
2000-02-29,EXUS,281.396000,0.027011,"MSCI ACWI ex USA, gross total return, USD",MSCI,ACWI ex USA (col. D),EXUS-2,socle historique (CSV redistribué),0
2000-02-29,TBILL,15.785600,0.004300,US 1-month Treasury bill,Kenneth French Data Library,"F-F_Research_Data_Factors, colonne RF",TBILL-1,source unique continue (aucun raccord),0
2000-02-29,US,1883.500000,-0.018930,Ibbotson US Large Cap total return,Morningstar / Ibbotson SBBI,Large Caps (col. H),US-1,socle historique (CSV redistribué),0
2000-03-31,BOND,852.146000,0.013167,"Bloomberg Barclays US Aggregate Bond, total return",Morningstar,AGG (col. F),BOND-2,socle historique (CSV redistribué),0
2000-03-31,EXUS,291.986000,0.037634,"MSCI ACWI ex USA, gross total return, USD",MSCI,ACWI ex USA (col. D),EXUS-2,socle historique (CSV redistribué),0
2000-03-31,TBILL,15.859792,0.004700,US 1-month Treasury bill,Kenneth French Data Library,"F-F_Research_Data_Factors, colonne RF",TBILL-1,source unique continue (aucun raccord),0
2000-03-31,US,2067.760000,0.097829,Ibbotson US Large Cap total return,Morningstar / Ibbotson SBBI,Large Caps (col. H),US-1,socle historique (CSV redistribué),0
2000-04-30,BOND,849.714000,-0.002854,"Bloomberg Barclays US Aggregate Bond, total return",Morningstar,AGG (col. F),BOND-2,socle historique (CSV redistribué),0
2000-04-30,EXUS,275.689000,-0.055814,"MSCI ACWI ex USA, gross total return, USD",MSCI,ACWI ex USA (col. D),EXUS-2,socle historique (CSV redistribué),0
2000-04-30,TBILL,15.932747,0.004600,US 1-month Treasury bill,Kenneth French Data Library,"F-F_Research_Data_Factors, colonne RF",TBILL-1,source unique continue (aucun raccord),0
2000-04-30,US,2005.550000,-0.030086,Ibbotson US Large Cap total return,Morningstar / Ibbotson SBBI,Large Caps (col. H),US-1,socle historique (CSV redistribué),0
2000-05-31,BOND,849.324000,-0.000459,"Bloomberg Barclays US Aggregate Bond, total return",Morningstar,AGG (col. F),BOND-2,socle historique (CSV redistribué),0
2000-05-31,EXUS,268.637000,-0.025580,"MSCI ACWI ex USA, gross total return, USD",MSCI,ACWI ex USA (col. D),EXUS-2,socle historique (CSV redistribué),0
2000-05-31,TBILL,16.012411,0.005000,US 1-month Treasury bill,Kenneth French Data Library,"F-F_Research_Data_Factors, colonne RF",TBILL-1,source unique continue (aucun raccord),0
2000-05-31,US,1964.403000,-0.020517,Ibbotson US Large Cap total return,Morningstar / Ibbotson SBBI,Large Caps (col. H),US-1,socle historique (CSV redistribué),0
2000-06-30,BOND,866.993000,0.020804,"Bloomberg Barclays US Aggregate Bond, total return",Morningstar,AGG (col. F),BOND-2,socle historique (CSV redistribué),0
2000-06-30,EXUS,280.075000,0.042578,"MSCI ACWI ex USA, gross total return, USD",MSCI,ACWI ex USA (col. D),EXUS-2,socle historique (CSV redistribué),0
2000-06-30,TBILL,16.076461,0.004000,US 1-month Treasury bill,Kenneth French Data Library,"F-F_Research_Data_Factors, colonne RF",TBILL-1,source unique continue (aucun raccord),0
2000-06-30,US,2012.831000,0.024653,Ibbotson US Large Cap total return,Morningstar / Ibbotson SBBI,Large Caps (col. H),US-1,socle historique (CSV redistribué),0
2000-07-31,BOND,874.862000,0.009076,"Bloomberg Barclays US Aggregate Bond, total return",Morningstar,AGG (col. F),BOND-2,socle historique (CSV redistribué),0
2000-07-31,EXUS,269.018000,-0.039479,"MSCI ACWI ex USA, gross total return, USD",MSCI,ACWI ex USA (col. D),EXUS-2,socle historique (CSV redistribué),0
2000-07-31,TBILL,16.153628,0.004800,US 1-month Treasury bill,Kenneth French Data Library,"F-F_Research_Data_Factors, colonne RF",TBILL-1,source unique continue (aucun raccord),0
2000-07-31,US,1981.362000,-0.015634,Ibbotson US Large Cap total return,Morningstar / Ibbotson SBBI,Large Caps (col. H),US-1,socle historique (CSV redistribué),0
2000-08-31,BOND,887.545000,0.014497,"Bloomberg Barclays US Aggregate Bond, total return",Morningstar,AGG (col. F),BOND-2,socle historique (CSV redistribué),0
2000-08-31,EXUS,272.345000,0.012367,"MSCI ACWI ex USA, gross total return, USD",MSCI,ACWI ex USA (col. D),EXUS-2,socle historique (CSV redistribué),0
2000-08-31,TBILL,16.234396,0.005000,US 1-month Treasury bill,Kenneth French Data Library,"F-F_Research_Data_Factors, colonne RF",TBILL-1,source unique continue (aucun raccord),0
2000-08-31,US,2104.434000,0.062115,Ibbotson US Large Cap total return,Morningstar / Ibbotson SBBI,Large Caps (col. H),US-1,socle historique (CSV redistribué),0
2000-09-30,BOND,893.124000,0.006286,"Bloomberg Barclays US Aggregate Bond, total return",Morningstar,AGG (col. F),BOND-2,socle historique (CSV redistribué),0
2000-09-30,EXUS,257.238000,-0.055470,"MSCI ACWI ex USA, gross total return, USD",MSCI,ACWI ex USA (col. D),EXUS-2,socle historique (CSV redistribué),0
2000-09-30,TBILL,16.317191,0.005100,US 1-month Treasury bill,Kenneth French Data Library,"F-F_Research_Data_Factors, colonne RF",TBILL-1,source unique continue (aucun raccord),0
2000-09-30,US,1993.333000,-0.052794,Ibbotson US Large Cap total return,Morningstar / Ibbotson SBBI,Large Caps (col. H),US-1,socle historique (CSV redistribué),0
2000-10-31,BOND,899.026000,0.006608,"Bloomberg Barclays US Aggregate Bond, total return",Morningstar,AGG (col. F),BOND-2,socle historique (CSV redistribué),0
2000-10-31,EXUS,249.062000,-0.031784,"MSCI ACWI ex USA, gross total return, USD",MSCI,ACWI ex USA (col. D),EXUS-2,socle historique (CSV redistribué),0
2000-10-31,TBILL,16.408568,0.005600,US 1-month Treasury bill,Kenneth French Data Library,"F-F_Research_Data_Factors, colonne RF",TBILL-1,source unique continue (aucun raccord),0
2000-10-31,US,1984.906000,-0.004228,Ibbotson US Large Cap total return,Morningstar / Ibbotson SBBI,Large Caps (col. H),US-1,socle historique (CSV redistribué),0
2000-11-30,BOND,913.730000,0.016355,"Bloomberg Barclays US Aggregate Bond, total return",Morningstar,AGG (col. F),BOND-2,socle historique (CSV redistribué),0
2000-11-30,EXUS,237.888000,-0.044864,"MSCI ACWI ex USA, gross total return, USD",MSCI,ACWI ex USA (col. D),EXUS-2,socle historique (CSV redistribué),0
2000-11-30,TBILL,16.492251,0.005100,US 1-month Treasury bill,Kenneth French Data Library,"F-F_Research_Data_Factors, colonne RF",TBILL-1,source unique continue (aucun raccord),0
2000-11-30,US,1828.417000,-0.078840,Ibbotson US Large Cap total return,Morningstar / Ibbotson SBBI,Large Caps (col. H),US-1,socle historique (CSV redistribué),0
2000-12-31,BOND,930.684000,0.018555,"Bloomberg Barclays US Aggregate Bond, total return",Morningstar,AGG (col. F),BOND-2,socle historique (CSV redistribué),0
2000-12-31,EXUS,246.012000,0.034151,"MSCI ACWI ex USA, gross total return, USD",MSCI,ACWI ex USA (col. D),EXUS-2,socle historique (CSV redistribué),0
2000-12-31,TBILL,16.574713,0.005000,US 1-month Treasury bill,Kenneth French Data Library,"F-F_Research_Data_Factors, colonne RF",TBILL-1,source unique continue (aucun raccord),0
2000-12-31,US,1837.365000,0.004894,Ibbotson US Large Cap total return,Morningstar / Ibbotson SBBI,Large Caps (col. H),US-1,socle historique (CSV redistribué),0
2001-01-31,BOND,945.897000,0.016346,"Bloomberg Barclays US Aggregate Bond, total return",Morningstar,AGG (col. F),BOND-2,socle historique (CSV redistribué),0
2001-01-31,EXUS,249.702000,0.014999,"MSCI ACWI ex USA, gross total return, USD",MSCI,ACWI ex USA (col. D),EXUS-2,socle historique (CSV redistribué),0
2001-01-31,TBILL,16.664216,0.005400,US 1-month Treasury bill,Kenneth French Data Library,"F-F_Research_Data_Factors, colonne RF",TBILL-1,source unique continue (aucun raccord),0
2001-01-31,US,1902.554000,0.035480,Ibbotson US Large Cap total return,Morningstar / Ibbotson SBBI,Large Caps (col. H),US-1,socle historique (CSV redistribué),0
2001-02-28,BOND,954.138000,0.008712,"Bloomberg Barclays US Aggregate Bond, total return",Morningstar,AGG (col. F),BOND-2,socle historique (CSV redistribué),0
2001-02-28,EXUS,229.933000,-0.079170,"MSCI ACWI ex USA, gross total return, USD",MSCI,ACWI ex USA (col. D),EXUS-2,socle historique (CSV redistribué),0
2001-02-28,TBILL,16.727540,0.003800,US 1-month Treasury bill,Kenneth French Data Library,"F-F_Research_Data_Factors, colonne RF",TBILL-1,source unique continue (aucun raccord),0
2001-02-28,US,1729.076000,-0.091182,Ibbotson US Large Cap total return,Morningstar / Ibbotson SBBI,Large Caps (col. H),US-1,socle historique (CSV redistribué),0
2001-03-31,BOND,958.926000,0.005018,"Bloomberg Barclays US Aggregate Bond, total return",Morningstar,AGG (col. F),BOND-2,socle historique (CSV redistribué),0
2001-03-31,EXUS,213.680000,-0.070686,"MSCI ACWI ex USA, gross total return, USD",MSCI,ACWI ex USA (col. D),EXUS-2,socle historique (CSV redistribué),0
2001-03-31,TBILL,16.797796,0.004200,US 1-month Treasury bill,Kenneth French Data Library,"F-F_Research_Data_Factors, colonne RF",TBILL-1,source unique continue (aucun raccord),0
2001-03-31,US,1619.539000,-0.063350,Ibbotson US Large Cap total return,Morningstar / Ibbotson SBBI,Large Caps (col. H),US-1,socle historique (CSV redistribué),0
2001-04-30,BOND,954.946000,-0.004150,"Bloomberg Barclays US Aggregate Bond, total return",Morningstar,AGG (col. F),BOND-2,socle historique (CSV redistribué),0
2001-04-30,EXUS,228.213000,0.068013,"MSCI ACWI ex USA, gross total return, USD",MSCI,ACWI ex USA (col. D),EXUS-2,socle historique (CSV redistribué),0
2001-04-30,TBILL,16.863307,0.003900,US 1-month Treasury bill,Kenneth French Data Library,"F-F_Research_Data_Factors, colonne RF",TBILL-1,source unique continue (aucun raccord),0
2001-04-30,US,1745.393000,0.077710,Ibbotson US Large Cap total return,Morningstar / Ibbotson SBBI,Large Caps (col. H),US-1,socle historique (CSV redistribué),0
2001-05-31,BOND,960.714000,0.006040,"Bloomberg Barclays US Aggregate Bond, total return",Morningstar,AGG (col. F),BOND-2,socle historique (CSV redistribué),0
2001-05-31,EXUS,221.911000,-0.027615,"MSCI ACWI ex USA, gross total return, USD",MSCI,ACWI ex USA (col. D),EXUS-2,socle historique (CSV redistribué),0
2001-05-31,TBILL,16.917270,0.003200,US 1-month Treasury bill,Kenneth French Data Library,"F-F_Research_Data_Factors, colonne RF",TBILL-1,source unique continue (aucun raccord),0
2001-05-31,US,1757.087000,0.006700,Ibbotson US Large Cap total return,Morningstar / Ibbotson SBBI,Large Caps (col. H),US-1,socle historique (CSV redistribué),0
2001-06-30,BOND,964.339000,0.003773,"Bloomberg Barclays US Aggregate Bond, total return",Morningstar,AGG (col. F),BOND-2,socle historique (CSV redistribué),0
2001-06-30,EXUS,213.400000,-0.038353,"MSCI ACWI ex USA, gross total return, USD",MSCI,ACWI ex USA (col. D),EXUS-2,socle historique (CSV redistribué),0
2001-06-30,TBILL,16.964638,0.002800,US 1-month Treasury bill,Kenneth French Data Library,"F-F_Research_Data_Factors, colonne RF",TBILL-1,source unique continue (aucun raccord),0
2001-06-30,US,1714.322000,-0.024339,Ibbotson US Large Cap total return,Morningstar / Ibbotson SBBI,Large Caps (col. H),US-1,socle historique (CSV redistribué),0
2001-07-31,BOND,985.898000,0.022356,"Bloomberg Barclays US Aggregate Bond, total return",Morningstar,AGG (col. F),BOND-2,socle historique (CSV redistribué),0
2001-07-31,EXUS,208.652000,-0.022249,"MSCI ACWI ex USA, gross total return, USD",MSCI,ACWI ex USA (col. D),EXUS-2,socle historique (CSV redistribué),0
2001-07-31,TBILL,17.015532,0.003000,US 1-month Treasury bill,Kenneth French Data Library,"F-F_Research_Data_Factors, colonne RF",TBILL-1,source unique continue (aucun raccord),0
2001-07-31,US,1697.446000,-0.009844,Ibbotson US Large Cap total return,Morningstar / Ibbotson SBBI,Large Caps (col. H),US-1,socle historique (CSV redistribué),0
2001-08-31,BOND,997.195000,0.011459,"Bloomberg Barclays US Aggregate Bond, total return",Morningstar,AGG (col. F),BOND-2,socle historique (CSV redistribué),0
2001-08-31,EXUS,203.470000,-0.024836,"MSCI ACWI ex USA, gross total return, USD",MSCI,ACWI ex USA (col. D),EXUS-2,socle historique (CSV redistribué),0
2001-08-31,TBILL,17.068280,0.003100,US 1-month Treasury bill,Kenneth French Data Library,"F-F_Research_Data_Factors, colonne RF",TBILL-1,source unique continue (aucun raccord),0
2001-08-31,US,1591.183000,-0.062602,Ibbotson US Large Cap total return,Morningstar / Ibbotson SBBI,Large Caps (col. H),US-1,socle historique (CSV redistribué),0
2001-09-30,BOND,1008.810000,0.011648,"Bloomberg Barclays US Aggregate Bond, total return",Morningstar,AGG (col. F),BOND-2,socle historique (CSV redistribué),0
2001-09-30,EXUS,181.884000,-0.106089,"MSCI ACWI ex USA, gross total return, USD",MSCI,ACWI ex USA (col. D),EXUS-2,socle historique (CSV redistribué),0
2001-09-30,TBILL,17.116071,0.002800,US 1-month Treasury bill,Kenneth French Data Library,"F-F_Research_Data_Factors, colonne RF",TBILL-1,source unique continue (aucun raccord),0
2001-09-30,US,1462.691000,-0.080752,Ibbotson US Large Cap total return,Morningstar / Ibbotson SBBI,Large Caps (col. H),US-1,socle historique (CSV redistribué),0
2001-10-31,BOND,1029.924000,0.020930,"Bloomberg Barclays US Aggregate Bond, total return",Morningstar,AGG (col. F),BOND-2,socle historique (CSV redistribué),0
2001-10-31,EXUS,186.980000,0.028018,"MSCI ACWI ex USA, gross total return, USD",MSCI,ACWI ex USA (col. D),EXUS-2,socle historique (CSV redistribué),0
2001-10-31,TBILL,17.153727,0.002200,US 1-month Treasury bill,Kenneth French Data Library,"F-F_Research_Data_Factors, colonne RF",TBILL-1,source unique continue (aucun raccord),0
2001-10-31,US,1490.583000,0.019069,Ibbotson US Large Cap total return,Morningstar / Ibbotson SBBI,Large Caps (col. H),US-1,socle historique (CSV redistribué),0
2001-11-30,BOND,1015.723000,-0.013788,"Bloomberg Barclays US Aggregate Bond, total return",Morningstar,AGG (col. F),BOND-2,socle historique (CSV redistribué),0
2001-11-30,EXUS,195.532000,0.045738,"MSCI ACWI ex USA, gross total return, USD",MSCI,ACWI ex USA (col. D),EXUS-2,socle historique (CSV redistribué),0
2001-11-30,TBILL,17.182888,0.001700,US 1-month Treasury bill,Kenneth French Data Library,"F-F_Research_Data_Factors, colonne RF",TBILL-1,source unique continue (aucun raccord),0
2001-11-30,US,1604.920000,0.076706,Ibbotson US Large Cap total return,Morningstar / Ibbotson SBBI,Large Caps (col. H),US-1,socle historique (CSV redistribué),0
2001-12-31,BOND,1009.266000,-0.006357,"Bloomberg Barclays US Aggregate Bond, total return",Morningstar,AGG (col. F),BOND-2,socle historique (CSV redistribué),0
2001-12-31,EXUS,198.051000,0.012883,"MSCI ACWI ex USA, gross total return, USD",MSCI,ACWI ex USA (col. D),EXUS-2,socle historique (CSV redistribué),0
2001-12-31,TBILL,17.208662,0.001500,US 1-month Treasury bill,Kenneth French Data Library,"F-F_Research_Data_Factors, colonne RF",TBILL-1,source unique continue (aucun raccord),0
2001-12-31,US,1618.980000,0.008761,Ibbotson US Large Cap total return,Morningstar / Ibbotson SBBI,Large Caps (col. H),US-1,socle historique (CSV redistribué),0
2002-01-31,BOND,1017.437000,0.008096,"Bloomberg Barclays US Aggregate Bond, total return",Morningstar,AGG (col. F),BOND-2,socle historique (CSV redistribué),0
2002-01-31,EXUS,189.569000,-0.042827,"MSCI ACWI ex USA, gross total return, USD",MSCI,ACWI ex USA (col. D),EXUS-2,socle historique (CSV redistribué),0
2002-01-31,TBILL,17.232754,0.001400,US 1-month Treasury bill,Kenneth French Data Library,"F-F_Research_Data_Factors, colonne RF",TBILL-1,source unique continue (aucun raccord),0
2002-01-31,US,1595.354000,-0.014593,Ibbotson US Large Cap total return,Morningstar / Ibbotson SBBI,Large Caps (col. H),US-1,socle historique (CSV redistribué),0
2002-02-28,BOND,1027.296000,0.009690,"Bloomberg Barclays US Aggregate Bond, total return",Morningstar,AGG (col. F),BOND-2,socle historique (CSV redistribué),0
2002-02-28,EXUS,190.934000,0.007201,"MSCI ACWI ex USA, gross total return, USD",MSCI,ACWI ex USA (col. D),EXUS-2,socle historique (CSV redistribué),0
2002-02-28,TBILL,17.255157,0.001300,US 1-month Treasury bill,Kenneth French Data Library,"F-F_Research_Data_Factors, colonne RF",TBILL-1,source unique continue (aucun raccord),0
2002-02-28,US,1564.587000,-0.019285,Ibbotson US Large Cap total return,Morningstar / Ibbotson SBBI,Large Caps (col. H),US-1,socle historique (CSV redistribué),0
2002-03-31,BOND,1010.210000,-0.016632,"Bloomberg Barclays US Aggregate Bond, total return",Morningstar,AGG (col. F),BOND-2,socle historique (CSV redistribué),0
2002-03-31,EXUS,201.306000,0.054322,"MSCI ACWI ex USA, gross total return, USD",MSCI,ACWI ex USA (col. D),EXUS-2,socle historique (CSV redistribué),0
2002-03-31,TBILL,17.277589,0.001300,US 1-month Treasury bill,Kenneth French Data Library,"F-F_Research_Data_Factors, colonne RF",TBILL-1,source unique continue (aucun raccord),0
2002-03-31,US,1623.430000,0.037609,Ibbotson US Large Cap total return,Morningstar / Ibbotson SBBI,Large Caps (col. H),US-1,socle historique (CSV redistribué),0
2002-04-30,BOND,1029.801000,0.019393,"Bloomberg Barclays US Aggregate Bond, total return",Morningstar,AGG (col. F),BOND-2,socle historique (CSV redistribué),0
2002-04-30,EXUS,202.614000,0.006498,"MSCI ACWI ex USA, gross total return, USD",MSCI,ACWI ex USA (col. D),EXUS-2,socle historique (CSV redistribué),0
2002-04-30,TBILL,17.303505,0.001500,US 1-month Treasury bill,Kenneth French Data Library,"F-F_Research_Data_Factors, colonne RF",TBILL-1,source unique continue (aucun raccord),0
2002-04-30,US,1525.004000,-0.060628,Ibbotson US Large Cap total return,Morningstar / Ibbotson SBBI,Large Caps (col. H),US-1,socle historique (CSV redistribué),0
2002-05-31,BOND,1038.550000,0.008496,"Bloomberg Barclays US Aggregate Bond, total return",Morningstar,AGG (col. F),BOND-2,socle historique (CSV redistribué),0
2002-05-31,EXUS,204.821000,0.010893,"MSCI ACWI ex USA, gross total return, USD",MSCI,ACWI ex USA (col. D),EXUS-2,socle historique (CSV redistribué),0
2002-05-31,TBILL,17.327730,0.001400,US 1-month Treasury bill,Kenneth French Data Library,"F-F_Research_Data_Factors, colonne RF",TBILL-1,source unique continue (aucun raccord),0
2002-05-31,US,1513.770000,-0.007367,Ibbotson US Large Cap total return,Morningstar / Ibbotson SBBI,Large Caps (col. H),US-1,socle historique (CSV redistribué),0
2002-06-30,BOND,1047.534000,0.008651,"Bloomberg Barclays US Aggregate Bond, total return",Morningstar,AGG (col. F),BOND-2,socle historique (CSV redistribué),0
2002-06-30,EXUS,195.977000,-0.043179,"MSCI ACWI ex USA, gross total return, USD",MSCI,ACWI ex USA (col. D),EXUS-2,socle historique (CSV redistribué),0
2002-06-30,TBILL,17.350256,0.001300,US 1-month Treasury bill,Kenneth French Data Library,"F-F_Research_Data_Factors, colonne RF",TBILL-1,source unique continue (aucun raccord),0
2002-06-30,US,1405.944000,-0.071230,Ibbotson US Large Cap total return,Morningstar / Ibbotson SBBI,Large Caps (col. H),US-1,socle historique (CSV redistribué),0
2002-07-31,BOND,1060.170000,0.012063,"Bloomberg Barclays US Aggregate Bond, total return",Morningstar,AGG (col. F),BOND-2,socle historique (CSV redistribué),0
2002-07-31,EXUS,176.878000,-0.097455,"MSCI ACWI ex USA, gross total return, USD",MSCI,ACWI ex USA (col. D),EXUS-2,socle historique (CSV redistribué),0
2002-07-31,TBILL,17.376281,0.001500,US 1-month Treasury bill,Kenneth French Data Library,"F-F_Research_Data_Factors, colonne RF",TBILL-1,source unique continue (aucun raccord),0
2002-07-31,US,1296.345000,-0.077954,Ibbotson US Large Cap total return,Morningstar / Ibbotson SBBI,Large Caps (col. H),US-1,socle historique (CSV redistribué),0
2002-08-31,BOND,1078.067000,0.016881,"Bloomberg Barclays US Aggregate Bond, total return",Morningstar,AGG (col. F),BOND-2,socle historique (CSV redistribué),0
2002-08-31,EXUS,176.889000,0.000062,"MSCI ACWI ex USA, gross total return, USD",MSCI,ACWI ex USA (col. D),EXUS-2,socle historique (CSV redistribué),0
2002-08-31,TBILL,17.400608,0.001400,US 1-month Treasury bill,Kenneth French Data Library,"F-F_Research_Data_Factors, colonne RF",TBILL-1,source unique continue (aucun raccord),0
2002-08-31,US,1304.856000,0.006565,Ibbotson US Large Cap total return,Morningstar / Ibbotson SBBI,Large Caps (col. H),US-1,socle historique (CSV redistribué),0
2002-09-30,BOND,1095.531000,0.016199,"Bloomberg Barclays US Aggregate Bond, total return",Morningstar,AGG (col. F),BOND-2,socle historique (CSV redistribué),0
2002-09-30,EXUS,158.144000,-0.105970,"MSCI ACWI ex USA, gross total return, USD",MSCI,ACWI ex USA (col. D),EXUS-2,socle historique (CSV redistribué),0
2002-09-30,TBILL,17.424969,0.001400,US 1-month Treasury bill,Kenneth French Data Library,"F-F_Research_Data_Factors, colonne RF",TBILL-1,source unique continue (aucun raccord),0
2002-09-30,US,1163.045000,-0.108679,Ibbotson US Large Cap total return,Morningstar / Ibbotson SBBI,Large Caps (col. H),US-1,socle historique (CSV redistribué),0
2002-10-31,BOND,1090.537000,-0.004559,"Bloomberg Barclays US Aggregate Bond, total return",Morningstar,AGG (col. F),BOND-2,socle historique (CSV redistribué),0
2002-10-31,EXUS,166.628000,0.053647,"MSCI ACWI ex USA, gross total return, USD",MSCI,ACWI ex USA (col. D),EXUS-2,socle historique (CSV redistribué),0
2002-10-31,TBILL,17.449364,0.001400,US 1-month Treasury bill,Kenneth French Data Library,"F-F_Research_Data_Factors, colonne RF",TBILL-1,source unique continue (aucun raccord),0
2002-10-31,US,1265.411000,0.088016,Ibbotson US Large Cap total return,Morningstar / Ibbotson SBBI,Large Caps (col. H),US-1,socle historique (CSV redistribué),0
2002-11-30,BOND,1090.249000,-0.000264,"Bloomberg Barclays US Aggregate Bond, total return",Morningstar,AGG (col. F),BOND-2,socle historique (CSV redistribué),0
2002-11-30,EXUS,174.641000,0.048089,"MSCI ACWI ex USA, gross total return, USD",MSCI,ACWI ex USA (col. D),EXUS-2,socle historique (CSV redistribué),0
2002-11-30,TBILL,17.470303,0.001200,US 1-month Treasury bill,Kenneth French Data Library,"F-F_Research_Data_Factors, colonne RF",TBILL-1,source unique continue (aucun raccord),0
2002-11-30,US,1339.893000,0.058860,Ibbotson US Large Cap total return,Morningstar / Ibbotson SBBI,Large Caps (col. H),US-1,socle historique (CSV redistribué),0
2002-12-31,BOND,1112.766000,0.020653,"Bloomberg Barclays US Aggregate Bond, total return",Morningstar,AGG (col. F),BOND-2,socle historique (CSV redistribué),0
2002-12-31,EXUS,168.999000,-0.032306,"MSCI ACWI ex USA, gross total return, USD",MSCI,ACWI ex USA (col. D),EXUS-2,socle historique (CSV redistribué),0
2002-12-31,TBILL,17.489521,0.001100,US 1-month Treasury bill,Kenneth French Data Library,"F-F_Research_Data_Factors, colonne RF",TBILL-1,source unique continue (aucun raccord),0
2002-12-31,US,1261.177000,-0.058748,Ibbotson US Large Cap total return,Morningstar / Ibbotson SBBI,Large Caps (col. H),US-1,socle historique (CSV redistribué),0
2003-01-31,BOND,1113.718000,0.000856,"Bloomberg Barclays US Aggregate Bond, total return",Morningstar,AGG (col. F),BOND-2,socle historique (CSV redistribué),0
2003-01-31,EXUS,163.066000,-0.035107,"MSCI ACWI ex USA, gross total return, USD",MSCI,ACWI ex USA (col. D),EXUS-2,socle historique (CSV redistribué),0
2003-01-31,TBILL,17.507010,0.001000,US 1-month Treasury bill,Kenneth French Data Library,"F-F_Research_Data_Factors, colonne RF",TBILL-1,source unique continue (aucun raccord),0
2003-01-31,US,1228.139000,-0.026196,Ibbotson US Large Cap total return,Morningstar / Ibbotson SBBI,Large Caps (col. H),US-1,socle historique (CSV redistribué),0
2003-02-28,BOND,1129.135000,0.013843,"Bloomberg Barclays US Aggregate Bond, total return",Morningstar,AGG (col. F),BOND-2,socle historique (CSV redistribué),0
2003-02-28,EXUS,159.762000,-0.020262,"MSCI ACWI ex USA, gross total return, USD",MSCI,ACWI ex USA (col. D),EXUS-2,socle historique (CSV redistribué),0
2003-02-28,TBILL,17.522766,0.000900,US 1-month Treasury bill,Kenneth French Data Library,"F-F_Research_Data_Factors, colonne RF",TBILL-1,source unique continue (aucun raccord),0
2003-02-28,US,1209.712000,-0.015004,Ibbotson US Large Cap total return,Morningstar / Ibbotson SBBI,Large Caps (col. H),US-1,socle historique (CSV redistribué),0
2003-03-31,BOND,1128.262000,-0.000773,"Bloomberg Barclays US Aggregate Bond, total return",Morningstar,AGG (col. F),BOND-2,socle historique (CSV redistribué),0
2003-03-31,EXUS,156.663000,-0.019398,"MSCI ACWI ex USA, gross total return, USD",MSCI,ACWI ex USA (col. D),EXUS-2,socle historique (CSV redistribué),0
2003-03-31,TBILL,17.540289,0.001000,US 1-month Treasury bill,Kenneth French Data Library,"F-F_Research_Data_Factors, colonne RF",TBILL-1,source unique continue (aucun raccord),0
2003-03-31,US,1221.457000,0.009709,Ibbotson US Large Cap total return,Morningstar / Ibbotson SBBI,Large Caps (col. H),US-1,socle historique (CSV redistribué),0
2003-04-30,BOND,1137.574000,0.008253,"Bloomberg Barclays US Aggregate Bond, total return",Morningstar,AGG (col. F),BOND-2,socle historique (CSV redistribué),0
2003-04-30,EXUS,171.759000,0.096360,"MSCI ACWI ex USA, gross total return, USD",MSCI,ACWI ex USA (col. D),EXUS-2,socle historique (CSV redistribué),0
2003-04-30,TBILL,17.557829,0.001000,US 1-month Treasury bill,Kenneth French Data Library,"F-F_Research_Data_Factors, colonne RF",TBILL-1,source unique continue (aucun raccord),0
2003-04-30,US,1322.069000,0.082370,Ibbotson US Large Cap total return,Morningstar / Ibbotson SBBI,Large Caps (col. H),US-1,socle historique (CSV redistribué),0
2003-05-31,BOND,1158.784000,0.018645,"Bloomberg Barclays US Aggregate Bond, total return",Morningstar,AGG (col. F),BOND-2,socle historique (CSV redistribué),0
2003-05-31,EXUS,182.701000,0.063706,"MSCI ACWI ex USA, gross total return, USD",MSCI,ACWI ex USA (col. D),EXUS-2,socle historique (CSV redistribué),0
2003-05-31,TBILL,17.573631,0.000900,US 1-month Treasury bill,Kenneth French Data Library,"F-F_Research_Data_Factors, colonne RF",TBILL-1,source unique continue (aucun raccord),0
2003-05-31,US,1391.726000,0.052688,Ibbotson US Large Cap total return,Morningstar / Ibbotson SBBI,Large Caps (col. H),US-1,socle historique (CSV redistribué),0
2003-06-30,BOND,1156.482000,-0.001987,"Bloomberg Barclays US Aggregate Bond, total return",Morningstar,AGG (col. F),BOND-2,socle historique (CSV redistribué),0
2003-06-30,EXUS,187.758000,0.027679,"MSCI ACWI ex USA, gross total return, USD",MSCI,ACWI ex USA (col. D),EXUS-2,socle historique (CSV redistribué),0
2003-06-30,TBILL,17.591205,0.001000,US 1-month Treasury bill,Kenneth French Data Library,"F-F_Research_Data_Factors, colonne RF",TBILL-1,source unique continue (aucun raccord),0
2003-06-30,US,1409.479000,0.012756,Ibbotson US Large Cap total return,Morningstar / Ibbotson SBBI,Large Caps (col. H),US-1,socle historique (CSV redistribué),0
2003-07-31,BOND,1117.601000,-0.033620,"Bloomberg Barclays US Aggregate Bond, total return",Morningstar,AGG (col. F),BOND-2,socle historique (CSV redistribué),0
2003-07-31,EXUS,192.761000,0.026646,"MSCI ACWI ex USA, gross total return, USD",MSCI,ACWI ex USA (col. D),EXUS-2,socle historique (CSV redistribué),0
2003-07-31,TBILL,17.603519,0.000700,US 1-month Treasury bill,Kenneth French Data Library,"F-F_Research_Data_Factors, colonne RF",TBILL-1,source unique continue (aucun raccord),0
2003-07-31,US,1434.330000,0.017631,Ibbotson US Large Cap total return,Morningstar / Ibbotson SBBI,Large Caps (col. H),US-1,socle historique (CSV redistribué),0
2003-08-31,BOND,1125.018000,0.006637,"Bloomberg Barclays US Aggregate Bond, total return",Morningstar,AGG (col. F),BOND-2,socle historique (CSV redistribué),0
2003-08-31,EXUS,198.505000,0.029799,"MSCI ACWI ex USA, gross total return, USD",MSCI,ACWI ex USA (col. D),EXUS-2,socle historique (CSV redistribué),0
2003-08-31,TBILL,17.615841,0.000700,US 1-month Treasury bill,Kenneth French Data Library,"F-F_Research_Data_Factors, colonne RF",TBILL-1,source unique continue (aucun raccord),0
2003-08-31,US,1462.303000,0.019502,Ibbotson US Large Cap total return,Morningstar / Ibbotson SBBI,Large Caps (col. H),US-1,socle historique (CSV redistribué),0
2003-09-30,BOND,1154.797000,0.026470,"Bloomberg Barclays US Aggregate Bond, total return",Morningstar,AGG (col. F),BOND-2,socle historique (CSV redistribué),0
2003-09-30,EXUS,204.063000,0.027999,"MSCI ACWI ex USA, gross total return, USD",MSCI,ACWI ex USA (col. D),EXUS-2,socle historique (CSV redistribué),0
2003-09-30,TBILL,17.629934,0.000800,US 1-month Treasury bill,Kenneth French Data Library,"F-F_Research_Data_Factors, colonne RF",TBILL-1,source unique continue (aucun raccord),0
2003-09-30,US,1446.774000,-0.010620,Ibbotson US Large Cap total return,Morningstar / Ibbotson SBBI,Large Caps (col. H),US-1,socle historique (CSV redistribué),0
2003-10-31,BOND,1144.034000,-0.009320,"Bloomberg Barclays US Aggregate Bond, total return",Morningstar,AGG (col. F),BOND-2,socle historique (CSV redistribué),0
2003-10-31,EXUS,217.291000,0.064823,"MSCI ACWI ex USA, gross total return, USD",MSCI,ACWI ex USA (col. D),EXUS-2,socle historique (CSV redistribué),0
2003-10-31,TBILL,17.642275,0.000700,US 1-month Treasury bill,Kenneth French Data Library,"F-F_Research_Data_Factors, colonne RF",TBILL-1,source unique continue (aucun raccord),0
2003-10-31,US,1528.617000,0.056569,Ibbotson US Large Cap total return,Morningstar / Ibbotson SBBI,Large Caps (col. H),US-1,socle historique (CSV redistribué),0
2003-11-30,BOND,1146.770000,0.002392,"Bloomberg Barclays US Aggregate Bond, total return",Morningstar,AGG (col. F),BOND-2,socle historique (CSV redistribué),0
2003-11-30,EXUS,222.029000,0.021805,"MSCI ACWI ex USA, gross total return, USD",MSCI,ACWI ex USA (col. D),EXUS-2,socle historique (CSV redistribué),0
2003-11-30,TBILL,17.654625,0.000700,US 1-month Treasury bill,Kenneth French Data Library,"F-F_Research_Data_Factors, colonne RF",TBILL-1,source unique continue (aucun raccord),0
2003-11-30,US,1542.067000,0.008799,Ibbotson US Large Cap total return,Morningstar / Ibbotson SBBI,Large Caps (col. H),US-1,socle historique (CSV redistribué),0
2003-12-31,BOND,1158.439000,0.010176,"Bloomberg Barclays US Aggregate Bond, total return",Morningstar,AGG (col. F),BOND-2,socle historique (CSV redistribué),0
2003-12-31,EXUS,238.980000,0.076346,"MSCI ACWI ex USA, gross total return, USD",MSCI,ACWI ex USA (col. D),EXUS-2,socle historique (CSV redistribué),0
2003-12-31,TBILL,17.668748,0.000800,US 1-month Treasury bill,Kenneth French Data Library,"F-F_Research_Data_Factors, colonne RF",TBILL-1,source unique continue (aucun raccord),0
2003-12-31,US,1622.940000,0.052445,Ibbotson US Large Cap total return,Morningstar / Ibbotson SBBI,Large Caps (col. H),US-1,socle historique (CSV redistribué),0
2004-01-31,BOND,1167.761000,0.008047,"Bloomberg Barclays US Aggregate Bond, total return",Morningstar,AGG (col. F),BOND-2,socle historique (CSV redistribué),0
2004-01-31,EXUS,242.818000,0.016060,"MSCI ACWI ex USA, gross total return, USD",MSCI,ACWI ex USA (col. D),EXUS-2,socle historique (CSV redistribué),0
2004-01-31,TBILL,17.681116,0.000700,US 1-month Treasury bill,Kenneth French Data Library,"F-F_Research_Data_Factors, colonne RF",TBILL-1,source unique continue (aucun raccord),0
2004-01-31,US,1652.729000,0.018355,Ibbotson US Large Cap total return,Morningstar / Ibbotson SBBI,Large Caps (col. H),US-1,socle historique (CSV redistribué),0
2004-02-29,BOND,1180.397000,0.010821,"Bloomberg Barclays US Aggregate Bond, total return",Morningstar,AGG (col. F),BOND-2,socle historique (CSV redistribué),0
2004-02-29,EXUS,248.992000,0.025426,"MSCI ACWI ex USA, gross total return, USD",MSCI,ACWI ex USA (col. D),EXUS-2,socle historique (CSV redistribué),0
2004-02-29,TBILL,17.691725,0.000600,US 1-month Treasury bill,Kenneth French Data Library,"F-F_Research_Data_Factors, colonne RF",TBILL-1,source unique continue (aucun raccord),0
2004-02-29,US,1675.701000,0.013899,Ibbotson US Large Cap total return,Morningstar / Ibbotson SBBI,Large Caps (col. H),US-1,socle historique (CSV redistribué),0
2004-03-31,BOND,1189.245000,0.007496,"Bloomberg Barclays US Aggregate Bond, total return",Morningstar,AGG (col. F),BOND-2,socle historique (CSV redistribué),0
2004-03-31,EXUS,250.524000,0.006153,"MSCI ACWI ex USA, gross total return, USD",MSCI,ACWI ex USA (col. D),EXUS-2,socle historique (CSV redistribué),0
2004-03-31,TBILL,17.707648,0.000900,US 1-month Treasury bill,Kenneth French Data Library,"F-F_Research_Data_Factors, colonne RF",TBILL-1,source unique continue (aucun raccord),0
2004-03-31,US,1650.421000,-0.015086,Ibbotson US Large Cap total return,Morningstar / Ibbotson SBBI,Large Caps (col. H),US-1,socle historique (CSV redistribué),0
2004-04-30,BOND,1158.298000,-0.026022,"Bloomberg Barclays US Aggregate Bond, total return",Morningstar,AGG (col. F),BOND-2,socle historique (CSV redistribué),0
2004-04-30,EXUS,242.738000,-0.031079,"MSCI ACWI ex USA, gross total return, USD",MSCI,ACWI ex USA (col. D),EXUS-2,socle historique (CSV redistribué),0
2004-04-30,TBILL,17.721814,0.000800,US 1-month Treasury bill,Kenneth French Data Library,"F-F_Research_Data_Factors, colonne RF",TBILL-1,source unique continue (aucun raccord),0
2004-04-30,US,1624.513000,-0.015698,Ibbotson US Large Cap total return,Morningstar / Ibbotson SBBI,Large Caps (col. H),US-1,socle historique (CSV redistribué),0
2004-05-31,BOND,1153.661000,-0.004003,"Bloomberg Barclays US Aggregate Bond, total return",Morningstar,AGG (col. F),BOND-2,socle historique (CSV redistribué),0
2004-05-31,EXUS,243.506000,0.003164,"MSCI ACWI ex USA, gross total return, USD",MSCI,ACWI ex USA (col. D),EXUS-2,socle historique (CSV redistribué),0
2004-05-31,TBILL,17.732447,0.000600,US 1-month Treasury bill,Kenneth French Data Library,"F-F_Research_Data_Factors, colonne RF",TBILL-1,source unique continue (aucun raccord),0
2004-05-31,US,1646.805000,0.013722,Ibbotson US Large Cap total return,Morningstar / Ibbotson SBBI,Large Caps (col. H),US-1,socle historique (CSV redistribué),0
2004-06-30,BOND,1160.179000,0.005650,"Bloomberg Barclays US Aggregate Bond, total return",Morningstar,AGG (col. F),BOND-2,socle historique (CSV redistribué),0
2004-06-30,EXUS,248.784000,0.021675,"MSCI ACWI ex USA, gross total return, USD",MSCI,ACWI ex USA (col. D),EXUS-2,socle historique (CSV redistribué),0
2004-06-30,TBILL,17.746633,0.000800,US 1-month Treasury bill,Kenneth French Data Library,"F-F_Research_Data_Factors, colonne RF",TBILL-1,source unique continue (aucun raccord),0
2004-06-30,US,1678.827000,0.019445,Ibbotson US Large Cap total return,Morningstar / Ibbotson SBBI,Large Caps (col. H),US-1,socle historique (CSV redistribué),0
2004-07-31,BOND,1171.681000,0.009914,"Bloomberg Barclays US Aggregate Bond, total return",Morningstar,AGG (col. F),BOND-2,socle historique (CSV redistribué),0
2004-07-31,EXUS,241.534000,-0.029142,"MSCI ACWI ex USA, gross total return, USD",MSCI,ACWI ex USA (col. D),EXUS-2,socle historique (CSV redistribué),0
2004-07-31,TBILL,17.764379,0.001000,US 1-month Treasury bill,Kenneth French Data Library,"F-F_Research_Data_Factors, colonne RF",TBILL-1,source unique continue (aucun raccord),0
2004-07-31,US,1623.264000,-0.033096,Ibbotson US Large Cap total return,Morningstar / Ibbotson SBBI,Large Caps (col. H),US-1,socle historique (CSV redistribué),0
2004-08-31,BOND,1194.033000,0.019077,"Bloomberg Barclays US Aggregate Bond, total return",Morningstar,AGG (col. F),BOND-2,socle historique (CSV redistribué),0
2004-08-31,EXUS,243.468000,0.008007,"MSCI ACWI ex USA, gross total return, USD",MSCI,ACWI ex USA (col. D),EXUS-2,socle historique (CSV redistribué),0
2004-08-31,TBILL,17.783920,0.001100,US 1-month Treasury bill,Kenneth French Data Library,"F-F_Research_Data_Factors, colonne RF",TBILL-1,source unique continue (aucun raccord),0
2004-08-31,US,1629.829000,0.004044,Ibbotson US Large Cap total return,Morningstar / Ibbotson SBBI,Large Caps (col. H),US-1,socle historique (CSV redistribué),0
2004-09-30,BOND,1197.270000,0.002711,"Bloomberg Barclays US Aggregate Bond, total return",Morningstar,AGG (col. F),BOND-2,socle historique (CSV redistribué),0
2004-09-30,EXUS,251.296000,0.032152,"MSCI ACWI ex USA, gross total return, USD",MSCI,ACWI ex USA (col. D),EXUS-2,socle historique (CSV redistribué),0
2004-09-30,TBILL,17.803483,0.001100,US 1-month Treasury bill,Kenneth French Data Library,"F-F_Research_Data_Factors, colonne RF",TBILL-1,source unique continue (aucun raccord),0
2004-09-30,US,1647.482000,0.010831,Ibbotson US Large Cap total return,Morningstar / Ibbotson SBBI,Large Caps (col. H),US-1,socle historique (CSV redistribué),0
2004-10-31,BOND,1207.309000,0.008385,"Bloomberg Barclays US Aggregate Bond, total return",Morningstar,AGG (col. F),BOND-2,socle historique (CSV redistribué),0
2004-10-31,EXUS,260.036000,0.034780,"MSCI ACWI ex USA, gross total return, USD",MSCI,ACWI ex USA (col. D),EXUS-2,socle historique (CSV redistribué),0
2004-10-31,TBILL,17.823066,0.001100,US 1-month Treasury bill,Kenneth French Data Library,"F-F_Research_Data_Factors, colonne RF",TBILL-1,source unique continue (aucun raccord),0
2004-10-31,US,1672.650000,0.015277,Ibbotson US Large Cap total return,Morningstar / Ibbotson SBBI,Large Caps (col. H),US-1,socle historique (CSV redistribué),0
2004-11-30,BOND,1197.679000,-0.007976,"Bloomberg Barclays US Aggregate Bond, total return",Morningstar,AGG (col. F),BOND-2,socle historique (CSV redistribué),0
2004-11-30,EXUS,278.085000,0.069410,"MSCI ACWI ex USA, gross total return, USD",MSCI,ACWI ex USA (col. D),EXUS-2,socle historique (CSV redistribué),0
2004-11-30,TBILL,17.849801,0.001500,US 1-month Treasury bill,Kenneth French Data Library,"F-F_Research_Data_Factors, colonne RF",TBILL-1,source unique continue (aucun raccord),0
2004-11-30,US,1740.328000,0.040462,Ibbotson US Large Cap total return,Morningstar / Ibbotson SBBI,Large Caps (col. H),US-1,socle historique (CSV redistribué),0
2004-12-31,BOND,1208.701000,0.009203,"Bloomberg Barclays US Aggregate Bond, total return",Morningstar,AGG (col. F),BOND-2,socle historique (CSV redistribué),0
2004-12-31,EXUS,290.025000,0.042937,"MSCI ACWI ex USA, gross total return, USD",MSCI,ACWI ex USA (col. D),EXUS-2,socle historique (CSV redistribué),0
2004-12-31,TBILL,17.878361,0.001600,US 1-month Treasury bill,Kenneth French Data Library,"F-F_Research_Data_Factors, colonne RF",TBILL-1,source unique continue (aucun raccord),0
2004-12-31,US,1799.549000,0.034029,Ibbotson US Large Cap total return,Morningstar / Ibbotson SBBI,Large Caps (col. H),US-1,socle historique (CSV redistribué),0
2005-01-31,BOND,1216.285000,0.006275,"Bloomberg Barclays US Aggregate Bond, total return",Morningstar,AGG (col. F),BOND-2,socle historique (CSV redistribué),0
2005-01-31,EXUS,285.030000,-0.017223,"MSCI ACWI ex USA, gross total return, USD",MSCI,ACWI ex USA (col. D),EXUS-2,socle historique (CSV redistribué),0
2005-01-31,TBILL,17.906966,0.001600,US 1-month Treasury bill,Kenneth French Data Library,"F-F_Research_Data_Factors, colonne RF",TBILL-1,source unique continue (aucun raccord),0
2005-01-31,US,1755.685000,-0.024375,Ibbotson US Large Cap total return,Morningstar / Ibbotson SBBI,Large Caps (col. H),US-1,socle historique (CSV redistribué),0
2005-02-28,BOND,1209.112000,-0.005897,"Bloomberg Barclays US Aggregate Bond, total return",Morningstar,AGG (col. F),BOND-2,socle historique (CSV redistribué),0
2005-02-28,EXUS,299.089000,0.049325,"MSCI ACWI ex USA, gross total return, USD",MSCI,ACWI ex USA (col. D),EXUS-2,socle historique (CSV redistribué),0
2005-02-28,TBILL,17.935617,0.001600,US 1-month Treasury bill,Kenneth French Data Library,"F-F_Research_Data_Factors, colonne RF",TBILL-1,source unique continue (aucun raccord),0
2005-02-28,US,1792.632000,0.021044,Ibbotson US Large Cap total return,Morningstar / Ibbotson SBBI,Large Caps (col. H),US-1,socle historique (CSV redistribué),0
2005-03-31,BOND,1202.896000,-0.005141,"Bloomberg Barclays US Aggregate Bond, total return",Morningstar,AGG (col. F),BOND-2,socle historique (CSV redistribué),0
2005-03-31,EXUS,290.976000,-0.027126,"MSCI ACWI ex USA, gross total return, USD",MSCI,ACWI ex USA (col. D),EXUS-2,socle historique (CSV redistribué),0
2005-03-31,TBILL,17.973282,0.002100,US 1-month Treasury bill,Kenneth French Data Library,"F-F_Research_Data_Factors, colonne RF",TBILL-1,source unique continue (aucun raccord),0
2005-03-31,US,1760.888000,-0.017708,Ibbotson US Large Cap total return,Morningstar / Ibbotson SBBI,Large Caps (col. H),US-1,socle historique (CSV redistribué),0
2005-04-30,BOND,1219.175000,0.013533,"Bloomberg Barclays US Aggregate Bond, total return",Morningstar,AGG (col. F),BOND-2,socle historique (CSV redistribué),0
2005-04-30,EXUS,283.800000,-0.024662,"MSCI ACWI ex USA, gross total return, USD",MSCI,ACWI ex USA (col. D),EXUS-2,socle historique (CSV redistribué),0
2005-04-30,TBILL,18.011026,0.002100,US 1-month Treasury bill,Kenneth French Data Library,"F-F_Research_Data_Factors, colonne RF",TBILL-1,source unique continue (aucun raccord),0
2005-04-30,US,1727.492000,-0.018965,Ibbotson US Large Cap total return,Morningstar / Ibbotson SBBI,Large Caps (col. H),US-1,socle historique (CSV redistribué),0
2005-05-31,BOND,1232.365000,0.010819,"Bloomberg Barclays US Aggregate Bond, total return",Morningstar,AGG (col. F),BOND-2,socle historique (CSV redistribué),0
2005-05-31,EXUS,285.578000,0.006265,"MSCI ACWI ex USA, gross total return, USD",MSCI,ACWI ex USA (col. D),EXUS-2,socle historique (CSV redistribué),0
2005-05-31,TBILL,18.054252,0.002400,US 1-month Treasury bill,Kenneth French Data Library,"F-F_Research_Data_Factors, colonne RF",TBILL-1,source unique continue (aucun raccord),0
2005-05-31,US,1782.458000,0.031818,Ibbotson US Large Cap total return,Morningstar / Ibbotson SBBI,Large Caps (col. H),US-1,socle historique (CSV redistribué),0
2005-06-30,BOND,1239.086000,0.005454,"Bloomberg Barclays US Aggregate Bond, total return",Morningstar,AGG (col. F),BOND-2,socle historique (CSV redistribué),0
2005-06-30,EXUS,290.953000,0.018821,"MSCI ACWI ex USA, gross total return, USD",MSCI,ACWI ex USA (col. D),EXUS-2,socle historique (CSV redistribué),0
2005-06-30,TBILL,18.095777,0.002300,US 1-month Treasury bill,Kenneth French Data Library,"F-F_Research_Data_Factors, colonne RF",TBILL-1,source unique continue (aucun raccord),0
2005-06-30,US,1784.989000,0.001420,Ibbotson US Large Cap total return,Morningstar / Ibbotson SBBI,Large Caps (col. H),US-1,socle historique (CSV redistribué),0
2005-07-31,BOND,1227.815000,-0.009096,"Bloomberg Barclays US Aggregate Bond, total return",Morningstar,AGG (col. F),BOND-2,socle historique (CSV redistribué),0
2005-07-31,EXUS,301.688000,0.036896,"MSCI ACWI ex USA, gross total return, USD",MSCI,ACWI ex USA (col. D),EXUS-2,socle historique (CSV redistribué),0
2005-07-31,TBILL,18.139207,0.002400,US 1-month Treasury bill,Kenneth French Data Library,"F-F_Research_Data_Factors, colonne RF",TBILL-1,source unique continue (aucun raccord),0
2005-07-31,US,1851.369000,0.037188,Ibbotson US Large Cap total return,Morningstar / Ibbotson SBBI,Large Caps (col. H),US-1,socle historique (CSV redistribué),0
2005-08-31,BOND,1243.555000,0.012820,"Bloomberg Barclays US Aggregate Bond, total return",Morningstar,AGG (col. F),BOND-2,socle historique (CSV redistribué),0
2005-08-31,EXUS,309.409000,0.025593,"MSCI ACWI ex USA, gross total return, USD",MSCI,ACWI ex USA (col. D),EXUS-2,socle historique (CSV redistribué),0
2005-08-31,TBILL,18.193625,0.003000,US 1-month Treasury bill,Kenneth French Data Library,"F-F_Research_Data_Factors, colonne RF",TBILL-1,source unique continue (aucun raccord),0
2005-08-31,US,1834.478000,-0.009124,Ibbotson US Large Cap total return,Morningstar / Ibbotson SBBI,Large Caps (col. H),US-1,socle historique (CSV redistribué),0
2005-09-30,BOND,1230.735000,-0.010309,"Bloomberg Barclays US Aggregate Bond, total return",Morningstar,AGG (col. F),BOND-2,socle historique (CSV redistribué),0
2005-09-30,EXUS,325.369000,0.051582,"MSCI ACWI ex USA, gross total return, USD",MSCI,ACWI ex USA (col. D),EXUS-2,socle historique (CSV redistribué),0
2005-09-30,TBILL,18.246386,0.002900,US 1-month Treasury bill,Kenneth French Data Library,"F-F_Research_Data_Factors, colonne RF",TBILL-1,source unique continue (aucun raccord),0
2005-09-30,US,1849.336000,0.008099,Ibbotson US Large Cap total return,Morningstar / Ibbotson SBBI,Large Caps (col. H),US-1,socle historique (CSV redistribué),0
2005-10-31,BOND,1220.999000,-0.007911,"Bloomberg Barclays US Aggregate Bond, total return",Morningstar,AGG (col. F),BOND-2,socle historique (CSV redistribué),0
2005-10-31,EXUS,313.524000,-0.036405,"MSCI ACWI ex USA, gross total return, USD",MSCI,ACWI ex USA (col. D),EXUS-2,socle historique (CSV redistribué),0
2005-10-31,TBILL,18.295651,0.002700,US 1-month Treasury bill,Kenneth French Data Library,"F-F_Research_Data_Factors, colonne RF",TBILL-1,source unique continue (aucun raccord),0
2005-10-31,US,1818.506000,-0.016671,Ibbotson US Large Cap total return,Morningstar / Ibbotson SBBI,Large Caps (col. H),US-1,socle historique (CSV redistribué),0
2005-11-30,BOND,1226.402000,0.004425,"Bloomberg Barclays US Aggregate Bond, total return",Morningstar,AGG (col. F),BOND-2,socle historique (CSV redistribué),0
2005-11-30,EXUS,324.065000,0.033621,"MSCI ACWI ex USA, gross total return, USD",MSCI,ACWI ex USA (col. D),EXUS-2,socle historique (CSV redistribué),0
2005-11-30,TBILL,18.352368,0.003100,US 1-month Treasury bill,Kenneth French Data Library,"F-F_Research_Data_Factors, colonne RF",TBILL-1,source unique continue (aucun raccord),0
2005-11-30,US,1887.285000,0.037822,Ibbotson US Large Cap total return,Morningstar / Ibbotson SBBI,Large Caps (col. H),US-1,socle historique (CSV redistribué),0
2005-12-31,BOND,1238.055000,0.009502,"Bloomberg Barclays US Aggregate Bond, total return",Morningstar,AGG (col. F),BOND-2,socle historique (CSV redistribué),0
2005-12-31,EXUS,339.657000,0.048114,"MSCI ACWI ex USA, gross total return, USD",MSCI,ACWI ex USA (col. D),EXUS-2,socle historique (CSV redistribué),0
2005-12-31,TBILL,18.411096,0.003200,US 1-month Treasury bill,Kenneth French Data Library,"F-F_Research_Data_Factors, colonne RF",TBILL-1,source unique continue (aucun raccord),0
2005-12-31,US,1887.943000,0.000349,Ibbotson US Large Cap total return,Morningstar / Ibbotson SBBI,Large Caps (col. H),US-1,socle historique (CSV redistribué),0
2006-01-31,BOND,1238.131000,0.000061,"Bloomberg Barclays US Aggregate Bond, total return",Morningstar,AGG (col. F),BOND-2,socle historique (CSV redistribué),0
2006-01-31,EXUS,363.339000,0.069723,"MSCI ACWI ex USA, gross total return, USD",MSCI,ACWI ex USA (col. D),EXUS-2,socle historique (CSV redistribué),0
2006-01-31,TBILL,18.475534,0.003500,US 1-month Treasury bill,Kenneth French Data Library,"F-F_Research_Data_Factors, colonne RF",TBILL-1,source unique continue (aucun raccord),0
2006-01-31,US,1937.931000,0.026477,Ibbotson US Large Cap total return,Morningstar / Ibbotson SBBI,Large Caps (col. H),US-1,socle historique (CSV redistribué),0
2006-02-28,BOND,1242.236000,0.003315,"Bloomberg Barclays US Aggregate Bond, total return",Morningstar,AGG (col. F),BOND-2,socle historique (CSV redistribué),0
2006-02-28,EXUS,362.290000,-0.002887,"MSCI ACWI ex USA, gross total return, USD",MSCI,ACWI ex USA (col. D),EXUS-2,socle historique (CSV redistribué),0
2006-02-28,TBILL,18.538351,0.003400,US 1-month Treasury bill,Kenneth French Data Library,"F-F_Research_Data_Factors, colonne RF",TBILL-1,source unique continue (aucun raccord),0
2006-02-28,US,1943.189000,0.002713,Ibbotson US Large Cap total return,Morningstar / Ibbotson SBBI,Large Caps (col. H),US-1,socle historique (CSV redistribué),0
2006-03-31,BOND,1230.048000,-0.009811,"Bloomberg Barclays US Aggregate Bond, total return",Morningstar,AGG (col. F),BOND-2,socle historique (CSV redistribué),0
2006-03-31,EXUS,372.813000,0.029046,"MSCI ACWI ex USA, gross total return, USD",MSCI,ACWI ex USA (col. D),EXUS-2,socle historique (CSV redistribué),0
2006-03-31,TBILL,18.606943,0.003700,US 1-month Treasury bill,Kenneth French Data Library,"F-F_Research_Data_Factors, colonne RF",TBILL-1,source unique continue (aucun raccord),0
2006-03-31,US,1967.377000,0.012448,Ibbotson US Large Cap total return,Morningstar / Ibbotson SBBI,Large Caps (col. H),US-1,socle historique (CSV redistribué),0
2006-04-30,BOND,1227.821000,-0.001810,"Bloomberg Barclays US Aggregate Bond, total return",Morningstar,AGG (col. F),BOND-2,socle historique (CSV redistribué),0
2006-04-30,EXUS,392.036000,0.051562,"MSCI ACWI ex USA, gross total return, USD",MSCI,ACWI ex USA (col. D),EXUS-2,socle historique (CSV redistribué),0
2006-04-30,TBILL,18.673928,0.003600,US 1-month Treasury bill,Kenneth French Data Library,"F-F_Research_Data_Factors, colonne RF",TBILL-1,source unique continue (aucun raccord),0
2006-04-30,US,1993.795000,0.013428,Ibbotson US Large Cap total return,Morningstar / Ibbotson SBBI,Large Caps (col. H),US-1,socle historique (CSV redistribué),0
2006-05-31,BOND,1226.506000,-0.001071,"Bloomberg Barclays US Aggregate Bond, total return",Morningstar,AGG (col. F),BOND-2,socle historique (CSV redistribué),0
2006-05-31,EXUS,373.962000,-0.046103,"MSCI ACWI ex USA, gross total return, USD",MSCI,ACWI ex USA (col. D),EXUS-2,socle historique (CSV redistribué),0
2006-05-31,TBILL,18.754226,0.004300,US 1-month Treasury bill,Kenneth French Data Library,"F-F_Research_Data_Factors, colonne RF",TBILL-1,source unique continue (aucun raccord),0
2006-05-31,US,1936.411000,-0.028781,Ibbotson US Large Cap total return,Morningstar / Ibbotson SBBI,Large Caps (col. H),US-1,socle historique (CSV redistribué),0
2006-06-30,BOND,1229.109000,0.002122,"Bloomberg Barclays US Aggregate Bond, total return",Morningstar,AGG (col. F),BOND-2,socle historique (CSV redistribué),0
2006-06-30,EXUS,373.589000,-0.000997,"MSCI ACWI ex USA, gross total return, USD",MSCI,ACWI ex USA (col. D),EXUS-2,socle historique (CSV redistribué),0
2006-06-30,TBILL,18.829243,0.004000,US 1-month Treasury bill,Kenneth French Data Library,"F-F_Research_Data_Factors, colonne RF",TBILL-1,source unique continue (aucun raccord),0
2006-06-30,US,1939.036000,0.001356,Ibbotson US Large Cap total return,Morningstar / Ibbotson SBBI,Large Caps (col. H),US-1,socle historique (CSV redistribué),0
2006-07-31,BOND,1245.726000,0.013520,"Bloomberg Barclays US Aggregate Bond, total return",Morningstar,AGG (col. F),BOND-2,socle historique (CSV redistribué),0
2006-07-31,EXUS,377.411000,0.010230,"MSCI ACWI ex USA, gross total return, USD",MSCI,ACWI ex USA (col. D),EXUS-2,socle historique (CSV redistribué),0
2006-07-31,TBILL,18.904560,0.004000,US 1-month Treasury bill,Kenneth French Data Library,"F-F_Research_Data_Factors, colonne RF",TBILL-1,source unique continue (aucun raccord),0
2006-07-31,US,1950.997000,0.006169,Ibbotson US Large Cap total return,Morningstar / Ibbotson SBBI,Large Caps (col. H),US-1,socle historique (CSV redistribué),0
2006-08-31,BOND,1264.799000,0.015311,"Bloomberg Barclays US Aggregate Bond, total return",Morningstar,AGG (col. F),BOND-2,socle historique (CSV redistribué),0
2006-08-31,EXUS,388.108000,0.028343,"MSCI ACWI ex USA, gross total return, USD",MSCI,ACWI ex USA (col. D),EXUS-2,socle historique (CSV redistribué),0
2006-08-31,TBILL,18.983959,0.004200,US 1-month Treasury bill,Kenneth French Data Library,"F-F_Research_Data_Factors, colonne RF",TBILL-1,source unique continue (aucun raccord),0
2006-08-31,US,1997.417000,0.023793,Ibbotson US Large Cap total return,Morningstar / Ibbotson SBBI,Large Caps (col. H),US-1,socle historique (CSV redistribué),0
2006-09-30,BOND,1275.909000,0.008784,"Bloomberg Barclays US Aggregate Bond, total return",Morningstar,AGG (col. F),BOND-2,socle historique (CSV redistribué),0
2006-09-30,EXUS,388.360000,0.000649,"MSCI ACWI ex USA, gross total return, USD",MSCI,ACWI ex USA (col. D),EXUS-2,socle historique (CSV redistribué),0
2006-09-30,TBILL,19.061793,0.004100,US 1-month Treasury bill,Kenneth French Data Library,"F-F_Research_Data_Factors, colonne RF",TBILL-1,source unique continue (aucun raccord),0
2006-09-30,US,2048.890000,0.025770,Ibbotson US Large Cap total return,Morningstar / Ibbotson SBBI,Large Caps (col. H),US-1,socle historique (CSV redistribué),0
2006-10-31,BOND,1284.351000,0.006616,"Bloomberg Barclays US Aggregate Bond, total return",Morningstar,AGG (col. F),BOND-2,socle historique (CSV redistribué),0
2006-10-31,EXUS,404.174000,0.040720,"MSCI ACWI ex USA, gross total return, USD",MSCI,ACWI ex USA (col. D),EXUS-2,socle historique (CSV redistribué),0
2006-10-31,TBILL,19.139947,0.004100,US 1-month Treasury bill,Kenneth French Data Library,"F-F_Research_Data_Factors, colonne RF",TBILL-1,source unique continue (aucun raccord),0
2006-10-31,US,2115.656000,0.032586,Ibbotson US Large Cap total return,Morningstar / Ibbotson SBBI,Large Caps (col. H),US-1,socle historique (CSV redistribué),0
2006-11-30,BOND,1299.253000,0.011603,"Bloomberg Barclays US Aggregate Bond, total return",Morningstar,AGG (col. F),BOND-2,socle historique (CSV redistribué),0
2006-11-30,EXUS,418.848000,0.036306,"MSCI ACWI ex USA, gross total return, USD",MSCI,ACWI ex USA (col. D),EXUS-2,socle historique (CSV redistribué),0
2006-11-30,TBILL,19.220334,0.004200,US 1-month Treasury bill,Kenneth French Data Library,"F-F_Research_Data_Factors, colonne RF",TBILL-1,source unique continue (aucun raccord),0
2006-11-30,US,2155.887000,0.019016,Ibbotson US Large Cap total return,Morningstar / Ibbotson SBBI,Large Caps (col. H),US-1,socle historique (CSV redistribué),0
2006-12-31,BOND,1291.709000,-0.005806,"Bloomberg Barclays US Aggregate Bond, total return",Morningstar,AGG (col. F),BOND-2,socle historique (CSV redistribué),0
2006-12-31,EXUS,431.901000,0.031164,"MSCI ACWI ex USA, gross total return, USD",MSCI,ACWI ex USA (col. D),EXUS-2,socle historique (CSV redistribué),0
2006-12-31,TBILL,19.297216,0.004000,US 1-month Treasury bill,Kenneth French Data Library,"F-F_Research_Data_Factors, colonne RF",TBILL-1,source unique continue (aucun raccord),0
2006-12-31,US,2186.129000,0.014028,Ibbotson US Large Cap total return,Morningstar / Ibbotson SBBI,Large Caps (col. H),US-1,socle historique (CSV redistribué),0
2007-01-31,BOND,1291.176000,-0.000413,"Bloomberg Barclays US Aggregate Bond, total return",Morningstar,AGG (col. F),BOND-2,socle historique (CSV redistribué),0
2007-01-31,EXUS,433.514000,0.003735,"MSCI ACWI ex USA, gross total return, USD",MSCI,ACWI ex USA (col. D),EXUS-2,socle historique (CSV redistribué),0
2007-01-31,TBILL,19.382123,0.004400,US 1-month Treasury bill,Kenneth French Data Library,"F-F_Research_Data_Factors, colonne RF",TBILL-1,source unique continue (aucun raccord),0
2007-01-31,US,2219.191000,0.015124,Ibbotson US Large Cap total return,Morningstar / Ibbotson SBBI,Large Caps (col. H),US-1,socle historique (CSV redistribué),0
2007-02-28,BOND,1311.087000,0.015421,"Bloomberg Barclays US Aggregate Bond, total return",Morningstar,AGG (col. F),BOND-2,socle historique (CSV redistribué),0
2007-02-28,EXUS,436.163000,0.006111,"MSCI ACWI ex USA, gross total return, USD",MSCI,ACWI ex USA (col. D),EXUS-2,socle historique (CSV redistribué),0
2007-02-28,TBILL,19.455775,0.003800,US 1-month Treasury bill,Kenneth French Data Library,"F-F_Research_Data_Factors, colonne RF",TBILL-1,source unique continue (aucun raccord),0
2007-02-28,US,2175.786000,-0.019559,Ibbotson US Large Cap total return,Morningstar / Ibbotson SBBI,Large Caps (col. H),US-1,socle historique (CSV redistribué),0
2007-03-31,BOND,1311.129000,0.000032,"Bloomberg Barclays US Aggregate Bond, total return",Morningstar,AGG (col. F),BOND-2,socle historique (CSV redistribué),0
2007-03-31,EXUS,448.452000,0.028175,"MSCI ACWI ex USA, gross total return, USD",MSCI,ACWI ex USA (col. D),EXUS-2,socle historique (CSV redistribué),0
2007-03-31,TBILL,19.539435,0.004300,US 1-month Treasury bill,Kenneth French Data Library,"F-F_Research_Data_Factors, colonne RF",TBILL-1,source unique continue (aucun raccord),0
2007-03-31,US,2200.122000,0.011185,Ibbotson US Large Cap total return,Morningstar / Ibbotson SBBI,Large Caps (col. H),US-1,socle historique (CSV redistribué),0
2007-04-30,BOND,1318.200000,0.005393,"Bloomberg Barclays US Aggregate Bond, total return",Morningstar,AGG (col. F),BOND-2,socle historique (CSV redistribué),0
2007-04-30,EXUS,469.248000,0.046373,"MSCI ACWI ex USA, gross total return, USD",MSCI,ACWI ex USA (col. D),EXUS-2,socle historique (CSV redistribué),0
2007-04-30,TBILL,19.625409,0.004400,US 1-month Treasury bill,Kenneth French Data Library,"F-F_Research_Data_Factors, colonne RF",TBILL-1,source unique continue (aucun raccord),0
2007-04-30,US,2297.577000,0.044295,Ibbotson US Large Cap total return,Morningstar / Ibbotson SBBI,Large Caps (col. H),US-1,socle historique (CSV redistribué),0
2007-05-31,BOND,1308.205000,-0.007582,"Bloomberg Barclays US Aggregate Bond, total return",Morningstar,AGG (col. F),BOND-2,socle historique (CSV redistribué),0
2007-05-31,EXUS,482.110000,0.027410,"MSCI ACWI ex USA, gross total return, USD",MSCI,ACWI ex USA (col. D),EXUS-2,socle historique (CSV redistribué),0
2007-05-31,TBILL,19.705873,0.004100,US 1-month Treasury bill,Kenneth French Data Library,"F-F_Research_Data_Factors, colonne RF",TBILL-1,source unique continue (aucun raccord),0
2007-05-31,US,2377.751000,0.034895,Ibbotson US Large Cap total return,Morningstar / Ibbotson SBBI,Large Caps (col. H),US-1,socle historique (CSV redistribué),0
2007-06-30,BOND,1304.338000,-0.002956,"Bloomberg Barclays US Aggregate Bond, total return",Morningstar,AGG (col. F),BOND-2,socle historique (CSV redistribué),0
2007-06-30,EXUS,486.216000,0.008517,"MSCI ACWI ex USA, gross total return, USD",MSCI,ACWI ex USA (col. D),EXUS-2,socle historique (CSV redistribué),0
2007-06-30,TBILL,19.784697,0.004000,US 1-month Treasury bill,Kenneth French Data Library,"F-F_Research_Data_Factors, colonne RF",TBILL-1,source unique continue (aucun raccord),0
2007-06-30,US,2338.249000,-0.016613,Ibbotson US Large Cap total return,Morningstar / Ibbotson SBBI,Large Caps (col. H),US-1,socle historique (CSV redistribué),0
2007-07-31,BOND,1315.219000,0.008342,"Bloomberg Barclays US Aggregate Bond, total return",Morningstar,AGG (col. F),BOND-2,socle historique (CSV redistribué),0
2007-07-31,EXUS,484.830000,-0.002851,"MSCI ACWI ex USA, gross total return, USD",MSCI,ACWI ex USA (col. D),EXUS-2,socle historique (CSV redistribué),0
2007-07-31,TBILL,19.863835,0.004000,US 1-month Treasury bill,Kenneth French Data Library,"F-F_Research_Data_Factors, colonne RF",TBILL-1,source unique continue (aucun raccord),0
2007-07-31,US,2265.752000,-0.031005,Ibbotson US Large Cap total return,Morningstar / Ibbotson SBBI,Large Caps (col. H),US-1,socle historique (CSV redistribué),0
2007-08-31,BOND,1331.340000,0.012257,"Bloomberg Barclays US Aggregate Bond, total return",Morningstar,AGG (col. F),BOND-2,socle historique (CSV redistribué),0
2007-08-31,EXUS,477.386000,-0.015354,"MSCI ACWI ex USA, gross total return, USD",MSCI,ACWI ex USA (col. D),EXUS-2,socle historique (CSV redistribué),0
2007-08-31,TBILL,19.947263,0.004200,US 1-month Treasury bill,Kenneth French Data Library,"F-F_Research_Data_Factors, colonne RF",TBILL-1,source unique continue (aucun raccord),0
2007-08-31,US,2299.716000,0.014990,Ibbotson US Large Cap total return,Morningstar / Ibbotson SBBI,Large Caps (col. H),US-1,socle historique (CSV redistribué),0
2007-09-30,BOND,1341.438000,0.007585,"Bloomberg Barclays US Aggregate Bond, total return",Morningstar,AGG (col. F),BOND-2,socle historique (CSV redistribué),0
2007-09-30,EXUS,508.999000,0.066221,"MSCI ACWI ex USA, gross total return, USD",MSCI,ACWI ex USA (col. D),EXUS-2,socle historique (CSV redistribué),0
2007-09-30,TBILL,20.011095,0.003200,US 1-month Treasury bill,Kenneth French Data Library,"F-F_Research_Data_Factors, colonne RF",TBILL-1,source unique continue (aucun raccord),0
2007-09-30,US,2385.723000,0.037399,Ibbotson US Large Cap total return,Morningstar / Ibbotson SBBI,Large Caps (col. H),US-1,socle historique (CSV redistribué),0
2007-10-31,BOND,1353.489000,0.008984,"Bloomberg Barclays US Aggregate Bond, total return",Morningstar,AGG (col. F),BOND-2,socle historique (CSV redistribué),0
2007-10-31,EXUS,537.411000,0.055819,"MSCI ACWI ex USA, gross total return, USD",MSCI,ACWI ex USA (col. D),EXUS-2,socle historique (CSV redistribué),0
2007-10-31,TBILL,20.075130,0.003200,US 1-month Treasury bill,Kenneth French Data Library,"F-F_Research_Data_Factors, colonne RF",TBILL-1,source unique continue (aucun raccord),0
2007-10-31,US,2423.672000,0.015907,Ibbotson US Large Cap total return,Morningstar / Ibbotson SBBI,Large Caps (col. H),US-1,socle historique (CSV redistribué),0
2007-11-30,BOND,1377.827000,0.017982,"Bloomberg Barclays US Aggregate Bond, total return",Morningstar,AGG (col. F),BOND-2,socle historique (CSV redistribué),0
2007-11-30,EXUS,513.263000,-0.044934,"MSCI ACWI ex USA, gross total return, USD",MSCI,ACWI ex USA (col. D),EXUS-2,socle historique (CSV redistribué),0
2007-11-30,TBILL,20.143386,0.003400,US 1-month Treasury bill,Kenneth French Data Library,"F-F_Research_Data_Factors, colonne RF",TBILL-1,source unique continue (aucun raccord),0
2007-11-30,US,2322.346000,-0.041807,Ibbotson US Large Cap total return,Morningstar / Ibbotson SBBI,Large Caps (col. H),US-1,socle historique (CSV redistribué),0
2007-12-31,BOND,1381.698000,0.002809,"Bloomberg Barclays US Aggregate Bond, total return",Morningstar,AGG (col. F),BOND-2,socle historique (CSV redistribué),0
2007-12-31,EXUS,505.844000,-0.014455,"MSCI ACWI ex USA, gross total return, USD",MSCI,ACWI ex USA (col. D),EXUS-2,socle historique (CSV redistribué),0
2007-12-31,TBILL,20.197773,0.002700,US 1-month Treasury bill,Kenneth French Data Library,"F-F_Research_Data_Factors, colonne RF",TBILL-1,source unique continue (aucun raccord),0
2007-12-31,US,2306.235000,-0.006937,Ibbotson US Large Cap total return,Morningstar / Ibbotson SBBI,Large Caps (col. H),US-1,socle historique (CSV redistribué),0
2008-01-31,BOND,1404.913000,0.016802,"Bloomberg Barclays US Aggregate Bond, total return",Morningstar,AGG (col. F),BOND-2,socle historique (CSV redistribué),0
2008-01-31,EXUS,456.899000,-0.096759,"MSCI ACWI ex USA, gross total return, USD",MSCI,ACWI ex USA (col. D),EXUS-2,socle historique (CSV redistribué),0
2008-01-31,TBILL,20.240188,0.002100,US 1-month Treasury bill,Kenneth French Data Library,"F-F_Research_Data_Factors, colonne RF",TBILL-1,source unique continue (aucun raccord),0
2008-01-31,US,2167.903000,-0.059982,Ibbotson US Large Cap total return,Morningstar / Ibbotson SBBI,Large Caps (col. H),US-1,socle historique (CSV redistribué),0
2008-02-29,BOND,1406.857000,0.001384,"Bloomberg Barclays US Aggregate Bond, total return",Morningstar,AGG (col. F),BOND-2,socle historique (CSV redistribué),0
2008-02-29,EXUS,470.140000,0.028980,"MSCI ACWI ex USA, gross total return, USD",MSCI,ACWI ex USA (col. D),EXUS-2,socle historique (CSV redistribué),0
2008-02-29,TBILL,20.266500,0.001300,US 1-month Treasury bill,Kenneth French Data Library,"F-F_Research_Data_Factors, colonne RF",TBILL-1,source unique continue (aucun raccord),0
2008-02-29,US,2097.477000,-0.032486,Ibbotson US Large Cap total return,Morningstar / Ibbotson SBBI,Large Caps (col. H),US-1,socle historique (CSV redistribué),0
2008-03-31,BOND,1411.656000,0.003411,"Bloomberg Barclays US Aggregate Bond, total return",Morningstar,AGG (col. F),BOND-2,socle historique (CSV redistribué),0
2008-03-31,EXUS,460.002000,-0.021564,"MSCI ACWI ex USA, gross total return, USD",MSCI,ACWI ex USA (col. D),EXUS-2,socle historique (CSV redistribué),0
2008-03-31,TBILL,20.300953,0.001700,US 1-month Treasury bill,Kenneth French Data Library,"F-F_Research_Data_Factors, colonne RF",TBILL-1,source unique continue (aucun raccord),0
2008-03-31,US,2088.420000,-0.004318,Ibbotson US Large Cap total return,Morningstar / Ibbotson SBBI,Large Caps (col. H),US-1,socle historique (CSV redistribué),0
2008-04-30,BOND,1408.708000,-0.002088,"Bloomberg Barclays US Aggregate Bond, total return",Morningstar,AGG (col. F),BOND-2,socle historique (CSV redistribué),0
2008-04-30,EXUS,488.311000,0.061541,"MSCI ACWI ex USA, gross total return, USD",MSCI,ACWI ex USA (col. D),EXUS-2,socle historique (CSV redistribué),0
2008-04-30,TBILL,20.337495,0.001800,US 1-month Treasury bill,Kenneth French Data Library,"F-F_Research_Data_Factors, colonne RF",TBILL-1,source unique continue (aucun raccord),0
2008-04-30,US,2190.133000,0.048703,Ibbotson US Large Cap total return,Morningstar / Ibbotson SBBI,Large Caps (col. H),US-1,socle historique (CSV redistribué),0
2008-05-31,BOND,1398.376000,-0.007334,"Bloomberg Barclays US Aggregate Bond, total return",Morningstar,AGG (col. F),BOND-2,socle historique (CSV redistribué),0
2008-05-31,EXUS,496.773000,0.017329,"MSCI ACWI ex USA, gross total return, USD",MSCI,ACWI ex USA (col. D),EXUS-2,socle historique (CSV redistribué),0
2008-05-31,TBILL,20.374103,0.001800,US 1-month Treasury bill,Kenneth French Data Library,"F-F_Research_Data_Factors, colonne RF",TBILL-1,source unique continue (aucun raccord),0
2008-05-31,US,2218.500000,0.012952,Ibbotson US Large Cap total return,Morningstar / Ibbotson SBBI,Large Caps (col. H),US-1,socle historique (CSV redistribué),0
2008-06-30,BOND,1397.255000,-0.000802,"Bloomberg Barclays US Aggregate Bond, total return",Morningstar,AGG (col. F),BOND-2,socle historique (CSV redistribué),0
2008-06-30,EXUS,456.055000,-0.081965,"MSCI ACWI ex USA, gross total return, USD",MSCI,ACWI ex USA (col. D),EXUS-2,socle historique (CSV redistribué),0
2008-06-30,TBILL,20.408739,0.001700,US 1-month Treasury bill,Kenneth French Data Library,"F-F_Research_Data_Factors, colonne RF",TBILL-1,source unique continue (aucun raccord),0
2008-06-30,US,2031.473000,-0.084303,Ibbotson US Large Cap total return,Morningstar / Ibbotson SBBI,Large Caps (col. H),US-1,socle historique (CSV redistribué),0
2008-07-31,BOND,1396.113000,-0.000817,"Bloomberg Barclays US Aggregate Bond, total return",Morningstar,AGG (col. F),BOND-2,socle historique (CSV redistribué),0
2008-07-31,EXUS,439.745000,-0.035763,"MSCI ACWI ex USA, gross total return, USD",MSCI,ACWI ex USA (col. D),EXUS-2,socle historique (CSV redistribué),0
2008-07-31,TBILL,20.439352,0.001500,US 1-month Treasury bill,Kenneth French Data Library,"F-F_Research_Data_Factors, colonne RF",TBILL-1,source unique continue (aucun raccord),0
2008-07-31,US,2014.396000,-0.008406,Ibbotson US Large Cap total return,Morningstar / Ibbotson SBBI,Large Caps (col. H),US-1,socle historique (CSV redistribué),0
2008-08-31,BOND,1409.358000,0.009487,"Bloomberg Barclays US Aggregate Bond, total return",Morningstar,AGG (col. F),BOND-2,socle historique (CSV redistribué),0
2008-08-31,EXUS,419.293000,-0.046509,"MSCI ACWI ex USA, gross total return, USD",MSCI,ACWI ex USA (col. D),EXUS-2,socle historique (CSV redistribué),0
2008-08-31,TBILL,20.465923,0.001300,US 1-month Treasury bill,Kenneth French Data Library,"F-F_Research_Data_Factors, colonne RF",TBILL-1,source unique continue (aucun raccord),0
2008-08-31,US,2043.534000,0.014465,Ibbotson US Large Cap total return,Morningstar / Ibbotson SBBI,Large Caps (col. H),US-1,socle historique (CSV redistribué),0
2008-09-30,BOND,1390.429000,-0.013431,"Bloomberg Barclays US Aggregate Bond, total return",Morningstar,AGG (col. F),BOND-2,socle historique (CSV redistribué),0
2008-09-30,EXUS,356.439000,-0.149905,"MSCI ACWI ex USA, gross total return, USD",MSCI,ACWI ex USA (col. D),EXUS-2,socle historique (CSV redistribué),0
2008-09-30,TBILL,20.496622,0.001500,US 1-month Treasury bill,Kenneth French Data Library,"F-F_Research_Data_Factors, colonne RF",TBILL-1,source unique continue (aucun raccord),0
2008-09-30,US,1861.440000,-0.089107,Ibbotson US Large Cap total return,Morningstar / Ibbotson SBBI,Large Caps (col. H),US-1,socle historique (CSV redistribué),0
2008-10-31,BOND,1357.610000,-0.023604,"Bloomberg Barclays US Aggregate Bond, total return",Morningstar,AGG (col. F),BOND-2,socle historique (CSV redistribué),0
2008-10-31,EXUS,277.992000,-0.220085,"MSCI ACWI ex USA, gross total return, USD",MSCI,ACWI ex USA (col. D),EXUS-2,socle historique (CSV redistribué),0
2008-10-31,TBILL,20.513019,0.000800,US 1-month Treasury bill,Kenneth French Data Library,"F-F_Research_Data_Factors, colonne RF",TBILL-1,source unique continue (aucun raccord),0
2008-10-31,US,1548.815000,-0.167948,Ibbotson US Large Cap total return,Morningstar / Ibbotson SBBI,Large Caps (col. H),US-1,socle historique (CSV redistribué),0
2008-11-30,BOND,1401.798000,0.032548,"Bloomberg Barclays US Aggregate Bond, total return",Morningstar,AGG (col. F),BOND-2,socle historique (CSV redistribué),0
2008-11-30,EXUS,262.025000,-0.057437,"MSCI ACWI ex USA, gross total return, USD",MSCI,ACWI ex USA (col. D),EXUS-2,socle historique (CSV redistribué),0
2008-11-30,TBILL,20.519173,0.000300,US 1-month Treasury bill,Kenneth French Data Library,"F-F_Research_Data_Factors, colonne RF",TBILL-1,source unique continue (aucun raccord),0
2008-11-30,US,1437.680000,-0.071755,Ibbotson US Large Cap total return,Morningstar / Ibbotson SBBI,Large Caps (col. H),US-1,socle historique (CSV redistribué),0
2008-12-31,BOND,1454.102000,0.037312,"Bloomberg Barclays US Aggregate Bond, total return",Morningstar,AGG (col. F),BOND-2,socle historique (CSV redistribué),0
2008-12-31,EXUS,277.004000,0.057166,"MSCI ACWI ex USA, gross total return, USD",MSCI,ACWI ex USA (col. D),EXUS-2,socle historique (CSV redistribué),0
2008-12-31,TBILL,20.519173,0.000000,US 1-month Treasury bill,Kenneth French Data Library,"F-F_Research_Data_Factors, colonne RF",TBILL-1,source unique continue (aucun raccord),0
2008-12-31,US,1452.978000,0.010641,Ibbotson US Large Cap total return,Morningstar / Ibbotson SBBI,Large Caps (col. H),US-1,socle historique (CSV redistribué),0
2009-01-31,BOND,1441.268000,-0.008826,"Bloomberg Barclays US Aggregate Bond, total return",Morningstar,AGG (col. F),BOND-2,socle historique (CSV redistribué),0
2009-01-31,EXUS,252.589000,-0.088140,"MSCI ACWI ex USA, gross total return, USD",MSCI,ACWI ex USA (col. D),EXUS-2,socle historique (CSV redistribué),0
2009-01-31,TBILL,20.519173,0.000000,US 1-month Treasury bill,Kenneth French Data Library,"F-F_Research_Data_Factors, colonne RF",TBILL-1,source unique continue (aucun raccord),0
2009-01-31,US,1330.511000,-0.084287,Ibbotson US Large Cap total return,Morningstar / Ibbotson SBBI,Large Caps (col. H),US-1,socle historique (CSV redistribué),0
2009-02-28,BOND,1435.826000,-0.003776,"Bloomberg Barclays US Aggregate Bond, total return",Morningstar,AGG (col. F),BOND-2,socle historique (CSV redistribué),0
2009-02-28,EXUS,229.094000,-0.093017,"MSCI ACWI ex USA, gross total return, USD",MSCI,ACWI ex USA (col. D),EXUS-2,socle historique (CSV redistribué),0
2009-02-28,TBILL,20.521225,0.000100,US 1-month Treasury bill,Kenneth French Data Library,"F-F_Research_Data_Factors, colonne RF",TBILL-1,source unique continue (aucun raccord),0
2009-02-28,US,1188.842000,-0.106477,Ibbotson US Large Cap total return,Morningstar / Ibbotson SBBI,Large Caps (col. H),US-1,socle historique (CSV redistribué),0
2009-03-31,BOND,1455.786000,0.013901,"Bloomberg Barclays US Aggregate Bond, total return",Morningstar,AGG (col. F),BOND-2,socle historique (CSV redistribué),0
2009-03-31,EXUS,247.589000,0.080731,"MSCI ACWI ex USA, gross total return, USD",MSCI,ACWI ex USA (col. D),EXUS-2,socle historique (CSV redistribué),0
2009-03-31,TBILL,20.525329,0.000200,US 1-month Treasury bill,Kenneth French Data Library,"F-F_Research_Data_Factors, colonne RF",TBILL-1,source unique continue (aucun raccord),0
2009-03-31,US,1292.978000,0.087594,Ibbotson US Large Cap total return,Morningstar / Ibbotson SBBI,Large Caps (col. H),US-1,socle historique (CSV redistribué),0
2009-04-30,BOND,1462.754000,0.004786,"Bloomberg Barclays US Aggregate Bond, total return",Morningstar,AGG (col. F),BOND-2,socle historique (CSV redistribué),0
2009-04-30,EXUS,281.638000,0.137522,"MSCI ACWI ex USA, gross total return, USD",MSCI,ACWI ex USA (col. D),EXUS-2,socle historique (CSV redistribué),0
2009-04-30,TBILL,20.527382,0.000100,US 1-month Treasury bill,Kenneth French Data Library,"F-F_Research_Data_Factors, colonne RF",TBILL-1,source unique continue (aucun raccord),0
2009-04-30,US,1416.728000,0.095709,Ibbotson US Large Cap total return,Morningstar / Ibbotson SBBI,Large Caps (col. H),US-1,socle historique (CSV redistribué),0
2009-05-31,BOND,1473.360000,0.007251,"Bloomberg Barclays US Aggregate Bond, total return",Morningstar,AGG (col. F),BOND-2,socle historique (CSV redistribué),0
2009-05-31,EXUS,320.189000,0.136881,"MSCI ACWI ex USA, gross total return, USD",MSCI,ACWI ex USA (col. D),EXUS-2,socle historique (CSV redistribué),0
2009-05-31,TBILL,20.527382,0.000000,US 1-month Treasury bill,Kenneth French Data Library,"F-F_Research_Data_Factors, colonne RF",TBILL-1,source unique continue (aucun raccord),0
2009-05-31,US,1495.970000,0.055933,Ibbotson US Large Cap total return,Morningstar / Ibbotson SBBI,Large Caps (col. H),US-1,socle historique (CSV redistribué),0
2009-06-30,BOND,1481.735000,0.005684,"Bloomberg Barclays US Aggregate Bond, total return",Morningstar,AGG (col. F),BOND-2,socle historique (CSV redistribué),0
2009-06-30,EXUS,316.757000,-0.010719,"MSCI ACWI ex USA, gross total return, USD",MSCI,ACWI ex USA (col. D),EXUS-2,socle historique (CSV redistribué),0
2009-06-30,TBILL,20.529434,0.000100,US 1-month Treasury bill,Kenneth French Data Library,"F-F_Research_Data_Factors, colonne RF",TBILL-1,source unique continue (aucun raccord),0
2009-06-30,US,1498.937000,0.001983,Ibbotson US Large Cap total return,Morningstar / Ibbotson SBBI,Large Caps (col. H),US-1,socle historique (CSV redistribué),0
2009-07-31,BOND,1505.641000,0.016134,"Bloomberg Barclays US Aggregate Bond, total return",Morningstar,AGG (col. F),BOND-2,socle historique (CSV redistribué),0
2009-07-31,EXUS,347.820000,0.098066,"MSCI ACWI ex USA, gross total return, USD",MSCI,ACWI ex USA (col. D),EXUS-2,socle historique (CSV redistribué),0
2009-07-31,TBILL,20.531487,0.000100,US 1-month Treasury bill,Kenneth French Data Library,"F-F_Research_Data_Factors, colonne RF",TBILL-1,source unique continue (aucun raccord),0
2009-07-31,US,1612.313000,0.075638,Ibbotson US Large Cap total return,Morningstar / Ibbotson SBBI,Large Caps (col. H),US-1,socle historique (CSV redistribué),0
2009-08-31,BOND,1521.230000,0.010354,"Bloomberg Barclays US Aggregate Bond, total return",Morningstar,AGG (col. F),BOND-2,socle historique (CSV redistribué),0
2009-08-31,EXUS,360.762000,0.037209,"MSCI ACWI ex USA, gross total return, USD",MSCI,ACWI ex USA (col. D),EXUS-2,socle historique (CSV redistribué),0
2009-08-31,TBILL,20.533540,0.000100,US 1-month Treasury bill,Kenneth French Data Library,"F-F_Research_Data_Factors, colonne RF",TBILL-1,source unique continue (aucun raccord),0
2009-08-31,US,1670.524000,0.036104,Ibbotson US Large Cap total return,Morningstar / Ibbotson SBBI,Large Caps (col. H),US-1,socle historique (CSV redistribué),0
2009-09-30,BOND,1537.213000,0.010507,"Bloomberg Barclays US Aggregate Bond, total return",Morningstar,AGG (col. F),BOND-2,socle historique (CSV redistribué),0
2009-09-30,EXUS,379.369000,0.051577,"MSCI ACWI ex USA, gross total return, USD",MSCI,ACWI ex USA (col. D),EXUS-2,socle historique (CSV redistribué),0
2009-09-30,TBILL,20.535594,0.000100,US 1-month Treasury bill,Kenneth French Data Library,"F-F_Research_Data_Factors, colonne RF",TBILL-1,source unique continue (aucun raccord),0
2009-09-30,US,1732.860000,0.037315,Ibbotson US Large Cap total return,Morningstar / Ibbotson SBBI,Large Caps (col. H),US-1,socle historique (CSV redistribué),0
2009-10-31,BOND,1544.805000,0.004939,"Bloomberg Barclays US Aggregate Bond, total return",Morningstar,AGG (col. F),BOND-2,socle historique (CSV redistribué),0
2009-10-31,EXUS,374.703000,-0.012299,"MSCI ACWI ex USA, gross total return, USD",MSCI,ACWI ex USA (col. D),EXUS-2,socle historique (CSV redistribué),0
2009-10-31,TBILL,20.535594,0.000000,US 1-month Treasury bill,Kenneth French Data Library,"F-F_Research_Data_Factors, colonne RF",TBILL-1,source unique continue (aucun raccord),0
2009-10-31,US,1700.669000,-0.018577,Ibbotson US Large Cap total return,Morningstar / Ibbotson SBBI,Large Caps (col. H),US-1,socle historique (CSV redistribué),0
2009-11-30,BOND,1564.802000,0.012945,"Bloomberg Barclays US Aggregate Bond, total return",Morningstar,AGG (col. F),BOND-2,socle historique (CSV redistribué),0
2009-11-30,EXUS,385.527000,0.028887,"MSCI ACWI ex USA, gross total return, USD",MSCI,ACWI ex USA (col. D),EXUS-2,socle historique (CSV redistribué),0
2009-11-30,TBILL,20.535594,0.000000,US 1-month Treasury bill,Kenneth French Data Library,"F-F_Research_Data_Factors, colonne RF",TBILL-1,source unique continue (aucun raccord),0
2009-11-30,US,1802.681000,0.059983,Ibbotson US Large Cap total return,Morningstar / Ibbotson SBBI,Large Caps (col. H),US-1,socle historique (CSV redistribué),0
2009-12-31,BOND,1540.336000,-0.015635,"Bloomberg Barclays US Aggregate Bond, total return",Morningstar,AGG (col. F),BOND-2,socle historique (CSV redistribué),0
2009-12-31,EXUS,393.734000,0.021288,"MSCI ACWI ex USA, gross total return, USD",MSCI,ACWI ex USA (col. D),EXUS-2,socle historique (CSV redistribué),0
2009-12-31,TBILL,20.537647,0.000100,US 1-month Treasury bill,Kenneth French Data Library,"F-F_Research_Data_Factors, colonne RF",TBILL-1,source unique continue (aucun raccord),0
2009-12-31,US,1837.501000,0.019316,Ibbotson US Large Cap total return,Morningstar / Ibbotson SBBI,Large Caps (col. H),US-1,socle historique (CSV redistribué),0
2010-01-31,BOND,1563.869000,0.015278,"Bloomberg Barclays US Aggregate Bond, total return",Morningstar,AGG (col. F),BOND-2,socle historique (CSV redistribué),0
2010-01-31,EXUS,374.538000,-0.048754,"MSCI ACWI ex USA, gross total return, USD",MSCI,ACWI ex USA (col. D),EXUS-2,socle historique (CSV redistribué),0
2010-01-31,TBILL,20.537647,0.000000,US 1-month Treasury bill,Kenneth French Data Library,"F-F_Research_Data_Factors, colonne RF",TBILL-1,source unique continue (aucun raccord),0
2010-01-31,US,1771.399000,-0.035974,Ibbotson US Large Cap total return,Morningstar / Ibbotson SBBI,Large Caps (col. H),US-1,socle historique (CSV redistribué),0
2010-02-28,BOND,1569.708000,0.003734,"Bloomberg Barclays US Aggregate Bond, total return",Morningstar,AGG (col. F),BOND-2,socle historique (CSV redistribué),0
2010-02-28,EXUS,374.591000,0.000142,"MSCI ACWI ex USA, gross total return, USD",MSCI,ACWI ex USA (col. D),EXUS-2,socle historique (CSV redistribué),0
2010-02-28,TBILL,20.537647,0.000000,US 1-month Treasury bill,Kenneth French Data Library,"F-F_Research_Data_Factors, colonne RF",TBILL-1,source unique continue (aucun raccord),0
2010-02-28,US,1826.272000,0.030977,Ibbotson US Large Cap total return,Morningstar / Ibbotson SBBI,Large Caps (col. H),US-1,socle historique (CSV redistribué),0
2010-03-31,BOND,1567.780000,-0.001228,"Bloomberg Barclays US Aggregate Bond, total return",Morningstar,AGG (col. F),BOND-2,socle historique (CSV redistribué),0
2010-03-31,EXUS,400.267000,0.068544,"MSCI ACWI ex USA, gross total return, USD",MSCI,ACWI ex USA (col. D),EXUS-2,socle historique (CSV redistribué),0
2010-03-31,TBILL,20.539701,0.000100,US 1-month Treasury bill,Kenneth French Data Library,"F-F_Research_Data_Factors, colonne RF",TBILL-1,source unique continue (aucun raccord),0
2010-03-31,US,1936.478000,0.060345,Ibbotson US Large Cap total return,Morningstar / Ibbotson SBBI,Large Caps (col. H),US-1,socle historique (CSV redistribué),0
2010-04-30,BOND,1584.103000,0.010412,"Bloomberg Barclays US Aggregate Bond, total return",Morningstar,AGG (col. F),BOND-2,socle historique (CSV redistribué),0
2010-04-30,EXUS,397.014000,-0.008127,"MSCI ACWI ex USA, gross total return, USD",MSCI,ACWI ex USA (col. D),EXUS-2,socle historique (CSV redistribué),0
2010-04-30,TBILL,20.541755,0.000100,US 1-month Treasury bill,Kenneth French Data Library,"F-F_Research_Data_Factors, colonne RF",TBILL-1,source unique continue (aucun raccord),0
2010-04-30,US,1967.051000,0.015788,Ibbotson US Large Cap total return,Morningstar / Ibbotson SBBI,Large Caps (col. H),US-1,socle historique (CSV redistribué),0
2010-05-31,BOND,1597.427000,0.008411,"Bloomberg Barclays US Aggregate Bond, total return",Morningstar,AGG (col. F),BOND-2,socle historique (CSV redistribué),0
2010-05-31,EXUS,355.668000,-0.104142,"MSCI ACWI ex USA, gross total return, USD",MSCI,ACWI ex USA (col. D),EXUS-2,socle historique (CSV redistribué),0
2010-05-31,TBILL,20.543809,0.000100,US 1-month Treasury bill,Kenneth French Data Library,"F-F_Research_Data_Factors, colonne RF",TBILL-1,source unique continue (aucun raccord),0
2010-05-31,US,1809.980000,-0.079851,Ibbotson US Large Cap total return,Morningstar / Ibbotson SBBI,Large Caps (col. H),US-1,socle historique (CSV redistribué),0
2010-06-30,BOND,1622.477000,0.015681,"Bloomberg Barclays US Aggregate Bond, total return",Morningstar,AGG (col. F),BOND-2,socle historique (CSV redistribué),0
2010-06-30,EXUS,351.198000,-0.012568,"MSCI ACWI ex USA, gross total return, USD",MSCI,ACWI ex USA (col. D),EXUS-2,socle historique (CSV redistribué),0
2010-06-30,TBILL,20.545864,0.000100,US 1-month Treasury bill,Kenneth French Data Library,"F-F_Research_Data_Factors, colonne RF",TBILL-1,source unique continue (aucun raccord),0
2010-06-30,US,1715.231000,-0.052348,Ibbotson US Large Cap total return,Morningstar / Ibbotson SBBI,Large Caps (col. H),US-1,socle historique (CSV redistribué),0
2010-07-31,BOND,1639.795000,0.010674,"Bloomberg Barclays US Aggregate Bond, total return",Morningstar,AGG (col. F),BOND-2,socle historique (CSV redistribué),0
2010-07-31,EXUS,383.009000,0.090579,"MSCI ACWI ex USA, gross total return, USD",MSCI,ACWI ex USA (col. D),EXUS-2,socle historique (CSV redistribué),0
2010-07-31,TBILL,20.547918,0.000100,US 1-month Treasury bill,Kenneth French Data Library,"F-F_Research_Data_Factors, colonne RF",TBILL-1,source unique continue (aucun raccord),0
2010-07-31,US,1835.405000,0.070063,Ibbotson US Large Cap total return,Morningstar / Ibbotson SBBI,Large Caps (col. H),US-1,socle historique (CSV redistribué),0
2010-08-31,BOND,1660.892000,0.012866,"Bloomberg Barclays US Aggregate Bond, total return",Morningstar,AGG (col. F),BOND-2,socle historique (CSV redistribué),0
2010-08-31,EXUS,372.564000,-0.027271,"MSCI ACWI ex USA, gross total return, USD",MSCI,ACWI ex USA (col. D),EXUS-2,socle historique (CSV redistribué),0
2010-08-31,TBILL,20.549973,0.000100,US 1-month Treasury bill,Kenneth French Data Library,"F-F_Research_Data_Factors, colonne RF",TBILL-1,source unique continue (aucun raccord),0
2010-08-31,US,1752.547000,-0.045144,Ibbotson US Large Cap total return,Morningstar / Ibbotson SBBI,Large Caps (col. H),US-1,socle historique (CSV redistribué),0
2010-09-30,BOND,1662.664000,0.001067,"Bloomberg Barclays US Aggregate Bond, total return",Morningstar,AGG (col. F),BOND-2,socle historique (CSV redistribué),0
2010-09-30,EXUS,409.715000,0.099717,"MSCI ACWI ex USA, gross total return, USD",MSCI,ACWI ex USA (col. D),EXUS-2,socle historique (CSV redistribué),0
2010-09-30,TBILL,20.552028,0.000100,US 1-month Treasury bill,Kenneth French Data Library,"F-F_Research_Data_Factors, colonne RF",TBILL-1,source unique continue (aucun raccord),0
2010-09-30,US,1908.953000,0.089245,Ibbotson US Large Cap total return,Morningstar / Ibbotson SBBI,Large Caps (col. H),US-1,socle historique (CSV redistribué),0
2010-10-31,BOND,1668.581000,0.003559,"Bloomberg Barclays US Aggregate Bond, total return",Morningstar,AGG (col. F),BOND-2,socle historique (CSV redistribué),0
2010-10-31,EXUS,423.712000,0.034163,"MSCI ACWI ex USA, gross total return, USD",MSCI,ACWI ex USA (col. D),EXUS-2,socle historique (CSV redistribué),0
2010-10-31,TBILL,20.554083,0.000100,US 1-month Treasury bill,Kenneth French Data Library,"F-F_Research_Data_Factors, colonne RF",TBILL-1,source unique continue (aucun raccord),0
2010-10-31,US,1981.587000,0.038049,Ibbotson US Large Cap total return,Morningstar / Ibbotson SBBI,Large Caps (col. H),US-1,socle historique (CSV redistribué),0
2010-11-30,BOND,1658.990000,-0.005748,"Bloomberg Barclays US Aggregate Bond, total return",Morningstar,AGG (col. F),BOND-2,socle historique (CSV redistribué),0
2010-11-30,EXUS,407.453000,-0.038373,"MSCI ACWI ex USA, gross total return, USD",MSCI,ACWI ex USA (col. D),EXUS-2,socle historique (CSV redistribué),0
2010-11-30,TBILL,20.556139,0.000100,US 1-month Treasury bill,Kenneth French Data Library,"F-F_Research_Data_Factors, colonne RF",TBILL-1,source unique continue (aucun raccord),0
2010-11-30,US,1981.841000,0.000128,Ibbotson US Large Cap total return,Morningstar / Ibbotson SBBI,Large Caps (col. H),US-1,socle historique (CSV redistribué),0
2010-12-31,BOND,1641.101000,-0.010783,"Bloomberg Barclays US Aggregate Bond, total return",Morningstar,AGG (col. F),BOND-2,socle historique (CSV redistribué),0
2010-12-31,EXUS,439.420000,0.078456,"MSCI ACWI ex USA, gross total return, USD",MSCI,ACWI ex USA (col. D),EXUS-2,socle historique (CSV redistribué),0
2010-12-31,TBILL,20.558194,0.000100,US 1-month Treasury bill,Kenneth French Data Library,"F-F_Research_Data_Factors, colonne RF",TBILL-1,source unique continue (aucun raccord),0
2010-12-31,US,2114.290000,0.066831,Ibbotson US Large Cap total return,Morningstar / Ibbotson SBBI,Large Caps (col. H),US-1,socle historique (CSV redistribué),0
2011-01-31,BOND,1643.007000,0.001161,"Bloomberg Barclays US Aggregate Bond, total return",Morningstar,AGG (col. F),BOND-2,socle historique (CSV redistribué),0
2011-01-31,EXUS,443.820000,0.010013,"MSCI ACWI ex USA, gross total return, USD",MSCI,ACWI ex USA (col. D),EXUS-2,socle historique (CSV redistribué),0
2011-01-31,TBILL,20.560250,0.000100,US 1-month Treasury bill,Kenneth French Data Library,"F-F_Research_Data_Factors, colonne RF",TBILL-1,source unique continue (aucun raccord),0
2011-01-31,US,2164.402000,0.023702,Ibbotson US Large Cap total return,Morningstar / Ibbotson SBBI,Large Caps (col. H),US-1,socle historique (CSV redistribué),0
2011-02-28,BOND,1647.118000,0.002502,"Bloomberg Barclays US Aggregate Bond, total return",Morningstar,AGG (col. F),BOND-2,socle historique (CSV redistribué),0
2011-02-28,EXUS,455.606000,0.026556,"MSCI ACWI ex USA, gross total return, USD",MSCI,ACWI ex USA (col. D),EXUS-2,socle historique (CSV redistribué),0
2011-02-28,TBILL,20.562306,0.000100,US 1-month Treasury bill,Kenneth French Data Library,"F-F_Research_Data_Factors, colonne RF",TBILL-1,source unique continue (aucun raccord),0
2011-02-28,US,2238.553000,0.034259,Ibbotson US Large Cap total return,Morningstar / Ibbotson SBBI,Large Caps (col. H),US-1,socle historique (CSV redistribué),0
2011-03-31,BOND,1648.028000,0.000552,"Bloomberg Barclays US Aggregate Bond, total return",Morningstar,AGG (col. F),BOND-2,socle historique (CSV redistribué),0
2011-03-31,EXUS,454.742000,-0.001896,"MSCI ACWI ex USA, gross total return, USD",MSCI,ACWI ex USA (col. D),EXUS-2,socle historique (CSV redistribué),0
2011-03-31,TBILL,20.564362,0.000100,US 1-month Treasury bill,Kenneth French Data Library,"F-F_Research_Data_Factors, colonne RF",TBILL-1,source unique continue (aucun raccord),0
2011-03-31,US,2239.443000,0.000398,Ibbotson US Large Cap total return,Morningstar / Ibbotson SBBI,Large Caps (col. H),US-1,socle historique (CSV redistribué),0
2011-04-30,BOND,1668.951000,0.012696,"Bloomberg Barclays US Aggregate Bond, total return",Morningstar,AGG (col. F),BOND-2,socle historique (CSV redistribué),0
2011-04-30,EXUS,477.304000,0.049615,"MSCI ACWI ex USA, gross total return, USD",MSCI,ACWI ex USA (col. D),EXUS-2,socle historique (CSV redistribué),0
2011-04-30,TBILL,20.564362,0.000000,US 1-month Treasury bill,Kenneth French Data Library,"F-F_Research_Data_Factors, colonne RF",TBILL-1,source unique continue (aucun raccord),0
2011-04-30,US,2305.765000,0.029615,Ibbotson US Large Cap total return,Morningstar / Ibbotson SBBI,Large Caps (col. H),US-1,socle historique (CSV redistribué),0
2011-05-31,BOND,1690.734000,0.013052,"Bloomberg Barclays US Aggregate Bond, total return",Morningstar,AGG (col. F),BOND-2,socle historique (CSV redistribué),0
2011-05-31,EXUS,464.083000,-0.027699,"MSCI ACWI ex USA, gross total return, USD",MSCI,ACWI ex USA (col. D),EXUS-2,socle historique (CSV redistribué),0
2011-05-31,TBILL,20.564362,0.000000,US 1-month Treasury bill,Kenneth French Data Library,"F-F_Research_Data_Factors, colonne RF",TBILL-1,source unique continue (aucun raccord),0
2011-05-31,US,2279.665000,-0.011319,Ibbotson US Large Cap total return,Morningstar / Ibbotson SBBI,Large Caps (col. H),US-1,socle historique (CSV redistribué),0
2011-06-30,BOND,1685.782000,-0.002929,"Bloomberg Barclays US Aggregate Bond, total return",Morningstar,AGG (col. F),BOND-2,socle historique (CSV redistribué),0
2011-06-30,EXUS,457.500000,-0.014185,"MSCI ACWI ex USA, gross total return, USD",MSCI,ACWI ex USA (col. D),EXUS-2,socle historique (CSV redistribué),0
2011-06-30,TBILL,20.564362,0.000000,US 1-month Treasury bill,Kenneth French Data Library,"F-F_Research_Data_Factors, colonne RF",TBILL-1,source unique continue (aucun raccord),0
2011-06-30,US,2241.665000,-0.016669,Ibbotson US Large Cap total return,Morningstar / Ibbotson SBBI,Large Caps (col. H),US-1,socle historique (CSV redistribué),0
2011-07-31,BOND,1712.533000,0.015869,"Bloomberg Barclays US Aggregate Bond, total return",Morningstar,AGG (col. F),BOND-2,socle historique (CSV redistribué),0
2011-07-31,EXUS,451.402000,-0.013329,"MSCI ACWI ex USA, gross total return, USD",MSCI,ACWI ex USA (col. D),EXUS-2,socle historique (CSV redistribué),0
2011-07-31,TBILL,20.564362,0.000000,US 1-month Treasury bill,Kenneth French Data Library,"F-F_Research_Data_Factors, colonne RF",TBILL-1,source unique continue (aucun raccord),0
2011-07-31,US,2196.081000,-0.020335,Ibbotson US Large Cap total return,Morningstar / Ibbotson SBBI,Large Caps (col. H),US-1,socle historique (CSV redistribué),0
2011-08-31,BOND,1737.554000,0.014611,"Bloomberg Barclays US Aggregate Bond, total return",Morningstar,AGG (col. F),BOND-2,socle historique (CSV redistribué),0
2011-08-31,EXUS,412.807000,-0.085500,"MSCI ACWI ex USA, gross total return, USD",MSCI,ACWI ex USA (col. D),EXUS-2,socle historique (CSV redistribué),0
2011-08-31,TBILL,20.566419,0.000100,US 1-month Treasury bill,Kenneth French Data Library,"F-F_Research_Data_Factors, colonne RF",TBILL-1,source unique continue (aucun raccord),0
2011-08-31,US,2076.786000,-0.054322,Ibbotson US Large Cap total return,Morningstar / Ibbotson SBBI,Large Caps (col. H),US-1,socle historique (CSV redistribué),0
2011-09-30,BOND,1750.191000,0.007273,"Bloomberg Barclays US Aggregate Bond, total return",Morningstar,AGG (col. F),BOND-2,socle historique (CSV redistribué),0
2011-09-30,EXUS,367.011000,-0.110938,"MSCI ACWI ex USA, gross total return, USD",MSCI,ACWI ex USA (col. D),EXUS-2,socle historique (CSV redistribué),0
2011-09-30,TBILL,20.566419,0.000000,US 1-month Treasury bill,Kenneth French Data Library,"F-F_Research_Data_Factors, colonne RF",TBILL-1,source unique continue (aucun raccord),0
2011-09-30,US,1930.790000,-0.070299,Ibbotson US Large Cap total return,Morningstar / Ibbotson SBBI,Large Caps (col. H),US-1,socle historique (CSV redistribué),0
2011-10-31,BOND,1752.075000,0.001076,"Bloomberg Barclays US Aggregate Bond, total return",Morningstar,AGG (col. F),BOND-2,socle historique (CSV redistribué),0
2011-10-31,EXUS,405.712000,0.105449,"MSCI ACWI ex USA, gross total return, USD",MSCI,ACWI ex USA (col. D),EXUS-2,socle historique (CSV redistribué),0
2011-10-31,TBILL,20.566419,0.000000,US 1-month Treasury bill,Kenneth French Data Library,"F-F_Research_Data_Factors, colonne RF",TBILL-1,source unique continue (aucun raccord),0
2011-10-31,US,2141.812000,0.109293,Ibbotson US Large Cap total return,Morningstar / Ibbotson SBBI,Large Caps (col. H),US-1,socle historique (CSV redistribué),0
2011-11-30,BOND,1750.552000,-0.000869,"Bloomberg Barclays US Aggregate Bond, total return",Morningstar,AGG (col. F),BOND-2,socle historique (CSV redistribué),0
2011-11-30,EXUS,385.099000,-0.050807,"MSCI ACWI ex USA, gross total return, USD",MSCI,ACWI ex USA (col. D),EXUS-2,socle historique (CSV redistribué),0
2011-11-30,TBILL,20.566419,0.000000,US 1-month Treasury bill,Kenneth French Data Library,"F-F_Research_Data_Factors, colonne RF",TBILL-1,source unique continue (aucun raccord),0
2011-11-30,US,2137.079000,-0.002210,Ibbotson US Large Cap total return,Morningstar / Ibbotson SBBI,Large Caps (col. H),US-1,socle historique (CSV redistribué),0
2011-12-31,BOND,1769.793000,0.010991,"Bloomberg Barclays US Aggregate Bond, total return",Morningstar,AGG (col. F),BOND-2,socle historique (CSV redistribué),0
2011-12-31,EXUS,380.862000,-0.011002,"MSCI ACWI ex USA, gross total return, USD",MSCI,ACWI ex USA (col. D),EXUS-2,socle historique (CSV redistribué),0
2011-12-31,TBILL,20.566419,0.000000,US 1-month Treasury bill,Kenneth French Data Library,"F-F_Research_Data_Factors, colonne RF",TBILL-1,source unique continue (aucun raccord),0
2011-12-31,US,2158.939000,0.010229,Ibbotson US Large Cap total return,Morningstar / Ibbotson SBBI,Large Caps (col. H),US-1,socle historique (CSV redistribué),0
2012-01-31,BOND,1785.325000,0.008776,"Bloomberg Barclays US Aggregate Bond, total return",Morningstar,AGG (col. F),BOND-2,socle historique (CSV redistribué),0
2012-01-31,EXUS,406.785000,0.068064,"MSCI ACWI ex USA, gross total return, USD",MSCI,ACWI ex USA (col. D),EXUS-2,socle historique (CSV redistribué),0
2012-01-31,TBILL,20.566419,0.000000,US 1-month Treasury bill,Kenneth French Data Library,"F-F_Research_Data_Factors, colonne RF",TBILL-1,source unique continue (aucun raccord),0
2012-01-31,US,2255.693000,0.044816,Ibbotson US Large Cap total return,Morningstar / Ibbotson SBBI,Large Caps (col. H),US-1,socle historique (CSV redistribué),0
2012-02-29,BOND,1784.918000,-0.000228,"Bloomberg Barclays US Aggregate Bond, total return",Morningstar,AGG (col. F),BOND-2,socle historique (CSV redistribué),0
2012-02-29,EXUS,429.752000,0.056460,"MSCI ACWI ex USA, gross total return, USD",MSCI,ACWI ex USA (col. D),EXUS-2,socle historique (CSV redistribué),0
2012-02-29,TBILL,20.566419,0.000000,US 1-month Treasury bill,Kenneth French Data Library,"F-F_Research_Data_Factors, colonne RF",TBILL-1,source unique continue (aucun raccord),0
2012-02-29,US,2353.234000,0.043242,Ibbotson US Large Cap total return,Morningstar / Ibbotson SBBI,Large Caps (col. H),US-1,socle historique (CSV redistribué),0
2012-03-31,BOND,1775.138000,-0.005479,"Bloomberg Barclays US Aggregate Bond, total return",Morningstar,AGG (col. F),BOND-2,socle historique (CSV redistribué),0
2012-03-31,EXUS,424.057000,-0.013252,"MSCI ACWI ex USA, gross total return, USD",MSCI,ACWI ex USA (col. D),EXUS-2,socle historique (CSV redistribué),0
2012-03-31,TBILL,20.566419,0.000000,US 1-month Treasury bill,Kenneth French Data Library,"F-F_Research_Data_Factors, colonne RF",TBILL-1,source unique continue (aucun raccord),0
2012-03-31,US,2430.679000,0.032910,Ibbotson US Large Cap total return,Morningstar / Ibbotson SBBI,Large Caps (col. H),US-1,socle historique (CSV redistribué),0
2012-04-30,BOND,1794.822000,0.011089,"Bloomberg Barclays US Aggregate Bond, total return",Morningstar,AGG (col. F),BOND-2,socle historique (CSV redistribué),0
2012-04-30,EXUS,417.750000,-0.014873,"MSCI ACWI ex USA, gross total return, USD",MSCI,ACWI ex USA (col. D),EXUS-2,socle historique (CSV redistribué),0
2012-04-30,TBILL,20.566419,0.000000,US 1-month Treasury bill,Kenneth French Data Library,"F-F_Research_Data_Factors, colonne RF",TBILL-1,source unique continue (aucun raccord),0
2012-04-30,US,2415.422000,-0.006277,Ibbotson US Large Cap total return,Morningstar / Ibbotson SBBI,Large Caps (col. H),US-1,socle historique (CSV redistribué),0
2012-05-31,BOND,1811.059000,0.009047,"Bloomberg Barclays US Aggregate Bond, total return",Morningstar,AGG (col. F),BOND-2,socle historique (CSV redistribué),0
2012-05-31,EXUS,370.743000,-0.112524,"MSCI ACWI ex USA, gross total return, USD",MSCI,ACWI ex USA (col. D),EXUS-2,socle historique (CSV redistribué),0
2012-05-31,TBILL,20.568475,0.000100,US 1-month Treasury bill,Kenneth French Data Library,"F-F_Research_Data_Factors, colonne RF",TBILL-1,source unique continue (aucun raccord),0
2012-05-31,US,2270.253000,-0.060101,Ibbotson US Large Cap total return,Morningstar / Ibbotson SBBI,Large Caps (col. H),US-1,socle historique (CSV redistribué),0
2012-06-30,BOND,1811.770000,0.000393,"Bloomberg Barclays US Aggregate Bond, total return",Morningstar,AGG (col. F),BOND-2,socle historique (CSV redistribué),0
2012-06-30,EXUS,392.775000,0.059427,"MSCI ACWI ex USA, gross total return, USD",MSCI,ACWI ex USA (col. D),EXUS-2,socle historique (CSV redistribué),0
2012-06-30,TBILL,20.568475,0.000000,US 1-month Treasury bill,Kenneth French Data Library,"F-F_Research_Data_Factors, colonne RF",TBILL-1,source unique continue (aucun raccord),0
2012-06-30,US,2363.792000,0.041202,Ibbotson US Large Cap total return,Morningstar / Ibbotson SBBI,Large Caps (col. H),US-1,socle historique (CSV redistribué),0
2012-07-31,BOND,1836.762000,0.013794,"Bloomberg Barclays US Aggregate Bond, total return",Morningstar,AGG (col. F),BOND-2,socle historique (CSV redistribué),0
2012-07-31,EXUS,398.444000,0.014433,"MSCI ACWI ex USA, gross total return, USD",MSCI,ACWI ex USA (col. D),EXUS-2,socle historique (CSV redistribué),0
2012-07-31,TBILL,20.568475,0.000000,US 1-month Treasury bill,Kenneth French Data Library,"F-F_Research_Data_Factors, colonne RF",TBILL-1,source unique continue (aucun raccord),0
2012-07-31,US,2396.623000,0.013889,Ibbotson US Large Cap total return,Morningstar / Ibbotson SBBI,Large Caps (col. H),US-1,socle historique (CSV redistribué),0
2012-08-31,BOND,1837.964000,0.000654,"Bloomberg Barclays US Aggregate Bond, total return",Morningstar,AGG (col. F),BOND-2,socle historique (CSV redistribué),0
2012-08-31,EXUS,406.864000,0.021132,"MSCI ACWI ex USA, gross total return, USD",MSCI,ACWI ex USA (col. D),EXUS-2,socle historique (CSV redistribué),0
2012-08-31,TBILL,20.570532,0.000100,US 1-month Treasury bill,Kenneth French Data Library,"F-F_Research_Data_Factors, colonne RF",TBILL-1,source unique continue (aucun raccord),0
2012-08-31,US,2450.601000,0.022523,Ibbotson US Large Cap total return,Morningstar / Ibbotson SBBI,Large Caps (col. H),US-1,socle historique (CSV redistribué),0
2012-09-30,BOND,1840.486000,0.001372,"Bloomberg Barclays US Aggregate Bond, total return",Morningstar,AGG (col. F),BOND-2,socle historique (CSV redistribué),0
2012-09-30,EXUS,422.207000,0.037710,"MSCI ACWI ex USA, gross total return, USD",MSCI,ACWI ex USA (col. D),EXUS-2,socle historique (CSV redistribué),0
2012-09-30,TBILL,20.572589,0.000100,US 1-month Treasury bill,Kenneth French Data Library,"F-F_Research_Data_Factors, colonne RF",TBILL-1,source unique continue (aucun raccord),0
2012-09-30,US,2513.930000,0.025842,Ibbotson US Large Cap total return,Morningstar / Ibbotson SBBI,Large Caps (col. H),US-1,socle historique (CSV redistribué),0
2012-10-31,BOND,1844.106000,0.001967,"Bloomberg Barclays US Aggregate Bond, total return",Morningstar,AGG (col. F),BOND-2,socle historique (CSV redistribué),0
2012-10-31,EXUS,423.900000,0.004010,"MSCI ACWI ex USA, gross total return, USD",MSCI,ACWI ex USA (col. D),EXUS-2,socle historique (CSV redistribué),0
2012-10-31,TBILL,20.574647,0.000100,US 1-month Treasury bill,Kenneth French Data Library,"F-F_Research_Data_Factors, colonne RF",TBILL-1,source unique continue (aucun raccord),0
2012-10-31,US,2467.511000,-0.018465,Ibbotson US Large Cap total return,Morningstar / Ibbotson SBBI,Large Caps (col. H),US-1,socle historique (CSV redistribué),0
2012-11-30,BOND,1847.017000,0.001579,"Bloomberg Barclays US Aggregate Bond, total return",Morningstar,AGG (col. F),BOND-2,socle historique (CSV redistribué),0
2012-11-30,EXUS,432.033000,0.019186,"MSCI ACWI ex USA, gross total return, USD",MSCI,ACWI ex USA (col. D),EXUS-2,socle historique (CSV redistribué),0
2012-11-30,TBILL,20.576704,0.000100,US 1-month Treasury bill,Kenneth French Data Library,"F-F_Research_Data_Factors, colonne RF",TBILL-1,source unique continue (aucun raccord),0
2012-11-30,US,2481.825000,0.005801,Ibbotson US Large Cap total return,Morningstar / Ibbotson SBBI,Large Caps (col. H),US-1,socle historique (CSV redistribué),0
2012-12-31,BOND,1844.387000,-0.001424,"Bloomberg Barclays US Aggregate Bond, total return",Morningstar,AGG (col. F),BOND-2,socle historique (CSV redistribué),0
2012-12-31,EXUS,447.090000,0.034852,"MSCI ACWI ex USA, gross total return, USD",MSCI,ACWI ex USA (col. D),EXUS-2,socle historique (CSV redistribué),0
2012-12-31,TBILL,20.578762,0.000100,US 1-month Treasury bill,Kenneth French Data Library,"F-F_Research_Data_Factors, colonne RF",TBILL-1,source unique continue (aucun raccord),0
2012-12-31,US,2504.447000,0.009115,Ibbotson US Large Cap total return,Morningstar / Ibbotson SBBI,Large Caps (col. H),US-1,socle historique (CSV redistribué),0
2013-01-31,BOND,1831.487000,-0.006994,"Bloomberg Barclays US Aggregate Bond, total return",Morningstar,AGG (col. F),BOND-2,socle historique (CSV redistribué),0
2013-01-31,EXUS,465.356000,0.040855,"MSCI ACWI ex USA, gross total return, USD",MSCI,ACWI ex USA (col. D),EXUS-2,socle historique (CSV redistribué),0
2013-01-31,TBILL,20.578762,0.000000,US 1-month Treasury bill,Kenneth French Data Library,"F-F_Research_Data_Factors, colonne RF",TBILL-1,source unique continue (aucun raccord),0
2013-01-31,US,2634.160000,0.051793,S&P 500 Total Return,Yahoo Finance,SP500TR (col. G),US-2,socle historique (CSV redistribué),0
2013-02-28,BOND,1840.671000,0.005015,"Bloomberg Barclays US Aggregate Bond, total return",Morningstar,AGG (col. F),BOND-2,socle historique (CSV redistribué),0
2013-02-28,EXUS,460.545000,-0.010338,"MSCI ACWI ex USA, gross total return, USD",MSCI,ACWI ex USA (col. D),EXUS-2,socle historique (CSV redistribué),0
2013-02-28,TBILL,20.578762,0.000000,US 1-month Treasury bill,Kenneth French Data Library,"F-F_Research_Data_Factors, colonne RF",TBILL-1,source unique continue (aucun raccord),0
2013-02-28,US,2669.920000,0.013575,S&P 500 Total Return,Yahoo Finance,SP500TR (col. G),US-2,socle historique (CSV redistribué),0
2013-03-31,BOND,1842.140000,0.000798,"Bloomberg Barclays US Aggregate Bond, total return",Morningstar,AGG (col. F),BOND-2,socle historique (CSV redistribué),0
2013-03-31,EXUS,461.691000,0.002488,"MSCI ACWI ex USA, gross total return, USD",MSCI,ACWI ex USA (col. D),EXUS-2,socle historique (CSV redistribué),0
2013-03-31,TBILL,20.578762,0.000000,US 1-month Treasury bill,Kenneth French Data Library,"F-F_Research_Data_Factors, colonne RF",TBILL-1,source unique continue (aucun raccord),0
2013-03-31,US,2770.050000,0.037503,S&P 500 Total Return,Yahoo Finance,SP500TR (col. G),US-2,socle historique (CSV redistribué),0
2013-04-30,BOND,1860.784000,0.010121,"Bloomberg Barclays US Aggregate Bond, total return",Morningstar,AGG (col. F),BOND-2,socle historique (CSV redistribué),0
2013-04-30,EXUS,479.114000,0.037737,"MSCI ACWI ex USA, gross total return, USD",MSCI,ACWI ex USA (col. D),EXUS-2,socle historique (CSV redistribué),0
2013-04-30,TBILL,20.578762,0.000000,US 1-month Treasury bill,Kenneth French Data Library,"F-F_Research_Data_Factors, colonne RF",TBILL-1,source unique continue (aucun raccord),0
2013-04-30,US,2823.420000,0.019267,S&P 500 Total Return,Yahoo Finance,SP500TR (col. G),US-2,socle historique (CSV redistribué),0
2013-05-31,BOND,1827.577000,-0.017846,"Bloomberg Barclays US Aggregate Bond, total return",Morningstar,AGG (col. F),BOND-2,socle historique (CSV redistribué),0
2013-05-31,EXUS,468.468000,-0.022220,"MSCI ACWI ex USA, gross total return, USD",MSCI,ACWI ex USA (col. D),EXUS-2,socle historique (CSV redistribué),0
2013-05-31,TBILL,20.578762,0.000000,US 1-month Treasury bill,Kenneth French Data Library,"F-F_Research_Data_Factors, colonne RF",TBILL-1,source unique continue (aucun raccord),0
2013-05-31,US,2889.460000,0.023390,S&P 500 Total Return,Yahoo Finance,SP500TR (col. G),US-2,socle historique (CSV redistribué),0
2013-06-30,BOND,1799.312000,-0.015466,"Bloomberg Barclays US Aggregate Bond, total return",Morningstar,AGG (col. F),BOND-2,socle historique (CSV redistribué),0
2013-06-30,EXUS,448.306000,-0.043038,"MSCI ACWI ex USA, gross total return, USD",MSCI,ACWI ex USA (col. D),EXUS-2,socle historique (CSV redistribué),0
2013-06-30,TBILL,20.578762,0.000000,US 1-month Treasury bill,Kenneth French Data Library,"F-F_Research_Data_Factors, colonne RF",TBILL-1,source unique continue (aucun raccord),0
2013-06-30,US,2850.660000,-0.013428,S&P 500 Total Return,Yahoo Finance,SP500TR (col. G),US-2,socle historique (CSV redistribué),0
2013-07-31,BOND,1801.771000,0.001367,"Bloomberg Barclays US Aggregate Bond, total return",Morningstar,AGG (col. F),BOND-2,socle historique (CSV redistribué),0
2013-07-31,EXUS,468.037000,0.044012,"MSCI ACWI ex USA, gross total return, USD",MSCI,ACWI ex USA (col. D),EXUS-2,socle historique (CSV redistribué),0
2013-07-31,TBILL,20.578762,0.000000,US 1-month Treasury bill,Kenneth French Data Library,"F-F_Research_Data_Factors, colonne RF",TBILL-1,source unique continue (aucun raccord),0
2013-07-31,US,2995.720000,0.050886,S&P 500 Total Return,Yahoo Finance,SP500TR (col. G),US-2,socle historique (CSV redistribué),0
2013-08-31,BOND,1792.556000,-0.005114,"Bloomberg Barclays US Aggregate Bond, total return",Morningstar,AGG (col. F),BOND-2,socle historique (CSV redistribué),0
2013-08-31,EXUS,461.674000,-0.013595,"MSCI ACWI ex USA, gross total return, USD",MSCI,ACWI ex USA (col. D),EXUS-2,socle historique (CSV redistribué),0
2013-08-31,TBILL,20.578762,0.000000,US 1-month Treasury bill,Kenneth French Data Library,"F-F_Research_Data_Factors, colonne RF",TBILL-1,source unique continue (aucun raccord),0
2013-08-31,US,2908.960000,-0.028961,S&P 500 Total Return,Yahoo Finance,SP500TR (col. G),US-2,socle historique (CSV redistribué),0
2013-09-30,BOND,1809.527000,0.009467,"Bloomberg Barclays US Aggregate Bond, total return",Morningstar,AGG (col. F),BOND-2,socle historique (CSV redistribué),0
2013-09-30,EXUS,493.882000,0.069764,"MSCI ACWI ex USA, gross total return, USD",MSCI,ACWI ex USA (col. D),EXUS-2,socle historique (CSV redistribué),0
2013-09-30,TBILL,20.578762,0.000000,US 1-month Treasury bill,Kenneth French Data Library,"F-F_Research_Data_Factors, colonne RF",TBILL-1,source unique continue (aucun raccord),0
2013-09-30,US,3000.180000,0.031358,S&P 500 Total Return,Yahoo Finance,SP500TR (col. G),US-2,socle historique (CSV redistribué),0
2013-10-31,BOND,1824.155000,0.008084,"Bloomberg Barclays US Aggregate Bond, total return",Morningstar,AGG (col. F),BOND-2,socle historique (CSV redistribué),0
2013-10-31,EXUS,512.063000,0.036812,"MSCI ACWI ex USA, gross total return, USD",MSCI,ACWI ex USA (col. D),EXUS-2,socle historique (CSV redistribué),0
2013-10-31,TBILL,20.578762,0.000000,US 1-month Treasury bill,Kenneth French Data Library,"F-F_Research_Data_Factors, colonne RF",TBILL-1,source unique continue (aucun raccord),0
2013-10-31,US,3138.090000,0.045967,S&P 500 Total Return,Yahoo Finance,SP500TR (col. G),US-2,socle historique (CSV redistribué),0
2013-11-30,BOND,1817.332000,-0.003740,"Bloomberg Barclays US Aggregate Bond, total return",Morningstar,AGG (col. F),BOND-2,socle historique (CSV redistribué),0
2013-11-30,EXUS,513.028000,0.001885,"MSCI ACWI ex USA, gross total return, USD",MSCI,ACWI ex USA (col. D),EXUS-2,socle historique (CSV redistribué),0
2013-11-30,TBILL,20.578762,0.000000,US 1-month Treasury bill,Kenneth French Data Library,"F-F_Research_Data_Factors, colonne RF",TBILL-1,source unique continue (aucun raccord),0
2013-11-30,US,3233.720000,0.030474,S&P 500 Total Return,Yahoo Finance,SP500TR (col. G),US-2,socle historique (CSV redistribué),0
2013-12-31,BOND,1807.062000,-0.005651,"Bloomberg Barclays US Aggregate Bond, total return",Morningstar,AGG (col. F),BOND-2,socle historique (CSV redistribué),0
2013-12-31,EXUS,517.641000,0.008992,"MSCI ACWI ex USA, gross total return, USD",MSCI,ACWI ex USA (col. D),EXUS-2,socle historique (CSV redistribué),0
2013-12-31,TBILL,20.578762,0.000000,US 1-month Treasury bill,Kenneth French Data Library,"F-F_Research_Data_Factors, colonne RF",TBILL-1,source unique continue (aucun raccord),0
2013-12-31,US,3315.590000,0.025318,S&P 500 Total Return,Yahoo Finance,SP500TR (col. G),US-2,socle historique (CSV redistribué),0
2014-01-31,BOND,1833.762000,0.014775,"Bloomberg Barclays US Aggregate Bond, total return",Morningstar,AGG (col. F),BOND-2,socle historique (CSV redistribué),0
2014-01-31,EXUS,494.197000,-0.045290,"MSCI ACWI ex USA, gross total return, USD",MSCI,ACWI ex USA (col. D),EXUS-2,socle historique (CSV redistribué),0
2014-01-31,TBILL,20.578762,0.000000,US 1-month Treasury bill,Kenneth French Data Library,"F-F_Research_Data_Factors, colonne RF",TBILL-1,source unique continue (aucun raccord),0
2014-01-31,US,3200.950000,-0.034576,S&P 500 Total Return,Yahoo Finance,SP500TR (col. G),US-2,socle historique (CSV redistribué),0
2014-02-28,BOND,1843.508000,0.005315,"Bloomberg Barclays US Aggregate Bond, total return",Morningstar,AGG (col. F),BOND-2,socle historique (CSV redistribué),0
2014-02-28,EXUS,519.154000,0.050500,"MSCI ACWI ex USA, gross total return, USD",MSCI,ACWI ex USA (col. D),EXUS-2,socle historique (CSV redistribué),0
2014-02-28,TBILL,20.578762,0.000000,US 1-month Treasury bill,Kenneth French Data Library,"F-F_Research_Data_Factors, colonne RF",TBILL-1,source unique continue (aucun raccord),0
2014-02-28,US,3347.380000,0.045746,S&P 500 Total Return,Yahoo Finance,SP500TR (col. G),US-2,socle historique (CSV redistribué),0
2014-03-31,BOND,1840.368000,-0.001703,"Bloomberg Barclays US Aggregate Bond, total return",Morningstar,AGG (col. F),BOND-2,socle historique (CSV redistribué),0
2014-03-31,EXUS,520.809000,0.003188,"MSCI ACWI ex USA, gross total return, USD",MSCI,ACWI ex USA (col. D),EXUS-2,socle historique (CSV redistribué),0
2014-03-31,TBILL,20.578762,0.000000,US 1-month Treasury bill,Kenneth French Data Library,"F-F_Research_Data_Factors, colonne RF",TBILL-1,source unique continue (aucun raccord),0
2014-03-31,US,3375.510000,0.008404,S&P 500 Total Return,Yahoo Finance,SP500TR (col. G),US-2,socle historique (CSV redistribué),0
2014-04-30,BOND,1855.903000,0.008441,"Bloomberg Barclays US Aggregate Bond, total return",Morningstar,AGG (col. F),BOND-2,socle historique (CSV redistribué),0
2014-04-30,EXUS,528.063000,0.013928,"MSCI ACWI ex USA, gross total return, USD",MSCI,ACWI ex USA (col. D),EXUS-2,socle historique (CSV redistribué),0
2014-04-30,TBILL,20.578762,0.000000,US 1-month Treasury bill,Kenneth French Data Library,"F-F_Research_Data_Factors, colonne RF",TBILL-1,source unique continue (aucun raccord),0
2014-04-30,US,3400.460000,0.007391,S&P 500 Total Return,Yahoo Finance,SP500TR (col. G),US-2,socle historique (CSV redistribué),0
2014-05-31,BOND,1877.028000,0.011383,"Bloomberg Barclays US Aggregate Bond, total return",Morningstar,AGG (col. F),BOND-2,socle historique (CSV redistribué),0
2014-05-31,EXUS,538.871000,0.020467,"MSCI ACWI ex USA, gross total return, USD",MSCI,ACWI ex USA (col. D),EXUS-2,socle historique (CSV redistribué),0
2014-05-31,TBILL,20.578762,0.000000,US 1-month Treasury bill,Kenneth French Data Library,"F-F_Research_Data_Factors, colonne RF",TBILL-1,source unique continue (aucun raccord),0
2014-05-31,US,3480.290000,0.023476,S&P 500 Total Return,Yahoo Finance,SP500TR (col. G),US-2,socle historique (CSV redistribué),0
2014-06-30,BOND,1877.997000,0.000516,"Bloomberg Barclays US Aggregate Bond, total return",Morningstar,AGG (col. F),BOND-2,socle historique (CSV redistribué),0
2014-06-30,EXUS,548.143000,0.017206,"MSCI ACWI ex USA, gross total return, USD",MSCI,ACWI ex USA (col. D),EXUS-2,socle historique (CSV redistribué),0
2014-06-30,TBILL,20.578762,0.000000,US 1-month Treasury bill,Kenneth French Data Library,"F-F_Research_Data_Factors, colonne RF",TBILL-1,source unique continue (aucun raccord),0
2014-06-30,US,3552.180000,0.020656,S&P 500 Total Return,Yahoo Finance,SP500TR (col. G),US-2,socle historique (CSV redistribué),0
2014-07-31,BOND,1873.286000,-0.002509,"Bloomberg Barclays US Aggregate Bond, total return",Morningstar,AGG (col. F),BOND-2,socle historique (CSV redistribué),0
2014-07-31,EXUS,542.835000,-0.009684,"MSCI ACWI ex USA, gross total return, USD",MSCI,ACWI ex USA (col. D),EXUS-2,socle historique (CSV redistribué),0
2014-07-31,TBILL,20.578762,0.000000,US 1-month Treasury bill,Kenneth French Data Library,"F-F_Research_Data_Factors, colonne RF",TBILL-1,source unique continue (aucun raccord),0
2014-07-31,US,3503.190000,-0.013792,S&P 500 Total Return,Yahoo Finance,SP500TR (col. G),US-2,socle historique (CSV redistribué),0
2014-08-31,BOND,1893.968000,0.011040,"Bloomberg Barclays US Aggregate Bond, total return",Morningstar,AGG (col. F),BOND-2,socle historique (CSV redistribué),0
2014-08-31,EXUS,545.940000,0.005720,"MSCI ACWI ex USA, gross total return, USD",MSCI,ACWI ex USA (col. D),EXUS-2,socle historique (CSV redistribué),0
2014-08-31,TBILL,20.578762,0.000000,US 1-month Treasury bill,Kenneth French Data Library,"F-F_Research_Data_Factors, colonne RF",TBILL-1,source unique continue (aucun raccord),0
2014-08-31,US,3643.330000,0.040004,S&P 500 Total Return,Yahoo Finance,SP500TR (col. G),US-2,socle historique (CSV redistribué),0
2014-09-30,BOND,1881.114000,-0.006787,"Bloomberg Barclays US Aggregate Bond, total return",Morningstar,AGG (col. F),BOND-2,socle historique (CSV redistribué),0
2014-09-30,EXUS,519.677000,-0.048106,"MSCI ACWI ex USA, gross total return, USD",MSCI,ACWI ex USA (col. D),EXUS-2,socle historique (CSV redistribué),0
2014-09-30,TBILL,20.578762,0.000000,US 1-month Treasury bill,Kenneth French Data Library,"F-F_Research_Data_Factors, colonne RF",TBILL-1,source unique continue (aucun raccord),0
2014-09-30,US,3592.250000,-0.014020,S&P 500 Total Return,Yahoo Finance,SP500TR (col. G),US-2,socle historique (CSV redistribué),0
2014-10-31,BOND,1899.601000,0.009828,"Bloomberg Barclays US Aggregate Bond, total return",Morningstar,AGG (col. F),BOND-2,socle historique (CSV redistribué),0
2014-10-31,EXUS,514.585000,-0.009798,"MSCI ACWI ex USA, gross total return, USD",MSCI,ACWI ex USA (col. D),EXUS-2,socle historique (CSV redistribué),0
2014-10-31,TBILL,20.578762,0.000000,US 1-month Treasury bill,Kenneth French Data Library,"F-F_Research_Data_Factors, colonne RF",TBILL-1,source unique continue (aucun raccord),0
2014-10-31,US,3679.990000,0.024425,S&P 500 Total Return,Yahoo Finance,SP500TR (col. G),US-2,socle historique (CSV redistribué),0
2014-11-30,BOND,1913.076000,0.007094,"Bloomberg Barclays US Aggregate Bond, total return",Morningstar,AGG (col. F),BOND-2,socle historique (CSV redistribué),0
2014-11-30,EXUS,518.373000,0.007361,"MSCI ACWI ex USA, gross total return, USD",MSCI,ACWI ex USA (col. D),EXUS-2,socle historique (CSV redistribué),0
2014-11-30,TBILL,20.578762,0.000000,US 1-month Treasury bill,Kenneth French Data Library,"F-F_Research_Data_Factors, colonne RF",TBILL-1,source unique continue (aucun raccord),0
2014-11-30,US,3778.960000,0.026894,S&P 500 Total Return,Yahoo Finance,SP500TR (col. G),US-2,socle historique (CSV redistribué),0
2014-12-31,BOND,1914.866000,0.000936,"Bloomberg Barclays US Aggregate Bond, total return",Morningstar,AGG (col. F),BOND-2,socle historique (CSV redistribué),0
2014-12-31,EXUS,499.859000,-0.035716,"MSCI ACWI ex USA, gross total return, USD",MSCI,ACWI ex USA (col. D),EXUS-2,socle historique (CSV redistribué),0
2014-12-31,TBILL,20.578762,0.000000,US 1-month Treasury bill,Kenneth French Data Library,"F-F_Research_Data_Factors, colonne RF",TBILL-1,source unique continue (aucun raccord),0
2014-12-31,US,3769.440000,-0.002519,S&P 500 Total Return,Yahoo Finance,SP500TR (col. G),US-2,socle historique (CSV redistribué),0
2015-01-31,BOND,1955.019000,0.020969,"Bloomberg Barclays US Aggregate Bond, total return",Morningstar,AGG (col. F),BOND-2,socle historique (CSV redistribué),0
2015-01-31,EXUS,499.185000,-0.001348,"MSCI ACWI ex USA, gross total return, USD",MSCI,ACWI ex USA (col. D),EXUS-2,socle historique (CSV redistribué),0
2015-01-31,TBILL,20.578762,0.000000,US 1-month Treasury bill,Kenneth French Data Library,"F-F_Research_Data_Factors, colonne RF",TBILL-1,source unique continue (aucun raccord),0
2015-01-31,US,3656.280000,-0.030020,S&P 500 Total Return,Yahoo Finance,SP500TR (col. G),US-2,socle historique (CSV redistribué),0
2015-02-28,BOND,1936.637000,-0.009402,"Bloomberg Barclays US Aggregate Bond, total return",Morningstar,AGG (col. F),BOND-2,socle historique (CSV redistribué),0
2015-02-28,EXUS,525.938000,0.053593,"MSCI ACWI ex USA, gross total return, USD",MSCI,ACWI ex USA (col. D),EXUS-2,socle historique (CSV redistribué),0
2015-02-28,TBILL,20.578762,0.000000,US 1-month Treasury bill,Kenneth French Data Library,"F-F_Research_Data_Factors, colonne RF",TBILL-1,source unique continue (aucun raccord),0
2015-02-28,US,3866.420000,0.057474,S&P 500 Total Return,Yahoo Finance,SP500TR (col. G),US-2,socle historique (CSV redistribué),0
2015-03-31,BOND,1945.630000,0.004644,"Bloomberg Barclays US Aggregate Bond, total return",Morningstar,AGG (col. F),BOND-2,socle historique (CSV redistribué),0
2015-03-31,EXUS,517.827000,-0.015422,"MSCI ACWI ex USA, gross total return, USD",MSCI,ACWI ex USA (col. D),EXUS-2,socle historique (CSV redistribué),0
2015-03-31,TBILL,20.578762,0.000000,US 1-month Treasury bill,Kenneth French Data Library,"F-F_Research_Data_Factors, colonne RF",TBILL-1,source unique continue (aucun raccord),0
2015-03-31,US,3805.270000,-0.015816,S&P 500 Total Return,Yahoo Finance,SP500TR (col. G),US-2,socle historique (CSV redistribué),0
2015-04-30,BOND,1938.649000,-0.003588,"Bloomberg Barclays US Aggregate Bond, total return",Morningstar,AGG (col. F),BOND-2,socle historique (CSV redistribué),0
2015-04-30,EXUS,544.340000,0.051200,"MSCI ACWI ex USA, gross total return, USD",MSCI,ACWI ex USA (col. D),EXUS-2,socle historique (CSV redistribué),0
2015-04-30,TBILL,20.578762,0.000000,US 1-month Treasury bill,Kenneth French Data Library,"F-F_Research_Data_Factors, colonne RF",TBILL-1,source unique continue (aucun raccord),0
2015-04-30,US,3841.780000,0.009595,S&P 500 Total Return,Yahoo Finance,SP500TR (col. G),US-2,socle historique (CSV redistribué),0
2015-05-31,BOND,1933.980000,-0.002408,"Bloomberg Barclays US Aggregate Bond, total return",Morningstar,AGG (col. F),BOND-2,socle historique (CSV redistribué),0
2015-05-31,EXUS,536.319000,-0.014735,"MSCI ACWI ex USA, gross total return, USD",MSCI,ACWI ex USA (col. D),EXUS-2,socle historique (CSV redistribué),0
2015-05-31,TBILL,20.578762,0.000000,US 1-month Treasury bill,Kenneth French Data Library,"F-F_Research_Data_Factors, colonne RF",TBILL-1,source unique continue (aucun raccord),0
2015-05-31,US,3891.180000,0.012859,S&P 500 Total Return,Yahoo Finance,SP500TR (col. G),US-2,socle historique (CSV redistribué),0
2015-06-30,BOND,1912.892000,-0.010904,"Bloomberg Barclays US Aggregate Bond, total return",Morningstar,AGG (col. F),BOND-2,socle historique (CSV redistribué),0
2015-06-30,EXUS,521.578000,-0.027486,"MSCI ACWI ex USA, gross total return, USD",MSCI,ACWI ex USA (col. D),EXUS-2,socle historique (CSV redistribué),0
2015-06-30,TBILL,20.578762,0.000000,US 1-month Treasury bill,Kenneth French Data Library,"F-F_Research_Data_Factors, colonne RF",TBILL-1,source unique continue (aucun raccord),0
2015-06-30,US,3815.850000,-0.019359,S&P 500 Total Return,Yahoo Finance,SP500TR (col. G),US-2,socle historique (CSV redistribué),0
2015-07-31,BOND,1926.189000,0.006951,"Bloomberg Barclays US Aggregate Bond, total return",Morningstar,AGG (col. F),BOND-2,socle historique (CSV redistribué),0
2015-07-31,EXUS,520.242000,-0.002561,"MSCI ACWI ex USA, gross total return, USD",MSCI,ACWI ex USA (col. D),EXUS-2,socle historique (CSV redistribué),0
2015-07-31,TBILL,20.578762,0.000000,US 1-month Treasury bill,Kenneth French Data Library,"F-F_Research_Data_Factors, colonne RF",TBILL-1,source unique continue (aucun raccord),0
2015-07-31,US,3895.800000,0.020952,S&P 500 Total Return,Yahoo Finance,SP500TR (col. G),US-2,socle historique (CSV redistribué),0
2015-08-31,BOND,1923.423000,-0.001436,"Bloomberg Barclays US Aggregate Bond, total return",Morningstar,AGG (col. F),BOND-2,socle historique (CSV redistribué),0
2015-08-31,EXUS,480.568000,-0.076261,"MSCI ACWI ex USA, gross total return, USD",MSCI,ACWI ex USA (col. D),EXUS-2,socle historique (CSV redistribué),0
2015-08-31,TBILL,20.578762,0.000000,US 1-month Treasury bill,Kenneth French Data Library,"F-F_Research_Data_Factors, colonne RF",TBILL-1,source unique continue (aucun raccord),0
2015-08-31,US,3660.750000,-0.060334,S&P 500 Total Return,Yahoo Finance,SP500TR (col. G),US-2,socle historique (CSV redistribué),0
2015-09-30,BOND,1936.434000,0.006765,"Bloomberg Barclays US Aggregate Bond, total return",Morningstar,AGG (col. F),BOND-2,socle historique (CSV redistribué),0
2015-09-30,EXUS,458.469000,-0.045985,"MSCI ACWI ex USA, gross total return, USD",MSCI,ACWI ex USA (col. D),EXUS-2,socle historique (CSV redistribué),0
2015-09-30,TBILL,20.578762,0.000000,US 1-month Treasury bill,Kenneth French Data Library,"F-F_Research_Data_Factors, colonne RF",TBILL-1,source unique continue (aucun raccord),0
2015-09-30,US,3570.170000,-0.024744,S&P 500 Total Return,Yahoo Finance,SP500TR (col. G),US-2,socle historique (CSV redistribué),0
2015-10-31,BOND,1936.755000,0.000166,"Bloomberg Barclays US Aggregate Bond, total return",Morningstar,AGG (col. F),BOND-2,socle historique (CSV redistribué),0
2015-10-31,EXUS,492.650000,0.074555,"MSCI ACWI ex USA, gross total return, USD",MSCI,ACWI ex USA (col. D),EXUS-2,socle historique (CSV redistribué),0
2015-10-31,TBILL,20.578762,0.000000,US 1-month Treasury bill,Kenneth French Data Library,"F-F_Research_Data_Factors, colonne RF",TBILL-1,source unique continue (aucun raccord),0
2015-10-31,US,3871.330000,0.084355,S&P 500 Total Return,Yahoo Finance,SP500TR (col. G),US-2,socle historique (CSV redistribué),0
2015-11-30,BOND,1931.639000,-0.002642,"Bloomberg Barclays US Aggregate Bond, total return",Morningstar,AGG (col. F),BOND-2,socle historique (CSV redistribué),0
2015-11-30,EXUS,482.544000,-0.020514,"MSCI ACWI ex USA, gross total return, USD",MSCI,ACWI ex USA (col. D),EXUS-2,socle historique (CSV redistribué),0
2015-11-30,TBILL,20.578762,0.000000,US 1-month Treasury bill,Kenneth French Data Library,"F-F_Research_Data_Factors, colonne RF",TBILL-1,source unique continue (aucun raccord),0
2015-11-30,US,3882.840000,0.002973,S&P 500 Total Return,Yahoo Finance,SP500TR (col. G),US-2,socle historique (CSV redistribué),0
2015-12-31,BOND,1925.396000,-0.003232,"Bloomberg Barclays US Aggregate Bond, total return",Morningstar,AGG (col. F),BOND-2,socle historique (CSV redistribué),0
2015-12-31,EXUS,473.599000,-0.018537,"MSCI ACWI ex USA, gross total return, USD",MSCI,ACWI ex USA (col. D),EXUS-2,socle historique (CSV redistribué),0
2015-12-31,TBILL,20.580820,0.000100,US 1-month Treasury bill,Kenneth French Data Library,"F-F_Research_Data_Factors, colonne RF",TBILL-1,source unique continue (aucun raccord),0
2015-12-31,US,3821.600000,-0.015772,S&P 500 Total Return,Yahoo Finance,SP500TR (col. G),US-2,socle historique (CSV redistribué),0
2016-01-31,BOND,1951.892000,0.013761,"Bloomberg Barclays US Aggregate Bond, total return",Morningstar,AGG (col. F),BOND-2,socle historique (CSV redistribué),0
2016-01-31,EXUS,441.442000,-0.067899,"MSCI ACWI ex USA, gross total return, USD",MSCI,ACWI ex USA (col. D),EXUS-2,socle historique (CSV redistribué),0
2016-01-31,TBILL,20.582878,0.000100,US 1-month Treasury bill,Kenneth French Data Library,"F-F_Research_Data_Factors, colonne RF",TBILL-1,source unique continue (aucun raccord),0
2016-01-31,US,3631.960000,-0.049623,S&P 500 Total Return,Yahoo Finance,SP500TR (col. G),US-2,socle historique (CSV redistribué),0
2016-02-29,BOND,1965.739000,0.007094,"Bloomberg Barclays US Aggregate Bond, total return",Morningstar,AGG (col. F),BOND-2,socle historique (CSV redistribué),0
2016-02-29,EXUS,436.530000,-0.011127,"MSCI ACWI ex USA, gross total return, USD",MSCI,ACWI ex USA (col. D),EXUS-2,socle historique (CSV redistribué),0
2016-02-29,TBILL,20.586994,0.000200,US 1-month Treasury bill,Kenneth French Data Library,"F-F_Research_Data_Factors, colonne RF",TBILL-1,source unique continue (aucun raccord),0
2016-02-29,US,3627.060000,-0.001349,S&P 500 Total Return,Yahoo Finance,SP500TR (col. G),US-2,socle historique (CSV redistribué),0
2016-03-31,BOND,1983.774000,0.009175,"Bloomberg Barclays US Aggregate Bond, total return",Morningstar,AGG (col. F),BOND-2,socle historique (CSV redistribué),0
2016-03-31,EXUS,472.348000,0.082052,"MSCI ACWI ex USA, gross total return, USD",MSCI,ACWI ex USA (col. D),EXUS-2,socle historique (CSV redistribué),0
2016-03-31,TBILL,20.591112,0.000200,US 1-month Treasury bill,Kenneth French Data Library,"F-F_Research_Data_Factors, colonne RF",TBILL-1,source unique continue (aucun raccord),0
2016-03-31,US,3873.110000,0.067837,S&P 500 Total Return,Yahoo Finance,SP500TR (col. G),US-2,socle historique (CSV redistribué),0
2016-04-30,BOND,1991.389000,0.003839,"Bloomberg Barclays US Aggregate Bond, total return",Morningstar,AGG (col. F),BOND-2,socle historique (CSV redistribué),0
2016-04-30,EXUS,485.195000,0.027198,"MSCI ACWI ex USA, gross total return, USD",MSCI,ACWI ex USA (col. D),EXUS-2,socle historique (CSV redistribué),0
2016-04-30,TBILL,20.593171,0.000100,US 1-month Treasury bill,Kenneth French Data Library,"F-F_Research_Data_Factors, colonne RF",TBILL-1,source unique continue (aucun raccord),0
2016-04-30,US,3888.130000,0.003878,S&P 500 Total Return,Yahoo Finance,SP500TR (col. G),US-2,socle historique (CSV redistribué),0
2016-05-31,BOND,1991.900000,0.000257,"Bloomberg Barclays US Aggregate Bond, total return",Morningstar,AGG (col. F),BOND-2,socle historique (CSV redistribué),0
2016-05-31,EXUS,477.473000,-0.015915,"MSCI ACWI ex USA, gross total return, USD",MSCI,ACWI ex USA (col. D),EXUS-2,socle historique (CSV redistribué),0
2016-05-31,TBILL,20.595230,0.000100,US 1-month Treasury bill,Kenneth French Data Library,"F-F_Research_Data_Factors, colonne RF",TBILL-1,source unique continue (aucun raccord),0
2016-05-31,US,3957.950000,0.017957,S&P 500 Total Return,Yahoo Finance,SP500TR (col. G),US-2,socle historique (CSV redistribué),0
2016-06-30,BOND,2027.690000,0.017968,"Bloomberg Barclays US Aggregate Bond, total return",Morningstar,AGG (col. F),BOND-2,socle historique (CSV redistribué),0
2016-06-30,EXUS,470.438000,-0.014734,"MSCI ACWI ex USA, gross total return, USD",MSCI,ACWI ex USA (col. D),EXUS-2,socle historique (CSV redistribué),0
2016-06-30,TBILL,20.599349,0.000200,US 1-month Treasury bill,Kenneth French Data Library,"F-F_Research_Data_Factors, colonne RF",TBILL-1,source unique continue (aucun raccord),0
2016-06-30,US,3968.210000,0.002592,S&P 500 Total Return,Yahoo Finance,SP500TR (col. G),US-2,socle historique (CSV redistribué),0
2016-07-31,BOND,2040.509000,0.006322,"Bloomberg Barclays US Aggregate Bond, total return",Morningstar,AGG (col. F),BOND-2,socle historique (CSV redistribué),0
2016-07-31,EXUS,493.811000,0.049683,"MSCI ACWI ex USA, gross total return, USD",MSCI,ACWI ex USA (col. D),EXUS-2,socle historique (CSV redistribué),0
2016-07-31,TBILL,20.603469,0.000200,US 1-month Treasury bill,Kenneth French Data Library,"F-F_Research_Data_Factors, colonne RF",TBILL-1,source unique continue (aucun raccord),0
2016-07-31,US,4114.510000,0.036868,S&P 500 Total Return,Yahoo Finance,SP500TR (col. G),US-2,socle historique (CSV redistribué),0
2016-08-31,BOND,2038.176000,-0.001143,"Bloomberg Barclays US Aggregate Bond, total return",Morningstar,AGG (col. F),BOND-2,socle historique (CSV redistribué),0
2016-08-31,EXUS,497.029000,0.006517,"MSCI ACWI ex USA, gross total return, USD",MSCI,ACWI ex USA (col. D),EXUS-2,socle historique (CSV redistribué),0
2016-08-31,TBILL,20.607590,0.000200,US 1-month Treasury bill,Kenneth French Data Library,"F-F_Research_Data_Factors, colonne RF",TBILL-1,source unique continue (aucun raccord),0
2016-08-31,US,4120.290000,0.001405,S&P 500 Total Return,Yahoo Finance,SP500TR (col. G),US-2,socle historique (CSV redistribué),0
2016-09-30,BOND,2036.982000,-0.000586,"Bloomberg Barclays US Aggregate Bond, total return",Morningstar,AGG (col. F),BOND-2,socle historique (CSV redistribué),0
2016-09-30,EXUS,503.377000,0.012772,"MSCI ACWI ex USA, gross total return, USD",MSCI,ACWI ex USA (col. D),EXUS-2,socle historique (CSV redistribué),0
2016-09-30,TBILL,20.611711,0.000200,US 1-month Treasury bill,Kenneth French Data Library,"F-F_Research_Data_Factors, colonne RF",TBILL-1,source unique continue (aucun raccord),0
2016-09-30,US,4121.060000,0.000187,S&P 500 Total Return,Yahoo Finance,SP500TR (col. G),US-2,socle historique (CSV redistribué),0
2016-10-31,BOND,2021.401000,-0.007649,"Bloomberg Barclays US Aggregate Bond, total return",Morningstar,AGG (col. F),BOND-2,socle historique (CSV redistribué),0
2016-10-31,EXUS,496.193000,-0.014272,"MSCI ACWI ex USA, gross total return, USD",MSCI,ACWI ex USA (col. D),EXUS-2,socle historique (CSV redistribué),0
2016-10-31,TBILL,20.615834,0.000200,US 1-month Treasury bill,Kenneth French Data Library,"F-F_Research_Data_Factors, colonne RF",TBILL-1,source unique continue (aucun raccord),0
2016-10-31,US,4045.890000,-0.018240,S&P 500 Total Return,Yahoo Finance,SP500TR (col. G),US-2,socle historique (CSV redistribué),0
2016-11-30,BOND,1973.587000,-0.023654,"Bloomberg Barclays US Aggregate Bond, total return",Morningstar,AGG (col. F),BOND-2,socle historique (CSV redistribué),0
2016-11-30,EXUS,484.780000,-0.023001,"MSCI ACWI ex USA, gross total return, USD",MSCI,ACWI ex USA (col. D),EXUS-2,socle historique (CSV redistribué),0
2016-11-30,TBILL,20.617895,0.000100,US 1-month Treasury bill,Kenneth French Data Library,"F-F_Research_Data_Factors, colonne RF",TBILL-1,source unique continue (aucun raccord),0
2016-11-30,US,4195.730000,0.037035,S&P 500 Total Return,Yahoo Finance,SP500TR (col. G),US-2,socle historique (CSV redistribué),0
2016-12-31,BOND,1976.370000,0.001410,"Bloomberg Barclays US Aggregate Bond, total return",Morningstar,AGG (col. F),BOND-2,socle historique (CSV redistribué),0
2016-12-31,EXUS,497.346000,0.025921,"MSCI ACWI ex USA, gross total return, USD",MSCI,ACWI ex USA (col. D),EXUS-2,socle historique (CSV redistribué),0
2016-12-31,TBILL,20.624080,0.000300,US 1-month Treasury bill,Kenneth French Data Library,"F-F_Research_Data_Factors, colonne RF",TBILL-1,source unique continue (aucun raccord),0
2016-12-31,US,4278.660000,0.019765,S&P 500 Total Return,Yahoo Finance,SP500TR (col. G),US-2,socle historique (CSV redistribué),0
2017-01-31,BOND,1980.575960,0.002128,"Bloomberg US Aggregate Bond (via ETF, net de frais)",Yahoo Finance,"AGG, cours ajusté des dividendes",BOND-3,prolongement (source live),0
2017-01-31,EXUS,516.365331,0.038242,MSCI ACWI ex USA via ETF ACWX (net de frais et de retenues),Yahoo Finance,"ACWX, cours ajuste des dividendes",EXUS-3,prolongement (source live),0
2017-01-31,TBILL,20.632330,0.000400,US 1-month Treasury bill,Kenneth French Data Library,"F-F_Research_Data_Factors, colonne RF",TBILL-1,source unique continue (aucun raccord),0
2017-01-31,US,4359.809899,0.018966,S&P 500 Total Return,Yahoo Finance,^SP500TR,US-3,prolongement (source live),0
2017-02-28,BOND,1993.368189,0.006459,"Bloomberg US Aggregate Bond (via ETF, net de frais)",Yahoo Finance,"AGG, cours ajusté des dividendes",BOND-3,prolongement (source live),0
2017-02-28,EXUS,522.293360,0.011480,MSCI ACWI ex USA via ETF ACWX (net de frais et de retenues),Yahoo Finance,"ACWX, cours ajuste des dividendes",EXUS-3,prolongement (source live),0
2017-02-28,TBILL,20.640583,0.000400,US 1-month Treasury bill,Kenneth French Data Library,"F-F_Research_Data_Factors, colonne RF",TBILL-1,source unique continue (aucun raccord),0
2017-02-28,US,4532.930010,0.039708,S&P 500 Total Return,Yahoo Finance,^SP500TR,US-3,prolongement (source live),0
2017-03-31,BOND,1992.265747,-0.000553,"Bloomberg US Aggregate Bond (via ETF, net de frais)",Yahoo Finance,"AGG, cours ajusté des dividendes",BOND-3,prolongement (source live),0
2017-03-31,EXUS,538.719323,0.031450,MSCI ACWI ex USA via ETF ACWX (net de frais et de retenues),Yahoo Finance,"ACWX, cours ajuste des dividendes",EXUS-3,prolongement (source live),0
2017-03-31,TBILL,20.646775,0.000300,US 1-month Treasury bill,Kenneth French Data Library,"F-F_Research_Data_Factors, colonne RF",TBILL-1,source unique continue (aucun raccord),0
2017-03-31,US,4538.209795,0.001165,S&P 500 Total Return,Yahoo Finance,^SP500TR,US-3,prolongement (source live),0
2017-04-30,BOND,2010.336737,0.009071,"Bloomberg US Aggregate Bond (via ETF, net de frais)",Yahoo Finance,"AGG, cours ajusté des dividendes",BOND-3,prolongement (source live),0
2017-04-30,EXUS,550.328649,0.021550,MSCI ACWI ex USA via ETF ACWX (net de frais et de retenues),Yahoo Finance,"ACWX, cours ajuste des dividendes",EXUS-3,prolongement (source live),0
2017-04-30,TBILL,20.657099,0.000500,US 1-month Treasury bill,Kenneth French Data Library,"F-F_Research_Data_Factors, colonne RF",TBILL-1,source unique continue (aucun raccord),0
2017-04-30,US,4584.819657,0.010271,S&P 500 Total Return,Yahoo Finance,^SP500TR,US-3,prolongement (source live),0
2017-05-31,BOND,2024.149296,0.006871,"Bloomberg US Aggregate Bond (via ETF, net de frais)",Yahoo Finance,"AGG, cours ajusté des dividendes",BOND-3,prolongement (source live),0
2017-05-31,EXUS,567.248442,0.030745,MSCI ACWI ex USA via ETF ACWX (net de frais et de retenues),Yahoo Finance,"ACWX, cours ajuste des dividendes",EXUS-3,prolongement (source live),0
2017-05-31,TBILL,20.669493,0.000600,US 1-month Treasury bill,Kenneth French Data Library,"F-F_Research_Data_Factors, colonne RF",TBILL-1,source unique continue (aucun raccord),0
2017-05-31,US,4649.339674,0.014073,S&P 500 Total Return,Yahoo Finance,^SP500TR,US-3,prolongement (source live),0
2017-06-30,BOND,2023.779974,-0.000182,"Bloomberg US Aggregate Bond (via ETF, net de frais)",Yahoo Finance,"AGG, cours ajusté des dividendes",BOND-3,prolongement (source live),0
2017-06-30,EXUS,571.311189,0.007162,MSCI ACWI ex USA via ETF ACWX (net de frais et de retenues),Yahoo Finance,"ACWX, cours ajuste des dividendes",EXUS-3,prolongement (source live),0
2017-06-30,TBILL,20.681895,0.000600,US 1-month Treasury bill,Kenneth French Data Library,"F-F_Research_Data_Factors, colonne RF",TBILL-1,source unique continue (aucun raccord),0
2017-06-30,US,4678.359692,0.006242,S&P 500 Total Return,Yahoo Finance,^SP500TR,US-3,prolongement (source live),0
2017-07-31,BOND,2030.539703,0.003340,"Bloomberg US Aggregate Bond (via ETF, net de frais)",Yahoo Finance,"AGG, cours ajusté des dividendes",BOND-3,prolongement (source live),0
2017-07-31,EXUS,591.361635,0.035095,MSCI ACWI ex USA via ETF ACWX (net de frais et de retenues),Yahoo Finance,"ACWX, cours ajuste des dividendes",EXUS-3,prolongement (source live),0
2017-07-31,TBILL,20.696372,0.000700,US 1-month Treasury bill,Kenneth French Data Library,"F-F_Research_Data_Factors, colonne RF",TBILL-1,source unique continue (aucun raccord),0
2017-07-31,US,4774.559884,0.020563,S&P 500 Total Return,Yahoo Finance,^SP500TR,US-3,prolongement (source live),0
2017-08-31,BOND,2049.652931,0.009413,"Bloomberg US Aggregate Bond (via ETF, net de frais)",Yahoo Finance,"AGG, cours ajusté des dividendes",BOND-3,prolongement (source live),0
2017-08-31,EXUS,593.867910,0.004238,MSCI ACWI ex USA via ETF ACWX (net de frais et de retenues),Yahoo Finance,"ACWX, cours ajuste des dividendes",EXUS-3,prolongement (source live),0
2017-08-31,TBILL,20.714999,0.000900,US 1-month Treasury bill,Kenneth French Data Library,"F-F_Research_Data_Factors, colonne RF",TBILL-1,source unique continue (aucun raccord),0
2017-08-31,US,4789.180001,0.003062,S&P 500 Total Return,Yahoo Finance,^SP500TR,US-3,prolongement (source live),0
2017-09-30,BOND,2037.937552,-0.005716,"Bloomberg US Aggregate Bond (via ETF, net de frais)",Yahoo Finance,"AGG, cours ajusté des dividendes",BOND-3,prolongement (source live),0
2017-09-30,EXUS,605.898215,0.020258,MSCI ACWI ex USA via ETF ACWX (net de frais et de retenues),Yahoo Finance,"ACWX, cours ajuste des dividendes",EXUS-3,prolongement (source live),0
2017-09-30,TBILL,20.733642,0.000900,US 1-month Treasury bill,Kenneth French Data Library,"F-F_Research_Data_Factors, colonne RF",TBILL-1,source unique continue (aucun raccord),0
2017-09-30,US,4887.970036,0.020628,S&P 500 Total Return,Yahoo Finance,^SP500TR,US-3,prolongement (source live),0
2017-10-31,BOND,2039.931080,0.000978,"Bloomberg US Aggregate Bond (via ETF, net de frais)",Yahoo Finance,"AGG, cours ajusté des dividendes",BOND-3,prolongement (source live),0
2017-10-31,EXUS,617.552395,0.019235,MSCI ACWI ex USA via ETF ACWX (net de frais et de retenues),Yahoo Finance,"ACWX, cours ajuste des dividendes",EXUS-3,prolongement (source live),0
2017-10-31,TBILL,20.752302,0.000900,US 1-month Treasury bill,Kenneth French Data Library,"F-F_Research_Data_Factors, colonne RF",TBILL-1,source unique continue (aucun raccord),0
2017-10-31,US,5002.029602,0.023335,S&P 500 Total Return,Yahoo Finance,^SP500TR,US-3,prolongement (source live),0
2017-11-30,BOND,2036.905808,-0.001483,"Bloomberg US Aggregate Bond (via ETF, net de frais)",Yahoo Finance,"AGG, cours ajusté des dividendes",BOND-3,prolongement (source live),0
2017-11-30,EXUS,620.183984,0.004261,MSCI ACWI ex USA via ETF ACWX (net de frais et de retenues),Yahoo Finance,"ACWX, cours ajuste des dividendes",EXUS-3,prolongement (source live),0
2017-11-30,TBILL,20.768904,0.000800,US 1-month Treasury bill,Kenneth French Data Library,"F-F_Research_Data_Factors, colonne RF",TBILL-1,source unique continue (aucun raccord),0
2017-11-30,US,5155.439753,0.030670,S&P 500 Total Return,Yahoo Finance,^SP500TR,US-3,prolongement (source live),0
2017-12-31,BOND,2046.584762,0.004752,"Bloomberg US Aggregate Bond (via ETF, net de frais)",Yahoo Finance,"AGG, cours ajusté des dividendes",BOND-3,prolongement (source live),0
2017-12-31,EXUS,632.627720,0.020065,MSCI ACWI ex USA via ETF ACWX (net de frais et de retenues),Yahoo Finance,"ACWX, cours ajuste des dividendes",EXUS-3,prolongement (source live),0
2017-12-31,TBILL,20.787596,0.000900,US 1-month Treasury bill,Kenneth French Data Library,"F-F_Research_Data_Factors, colonne RF",TBILL-1,source unique continue (aucun raccord),0
2017-12-31,US,5212.759575,0.011118,S&P 500 Total Return,Yahoo Finance,^SP500TR,US-3,prolongement (source live),0
2018-01-31,BOND,2023.559412,-0.011251,"Bloomberg US Aggregate Bond (via ETF, net de frais)",Yahoo Finance,"AGG, cours ajusté des dividendes",BOND-3,prolongement (source live),0
2018-01-31,EXUS,667.203791,0.054655,MSCI ACWI ex USA via ETF ACWX (net de frais et de retenues),Yahoo Finance,"ACWX, cours ajuste des dividendes",EXUS-3,prolongement (source live),0
2018-01-31,TBILL,20.810463,0.001100,US 1-month Treasury bill,Kenneth French Data Library,"F-F_Research_Data_Factors, colonne RF",TBILL-1,source unique continue (aucun raccord),0
2018-01-31,US,5511.209760,0.057254,S&P 500 Total Return,Yahoo Finance,^SP500TR,US-3,prolongement (source live),0
2018-02-28,BOND,2003.147666,-0.010087,"Bloomberg US Aggregate Bond (via ETF, net de frais)",Yahoo Finance,"AGG, cours ajusté des dividendes",BOND-3,prolongement (source live),0
2018-02-28,EXUS,633.514289,-0.050494,MSCI ACWI ex USA via ETF ACWX (net de frais et de retenues),Yahoo Finance,"ACWX, cours ajuste des dividendes",EXUS-3,prolongement (source live),0
2018-02-28,TBILL,20.833354,0.001100,US 1-month Treasury bill,Kenneth French Data Library,"F-F_Research_Data_Factors, colonne RF",TBILL-1,source unique continue (aucun raccord),0
2018-02-28,US,5308.089650,-0.036856,S&P 500 Total Return,Yahoo Finance,^SP500TR,US-3,prolongement (source live),0
2018-03-31,BOND,2016.591640,0.006711,"Bloomberg US Aggregate Bond (via ETF, net de frais)",Yahoo Finance,"AGG, cours ajusté des dividendes",BOND-3,prolongement (source live),0
2018-03-31,EXUS,629.334810,-0.006597,MSCI ACWI ex USA via ETF ACWX (net de frais et de retenues),Yahoo Finance,"ACWX, cours ajuste des dividendes",EXUS-3,prolongement (source live),0
2018-03-31,TBILL,20.858354,0.001200,US 1-month Treasury bill,Kenneth French Data Library,"F-F_Research_Data_Factors, colonne RF",TBILL-1,source unique continue (aucun raccord),0
2018-03-31,US,5173.189752,-0.025414,S&P 500 Total Return,Yahoo Finance,^SP500TR,US-3,prolongement (source live),0
2018-04-30,BOND,1997.614837,-0.009410,"Bloomberg US Aggregate Bond (via ETF, net de frais)",Yahoo Finance,"AGG, cours ajusté des dividendes",BOND-3,prolongement (source live),0
2018-04-30,EXUS,632.881026,0.005635,MSCI ACWI ex USA via ETF ACWX (net de frais et de retenues),Yahoo Finance,"ACWX, cours ajuste des dividendes",EXUS-3,prolongement (source live),0
2018-04-30,TBILL,20.887556,0.001400,US 1-month Treasury bill,Kenneth French Data Library,"F-F_Research_Data_Factors, colonne RF",TBILL-1,source unique continue (aucun raccord),0
2018-04-30,US,5193.039849,0.003837,S&P 500 Total Return,Yahoo Finance,^SP500TR,US-3,prolongement (source live),0
2018-05-31,BOND,2010.836960,0.006619,"Bloomberg US Aggregate Bond (via ETF, net de frais)",Yahoo Finance,"AGG, cours ajusté des dividendes",BOND-3,prolongement (source live),0
2018-05-31,EXUS,621.102323,-0.018611,MSCI ACWI ex USA via ETF ACWX (net de frais et de retenues),Yahoo Finance,"ACWX, cours ajuste des dividendes",EXUS-3,prolongement (source live),0
2018-05-31,TBILL,20.916798,0.001400,US 1-month Treasury bill,Kenneth French Data Library,"F-F_Research_Data_Factors, colonne RF",TBILL-1,source unique continue (aucun raccord),0
2018-05-31,US,5318.099903,0.024082,S&P 500 Total Return,Yahoo Finance,^SP500TR,US-3,prolongement (source live),0
2018-06-30,BOND,2012.899343,0.001026,"Bloomberg US Aggregate Bond (via ETF, net de frais)",Yahoo Finance,"AGG, cours ajusté des dividendes",BOND-3,prolongement (source live),0
2018-06-30,EXUS,607.524676,-0.021861,MSCI ACWI ex USA via ETF ACWX (net de frais et de retenues),Yahoo Finance,"ACWX, cours ajuste des dividendes",EXUS-3,prolongement (source live),0
2018-06-30,TBILL,20.946082,0.001400,US 1-month Treasury bill,Kenneth French Data Library,"F-F_Research_Data_Factors, colonne RF",TBILL-1,source unique continue (aucun raccord),0
2018-06-30,US,5350.829883,0.006154,S&P 500 Total Return,Yahoo Finance,^SP500TR,US-3,prolongement (source live),0
2018-07-31,BOND,2012.311853,-0.000292,"Bloomberg US Aggregate Bond (via ETF, net de frais)",Yahoo Finance,"AGG, cours ajusté des dividendes",BOND-3,prolongement (source live),0
2018-07-31,EXUS,624.882550,0.028571,MSCI ACWI ex USA via ETF ACWX (net de frais et de retenues),Yahoo Finance,"ACWX, cours ajuste des dividendes",EXUS-3,prolongement (source live),0
2018-07-31,TBILL,20.979596,0.001600,US 1-month Treasury bill,Kenneth French Data Library,"F-F_Research_Data_Factors, colonne RF",TBILL-1,source unique continue (aucun raccord),0
2018-07-31,US,5549.959758,0.037215,S&P 500 Total Return,Yahoo Finance,^SP500TR,US-3,prolongement (source live),0
2018-08-31,BOND,2023.741495,0.005680,"Bloomberg US Aggregate Bond (via ETF, net de frais)",Yahoo Finance,"AGG, cours ajusté des dividendes",BOND-3,prolongement (source live),0
2018-08-31,EXUS,610.481874,-0.023045,MSCI ACWI ex USA via ETF ACWX (net de frais et de retenues),Yahoo Finance,"ACWX, cours ajuste des dividendes",EXUS-3,prolongement (source live),0
2018-08-31,TBILL,21.013163,0.001600,US 1-month Treasury bill,Kenneth French Data Library,"F-F_Research_Data_Factors, colonne RF",TBILL-1,source unique continue (aucun raccord),0
2018-08-31,US,5730.799595,0.032584,S&P 500 Total Return,Yahoo Finance,^SP500TR,US-3,prolongement (source live),0
2018-09-30,BOND,2011.200390,-0.006197,"Bloomberg US Aggregate Bond (via ETF, net de frais)",Yahoo Finance,"AGG, cours ajusté des dividendes",BOND-3,prolongement (source live),0
2018-09-30,EXUS,613.181994,0.004423,MSCI ACWI ex USA via ETF ACWX (net de frais et de retenues),Yahoo Finance,"ACWX, cours ajuste des dividendes",EXUS-3,prolongement (source live),0
2018-09-30,TBILL,21.044683,0.001500,US 1-month Treasury bill,Kenneth French Data Library,"F-F_Research_Data_Factors, colonne RF",TBILL-1,source unique continue (aucun raccord),0
2018-09-30,US,5763.419711,0.005692,S&P 500 Total Return,Yahoo Finance,^SP500TR,US-3,prolongement (source live),0
2018-10-31,BOND,1998.246329,-0.006441,"Bloomberg US Aggregate Bond (via ETF, net de frais)",Yahoo Finance,"AGG, cours ajusté des dividendes",BOND-3,prolongement (source live),0
2018-10-31,EXUS,564.322953,-0.079681,MSCI ACWI ex USA via ETF ACWX (net de frais et de retenues),Yahoo Finance,"ACWX, cours ajuste des dividendes",EXUS-3,prolongement (source live),0
2018-10-31,TBILL,21.084668,0.001900,US 1-month Treasury bill,Kenneth French Data Library,"F-F_Research_Data_Factors, colonne RF",TBILL-1,source unique continue (aucun raccord),0
2018-10-31,US,5369.490038,-0.068350,S&P 500 Total Return,Yahoo Finance,^SP500TR,US-3,prolongement (source live),0
2018-11-30,BOND,2013.664130,0.007716,"Bloomberg US Aggregate Bond (via ETF, net de frais)",Yahoo Finance,"AGG, cours ajusté des dividendes",BOND-3,prolongement (source live),0
2018-11-30,EXUS,572.423189,0.014354,MSCI ACWI ex USA via ETF ACWX (net de frais et de retenues),Yahoo Finance,"ACWX, cours ajuste des dividendes",EXUS-3,prolongement (source live),0
2018-11-30,TBILL,21.122620,0.001800,US 1-month Treasury bill,Kenneth French Data Library,"F-F_Research_Data_Factors, colonne RF",TBILL-1,source unique continue (aucun raccord),0
2018-11-30,US,5478.909956,0.020378,S&P 500 Total Return,Yahoo Finance,^SP500TR,US-3,prolongement (source live),0
2018-12-31,BOND,2053.558610,0.019812,"Bloomberg US Aggregate Bond (via ETF, net de frais)",Yahoo Finance,"AGG, cours ajusté des dividendes",BOND-3,prolongement (source live),0
2018-12-31,EXUS,544.388630,-0.048975,MSCI ACWI ex USA via ETF ACWX (net de frais et de retenues),Yahoo Finance,"ACWX, cours ajuste des dividendes",EXUS-3,prolongement (source live),0
2018-12-31,TBILL,21.162753,0.001900,US 1-month Treasury bill,Kenneth French Data Library,"F-F_Research_Data_Factors, colonne RF",TBILL-1,source unique continue (aucun raccord),0
2018-12-31,US,4984.220033,-0.090290,S&P 500 Total Return,Yahoo Finance,^SP500TR,US-3,prolongement (source live),0
2019-01-31,BOND,2072.264589,0.009109,"Bloomberg US Aggregate Bond (via ETF, net de frais)",Yahoo Finance,"AGG, cours ajusté des dividendes",BOND-3,prolongement (source live),0
2019-01-31,EXUS,585.386317,0.075310,MSCI ACWI ex USA via ETF ACWX (net de frais et de retenues),Yahoo Finance,"ACWX, cours ajuste des dividendes",EXUS-3,prolongement (source live),0
2019-01-31,TBILL,21.207195,0.002100,US 1-month Treasury bill,Kenneth French Data Library,"F-F_Research_Data_Factors, colonne RF",TBILL-1,source unique continue (aucun raccord),0
2019-01-31,US,5383.629686,0.080135,S&P 500 Total Return,Yahoo Finance,^SP500TR,US-3,prolongement (source live),0
2019-02-28,BOND,2069.905975,-0.001138,"Bloomberg US Aggregate Bond (via ETF, net de frais)",Yahoo Finance,"AGG, cours ajusté des dividendes",BOND-3,prolongement (source live),0
2019-02-28,EXUS,594.597944,0.015736,MSCI ACWI ex USA via ETF ACWX (net de frais et de retenues),Yahoo Finance,"ACWX, cours ajuste des dividendes",EXUS-3,prolongement (source live),0
2019-02-28,TBILL,21.245368,0.001800,US 1-month Treasury bill,Kenneth French Data Library,"F-F_Research_Data_Factors, colonne RF",TBILL-1,source unique continue (aucun raccord),0
2019-02-28,US,5556.490031,0.032109,S&P 500 Total Return,Yahoo Finance,^SP500TR,US-3,prolongement (source live),0
2019-03-31,BOND,2113.841637,0.021226,"Bloomberg US Aggregate Bond (via ETF, net de frais)",Yahoo Finance,"AGG, cours ajusté des dividendes",BOND-3,prolongement (source live),0
2019-03-31,EXUS,600.306324,0.009600,MSCI ACWI ex USA via ETF ACWX (net de frais et de retenues),Yahoo Finance,"ACWX, cours ajuste des dividendes",EXUS-3,prolongement (source live),0
2019-03-31,TBILL,21.285734,0.001900,US 1-month Treasury bill,Kenneth French Data Library,"F-F_Research_Data_Factors, colonne RF",TBILL-1,source unique continue (aucun raccord),0
2019-03-31,US,5664.459754,0.019431,S&P 500 Total Return,Yahoo Finance,^SP500TR,US-3,prolongement (source live),0
2019-04-30,BOND,2109.605852,-0.002004,"Bloomberg US Aggregate Bond (via ETF, net de frais)",Yahoo Finance,"AGG, cours ajusté des dividendes",BOND-3,prolongement (source live),0
2019-04-30,EXUS,617.172680,0.028096,MSCI ACWI ex USA via ETF ACWX (net de frais et de retenues),Yahoo Finance,"ACWX, cours ajuste des dividendes",EXUS-3,prolongement (source live),0
2019-04-30,TBILL,21.330434,0.002100,US 1-month Treasury bill,Kenneth French Data Library,"F-F_Research_Data_Factors, colonne RF",TBILL-1,source unique continue (aucun raccord),0
2019-04-30,US,5893.809843,0.040489,S&P 500 Total Return,Yahoo Finance,^SP500TR,US-3,prolongement (source live),0
2019-05-31,BOND,2149.917153,0.019108,"Bloomberg US Aggregate Bond (via ETF, net de frais)",Yahoo Finance,"AGG, cours ajusté des dividendes",BOND-3,prolongement (source live),0
2019-05-31,EXUS,582.532157,-0.056128,MSCI ACWI ex USA via ETF ACWX (net de frais et de retenues),Yahoo Finance,"ACWX, cours ajuste des dividendes",EXUS-3,prolongement (source live),0
2019-05-31,TBILL,21.375228,0.002100,US 1-month Treasury bill,Kenneth French Data Library,"F-F_Research_Data_Factors, colonne RF",TBILL-1,source unique continue (aucun raccord),0
2019-05-31,US,5519.269818,-0.063548,S&P 500 Total Return,Yahoo Finance,^SP500TR,US-3,prolongement (source live),0
2019-06-30,BOND,2173.536253,0.010986,"Bloomberg US Aggregate Bond (via ETF, net de frais)",Yahoo Finance,"AGG, cours ajusté des dividendes",BOND-3,prolongement (source live),0
2019-06-30,EXUS,617.214553,0.059537,MSCI ACWI ex USA via ETF ACWX (net de frais et de retenues),Yahoo Finance,"ACWX, cours ajuste des dividendes",EXUS-3,prolongement (source live),0
2019-06-30,TBILL,21.413703,0.001800,US 1-month Treasury bill,Kenneth French Data Library,"F-F_Research_Data_Factors, colonne RF",TBILL-1,source unique continue (aucun raccord),0
2019-06-30,US,5908.249784,0.070477,S&P 500 Total Return,Yahoo Finance,^SP500TR,US-3,prolongement (source live),0
2019-07-31,BOND,2177.487590,0.001818,"Bloomberg US Aggregate Bond (via ETF, net de frais)",Yahoo Finance,"AGG, cours ajusté des dividendes",BOND-3,prolongement (source live),0
2019-07-31,EXUS,606.522958,-0.017322,MSCI ACWI ex USA via ETF ACWX (net de frais et de retenues),Yahoo Finance,"ACWX, cours ajuste des dividendes",EXUS-3,prolongement (source live),0
2019-07-31,TBILL,21.454389,0.001900,US 1-month Treasury bill,Kenneth French Data Library,"F-F_Research_Data_Factors, colonne RF",TBILL-1,source unique continue (aucun raccord),0
2019-07-31,US,5993.169703,0.014373,S&P 500 Total Return,Yahoo Finance,^SP500TR,US-3,prolongement (source live),0
2019-08-31,BOND,2238.082866,0.027828,"Bloomberg US Aggregate Bond (via ETF, net de frais)",Yahoo Finance,"AGG, cours ajusté des dividendes",BOND-3,prolongement (source live),0
2019-08-31,EXUS,592.003358,-0.023939,MSCI ACWI ex USA via ETF ACWX (net de frais et de retenues),Yahoo Finance,"ACWX, cours ajuste des dividendes",EXUS-3,prolongement (source live),0
2019-08-31,TBILL,21.488716,0.001600,US 1-month Treasury bill,Kenneth French Data Library,"F-F_Research_Data_Factors, colonne RF",TBILL-1,source unique continue (aucun raccord),0
2019-08-31,US,5898.229765,-0.015841,S&P 500 Total Return,Yahoo Finance,^SP500TR,US-3,prolongement (source live),0
2019-09-30,BOND,2224.383165,-0.006121,"Bloomberg US Aggregate Bond (via ETF, net de frais)",Yahoo Finance,"AGG, cours ajusté des dividendes",BOND-3,prolongement (source live),0
2019-09-30,EXUS,607.842860,0.026756,MSCI ACWI ex USA via ETF ACWX (net de frais et de retenues),Yahoo Finance,"ACWX, cours ajuste des dividendes",EXUS-3,prolongement (source live),0
2019-09-30,TBILL,21.527396,0.001800,US 1-month Treasury bill,Kenneth French Data Library,"F-F_Research_Data_Factors, colonne RF",TBILL-1,source unique continue (aucun raccord),0
2019-09-30,US,6008.589624,0.018711,S&P 500 Total Return,Yahoo Finance,^SP500TR,US-3,prolongement (source live),0
2019-10-31,BOND,2229.012206,0.002081,"Bloomberg US Aggregate Bond (via ETF, net de frais)",Yahoo Finance,"AGG, cours ajusté des dividendes",BOND-3,prolongement (source live),0
2019-10-31,EXUS,626.586367,0.030836,MSCI ACWI ex USA via ETF ACWX (net de frais et de retenues),Yahoo Finance,"ACWX, cours ajuste des dividendes",EXUS-3,prolongement (source live),0
2019-10-31,TBILL,21.559687,0.001500,US 1-month Treasury bill,Kenneth French Data Library,"F-F_Research_Data_Factors, colonne RF",TBILL-1,source unique continue (aucun raccord),0
2019-10-31,US,6138.729756,0.021659,S&P 500 Total Return,Yahoo Finance,^SP500TR,US-3,prolongement (source live),0
2019-11-30,BOND,2228.242448,-0.000345,"Bloomberg US Aggregate Bond (via ETF, net de frais)",Yahoo Finance,"AGG, cours ajusté des dividendes",BOND-3,prolongement (source live),0
2019-11-30,EXUS,632.790099,0.009901,MSCI ACWI ex USA via ETF ACWX (net de frais et de retenues),Yahoo Finance,"ACWX, cours ajuste des dividendes",EXUS-3,prolongement (source live),0
2019-11-30,TBILL,21.585559,0.001200,US 1-month Treasury bill,Kenneth French Data Library,"F-F_Research_Data_Factors, colonne RF",TBILL-1,source unique continue (aucun raccord),0
2019-11-30,US,6361.559826,0.036299,S&P 500 Total Return,Yahoo Finance,^SP500TR,US-3,prolongement (source live),0
2019-12-31,BOND,2227.200026,-0.000468,"Bloomberg US Aggregate Bond (via ETF, net de frais)",Yahoo Finance,"AGG, cours ajusté des dividendes",BOND-3,prolongement (source live),0
2019-12-31,EXUS,658.992057,0.041407,MSCI ACWI ex USA via ETF ACWX (net de frais et de retenues),Yahoo Finance,"ACWX, cours ajuste des dividendes",EXUS-3,prolongement (source live),0
2019-12-31,TBILL,21.615779,0.001400,US 1-month Treasury bill,Kenneth French Data Library,"F-F_Research_Data_Factors, colonne RF",TBILL-1,source unique continue (aucun raccord),0
2019-12-31,US,6553.569585,0.030183,S&P 500 Total Return,Yahoo Finance,^SP500TR,US-3,prolongement (source live),0
2020-01-31,BOND,2272.390939,0.020290,"Bloomberg US Aggregate Bond (via ETF, net de frais)",Yahoo Finance,"AGG, cours ajusté des dividendes",BOND-3,prolongement (source live),0
2020-01-31,EXUS,636.453168,-0.034202,MSCI ACWI ex USA via ETF ACWX (net de frais et de retenues),Yahoo Finance,"ACWX, cours ajuste des dividendes",EXUS-3,prolongement (source live),0
2020-01-31,TBILL,21.643879,0.001300,US 1-month Treasury bill,Kenneth French Data Library,"F-F_Research_Data_Factors, colonne RF",TBILL-1,source unique continue (aucun raccord),0
2020-01-31,US,6550.999761,-0.000392,S&P 500 Total Return,Yahoo Finance,^SP500TR,US-3,prolongement (source live),0
2020-02-29,BOND,2308.401281,0.015847,"Bloomberg US Aggregate Bond (via ETF, net de frais)",Yahoo Finance,"AGG, cours ajusté des dividendes",BOND-3,prolongement (source live),0
2020-02-29,EXUS,594.058711,-0.066610,MSCI ACWI ex USA via ETF ACWX (net de frais et de retenues),Yahoo Finance,"ACWX, cours ajuste des dividendes",EXUS-3,prolongement (source live),0
2020-02-29,TBILL,21.669852,0.001200,US 1-month Treasury bill,Kenneth French Data Library,"F-F_Research_Data_Factors, colonne RF",TBILL-1,source unique continue (aucun raccord),0
2020-02-29,US,6011.729761,-0.082319,S&P 500 Total Return,Yahoo Finance,^SP500TR,US-3,prolongement (source live),0
2020-03-31,BOND,2296.239991,-0.005268,"Bloomberg US Aggregate Bond (via ETF, net de frais)",Yahoo Finance,"AGG, cours ajusté des dividendes",BOND-3,prolongement (source live),0
2020-03-31,EXUS,505.110950,-0.149729,MSCI ACWI ex USA via ETF ACWX (net de frais et de retenues),Yahoo Finance,"ACWX, cours ajuste des dividendes",EXUS-3,prolongement (source live),0
2020-03-31,TBILL,21.695856,0.001200,US 1-month Treasury bill,Kenneth French Data Library,"F-F_Research_Data_Factors, colonne RF",TBILL-1,source unique continue (aucun raccord),0
2020-03-31,US,5269.200003,-0.123513,S&P 500 Total Return,Yahoo Finance,^SP500TR,US-3,prolongement (source live),0
2020-04-30,BOND,2335.713414,0.017190,"Bloomberg US Aggregate Bond (via ETF, net de frais)",Yahoo Finance,"AGG, cours ajusté des dividendes",BOND-3,prolongement (source live),0
2020-04-30,EXUS,537.309224,0.063745,MSCI ACWI ex USA via ETF ACWX (net de frais et de retenues),Yahoo Finance,"ACWX, cours ajuste des dividendes",EXUS-3,prolongement (source live),0
2020-04-30,TBILL,21.695856,0.000000,US 1-month Treasury bill,Kenneth French Data Library,"F-F_Research_Data_Factors, colonne RF",TBILL-1,source unique continue (aucun raccord),0
2020-04-30,US,5944.679959,0.128194,S&P 500 Total Return,Yahoo Finance,^SP500TR,US-3,prolongement (source live),0
2020-05-31,BOND,2351.423212,0.006726,"Bloomberg US Aggregate Bond (via ETF, net de frais)",Yahoo Finance,"AGG, cours ajusté des dividendes",BOND-3,prolongement (source live),0
2020-05-31,EXUS,561.994576,0.045943,MSCI ACWI ex USA via ETF ACWX (net de frais et de retenues),Yahoo Finance,"ACWX, cours ajuste des dividendes",EXUS-3,prolongement (source live),0
2020-05-31,TBILL,21.698025,0.000100,US 1-month Treasury bill,Kenneth French Data Library,"F-F_Research_Data_Factors, colonne RF",TBILL-1,source unique continue (aucun raccord),0
2020-05-31,US,6227.809831,0.047627,S&P 500 Total Return,Yahoo Finance,^SP500TR,US-3,prolongement (source live),0
2020-06-30,BOND,2366.920732,0.006591,"Bloomberg US Aggregate Bond (via ETF, net de frais)",Yahoo Finance,"AGG, cours ajusté des dividendes",BOND-3,prolongement (source live),0
2020-06-30,EXUS,586.945283,0.044397,MSCI ACWI ex USA via ETF ACWX (net de frais et de retenues),Yahoo Finance,"ACWX, cours ajuste des dividendes",EXUS-3,prolongement (source live),0
2020-06-30,TBILL,21.700195,0.000100,US 1-month Treasury bill,Kenneth French Data Library,"F-F_Research_Data_Factors, colonne RF",TBILL-1,source unique continue (aucun raccord),0
2020-06-30,US,6351.669690,0.019888,S&P 500 Total Return,Yahoo Finance,^SP500TR,US-3,prolongement (source live),0
2020-07-31,BOND,2398.476936,0.013332,"Bloomberg US Aggregate Bond (via ETF, net de frais)",Yahoo Finance,"AGG, cours ajusté des dividendes",BOND-3,prolongement (source live),0
2020-07-31,EXUS,610.564220,0.040240,MSCI ACWI ex USA via ETF ACWX (net de frais et de retenues),Yahoo Finance,"ACWX, cours ajuste des dividendes",EXUS-3,prolongement (source live),0
2020-07-31,TBILL,21.702365,0.000100,US 1-month Treasury bill,Kenneth French Data Library,"F-F_Research_Data_Factors, colonne RF",TBILL-1,source unique continue (aucun raccord),0
2020-07-31,US,6709.809814,0.056385,S&P 500 Total Return,Yahoo Finance,^SP500TR,US-3,prolongement (source live),0
2020-08-31,BOND,2378.722090,-0.008236,"Bloomberg US Aggregate Bond (via ETF, net de frais)",Yahoo Finance,"AGG, cours ajusté des dividendes",BOND-3,prolongement (source live),0
2020-08-31,EXUS,635.947835,0.041574,MSCI ACWI ex USA via ETF ACWX (net de frais et de retenues),Yahoo Finance,"ACWX, cours ajuste des dividendes",EXUS-3,prolongement (source live),0
2020-08-31,TBILL,21.704535,0.000100,US 1-month Treasury bill,Kenneth French Data Library,"F-F_Research_Data_Factors, colonne RF",TBILL-1,source unique continue (aucun raccord),0
2020-08-31,US,7192.109601,0.071880,S&P 500 Total Return,Yahoo Finance,^SP500TR,US-3,prolongement (source live),0
2020-09-30,BOND,2376.407845,-0.000973,"Bloomberg US Aggregate Bond (via ETF, net de frais)",Yahoo Finance,"AGG, cours ajusté des dividendes",BOND-3,prolongement (source live),0
2020-09-30,EXUS,624.274179,-0.018356,MSCI ACWI ex USA via ETF ACWX (net de frais et de retenues),Yahoo Finance,"ACWX, cours ajuste des dividendes",EXUS-3,prolongement (source live),0
2020-09-30,TBILL,21.706706,0.000100,US 1-month Treasury bill,Kenneth French Data Library,"F-F_Research_Data_Factors, colonne RF",TBILL-1,source unique continue (aucun raccord),0
2020-09-30,US,6918.829825,-0.037997,S&P 500 Total Return,Yahoo Finance,^SP500TR,US-3,prolongement (source live),0
2020-10-31,BOND,2363.139695,-0.005583,"Bloomberg US Aggregate Bond (via ETF, net de frais)",Yahoo Finance,"AGG, cours ajusté des dividendes",BOND-3,prolongement (source live),0
2020-10-31,EXUS,611.514450,-0.020439,MSCI ACWI ex USA via ETF ACWX (net de frais et de retenues),Yahoo Finance,"ACWX, cours ajuste des dividendes",EXUS-3,prolongement (source live),0
2020-10-31,TBILL,21.708876,0.000100,US 1-month Treasury bill,Kenneth French Data Library,"F-F_Research_Data_Factors, colonne RF",TBILL-1,source unique continue (aucun raccord),0
2020-10-31,US,6734.839598,-0.026593,S&P 500 Total Return,Yahoo Finance,^SP500TR,US-3,prolongement (source live),0
2020-11-30,BOND,2391.657740,0.012068,"Bloomberg US Aggregate Bond (via ETF, net de frais)",Yahoo Finance,"AGG, cours ajusté des dividendes",BOND-3,prolongement (source live),0
2020-11-30,EXUS,688.615587,0.126082,MSCI ACWI ex USA via ETF ACWX (net de frais et de retenues),Yahoo Finance,"ACWX, cours ajuste des dividendes",EXUS-3,prolongement (source live),0
2020-11-30,TBILL,21.711047,0.000100,US 1-month Treasury bill,Kenneth French Data Library,"F-F_Research_Data_Factors, colonne RF",TBILL-1,source unique continue (aucun raccord),0
2020-11-30,US,7472.059786,0.109464,S&P 500 Total Return,Yahoo Finance,^SP500TR,US-3,prolongement (source live),0
2020-12-31,BOND,2393.707788,0.000857,"Bloomberg US Aggregate Bond (via ETF, net de frais)",Yahoo Finance,"AGG, cours ajusté des dividendes",BOND-3,prolongement (source live),0
2020-12-31,EXUS,726.789727,0.055436,MSCI ACWI ex USA via ETF ACWX (net de frais et de retenues),Yahoo Finance,"ACWX, cours ajuste des dividendes",EXUS-3,prolongement (source live),0
2020-12-31,TBILL,21.713218,0.000100,US 1-month Treasury bill,Kenneth French Data Library,"F-F_Research_Data_Factors, colonne RF",TBILL-1,source unique continue (aucun raccord),0
2020-12-31,US,7759.349814,0.038449,S&P 500 Total Return,Yahoo Finance,^SP500TR,US-3,prolongement (source live),0
2021-01-31,BOND,2375.885345,-0.007446,"Bloomberg US Aggregate Bond (via ETF, net de frais)",Yahoo Finance,"AGG, cours ajusté des dividendes",BOND-3,prolongement (source live),0
2021-01-31,EXUS,728.845080,0.002828,MSCI ACWI ex USA via ETF ACWX (net de frais et de retenues),Yahoo Finance,"ACWX, cours ajuste des dividendes",EXUS-3,prolongement (source live),0
2021-01-31,TBILL,21.713218,0.000000,US 1-month Treasury bill,Kenneth French Data Library,"F-F_Research_Data_Factors, colonne RF",TBILL-1,source unique continue (aucun raccord),0
2021-01-31,US,7681.009485,-0.010096,S&P 500 Total Return,Yahoo Finance,^SP500TR,US-3,prolongement (source live),0
2021-02-28,BOND,2339.816457,-0.015181,"Bloomberg US Aggregate Bond (via ETF, net de frais)",Yahoo Finance,"AGG, cours ajusté des dividendes",BOND-3,prolongement (source live),0
2021-02-28,EXUS,743.232914,0.019741,MSCI ACWI ex USA via ETF ACWX (net de frais et de retenues),Yahoo Finance,"ACWX, cours ajuste des dividendes",EXUS-3,prolongement (source live),0
2021-02-28,TBILL,21.713218,0.000000,US 1-month Treasury bill,Kenneth French Data Library,"F-F_Research_Data_Factors, colonne RF",TBILL-1,source unique continue (aucun raccord),0
2021-02-28,US,7892.809770,0.027575,S&P 500 Total Return,Yahoo Finance,^SP500TR,US-3,prolongement (source live),0
2021-03-31,BOND,2312.994052,-0.011463,"Bloomberg US Aggregate Bond (via ETF, net de frais)",Yahoo Finance,"AGG, cours ajusté des dividendes",BOND-3,prolongement (source live),0
2021-03-31,EXUS,756.113514,0.017331,MSCI ACWI ex USA via ETF ACWX (net de frais et de retenues),Yahoo Finance,"ACWX, cours ajuste des dividendes",EXUS-3,prolongement (source live),0
2021-03-31,TBILL,21.713218,0.000000,US 1-month Treasury bill,Kenneth French Data Library,"F-F_Research_Data_Factors, colonne RF",TBILL-1,source unique continue (aucun raccord),0
2021-03-31,US,8238.480168,0.043796,S&P 500 Total Return,Yahoo Finance,^SP500TR,US-3,prolongement (source live),0
2021-04-30,BOND,2329.926147,0.007320,"Bloomberg US Aggregate Bond (via ETF, net de frais)",Yahoo Finance,"AGG, cours ajusté des dividendes",BOND-3,prolongement (source live),0
2021-04-30,EXUS,775.434170,0.025553,MSCI ACWI ex USA via ETF ACWX (net de frais et de retenues),Yahoo Finance,"ACWX, cours ajuste des dividendes",EXUS-3,prolongement (source live),0
2021-04-30,TBILL,21.713218,0.000000,US 1-month Treasury bill,Kenneth French Data Library,"F-F_Research_Data_Factors, colonne RF",TBILL-1,source unique continue (aucun raccord),0
2021-04-30,US,8678.159839,0.053369,S&P 500 Total Return,Yahoo Finance,^SP500TR,US-3,prolongement (source live),0
2021-05-31,BOND,2334.675226,0.002038,"Bloomberg US Aggregate Bond (via ETF, net de frais)",Yahoo Finance,"AGG, cours ajusté des dividendes",BOND-3,prolongement (source live),0
2021-05-31,EXUS,799.413894,0.030924,MSCI ACWI ex USA via ETF ACWX (net de frais et de retenues),Yahoo Finance,"ACWX, cours ajuste des dividendes",EXUS-3,prolongement (source live),0
2021-05-31,TBILL,21.713218,0.000000,US 1-month Treasury bill,Kenneth French Data Library,"F-F_Research_Data_Factors, colonne RF",TBILL-1,source unique continue (aucun raccord),0
2021-05-31,US,8738.769212,0.006984,S&P 500 Total Return,Yahoo Finance,^SP500TR,US-3,prolongement (source live),0
2021-06-30,BOND,2354.004782,0.008279,"Bloomberg US Aggregate Bond (via ETF, net de frais)",Yahoo Finance,"AGG, cours ajusté des dividendes",BOND-3,prolongement (source live),0
2021-06-30,EXUS,796.390235,-0.003782,MSCI ACWI ex USA via ETF ACWX (net de frais et de retenues),Yahoo Finance,"ACWX, cours ajuste des dividendes",EXUS-3,prolongement (source live),0
2021-06-30,TBILL,21.713218,0.000000,US 1-month Treasury bill,Kenneth French Data Library,"F-F_Research_Data_Factors, colonne RF",TBILL-1,source unique continue (aucun raccord),0
2021-06-30,US,8942.779947,0.023345,S&P 500 Total Return,Yahoo Finance,^SP500TR,US-3,prolongement (source live),0
2021-07-31,BOND,2380.288485,0.011166,"Bloomberg US Aggregate Bond (via ETF, net de frais)",Yahoo Finance,"AGG, cours ajusté des dividendes",BOND-3,prolongement (source live),0
2021-07-31,EXUS,783.234846,-0.016519,MSCI ACWI ex USA via ETF ACWX (net de frais et de retenues),Yahoo Finance,"ACWX, cours ajuste des dividendes",EXUS-3,prolongement (source live),0
2021-07-31,TBILL,21.713218,0.000000,US 1-month Treasury bill,Kenneth French Data Library,"F-F_Research_Data_Factors, colonne RF",TBILL-1,source unique continue (aucun raccord),0
2021-07-31,US,9155.209627,0.023754,S&P 500 Total Return,Yahoo Finance,^SP500TR,US-3,prolongement (source live),0
2021-08-31,BOND,2375.519153,-0.002004,"Bloomberg US Aggregate Bond (via ETF, net de frais)",Yahoo Finance,"AGG, cours ajusté des dividendes",BOND-3,prolongement (source live),0
2021-08-31,EXUS,794.590014,0.014498,MSCI ACWI ex USA via ETF ACWX (net de frais et de retenues),Yahoo Finance,"ACWX, cours ajuste des dividendes",EXUS-3,prolongement (source live),0
2021-08-31,TBILL,21.713218,0.000000,US 1-month Treasury bill,Kenneth French Data Library,"F-F_Research_Data_Factors, colonne RF",TBILL-1,source unique continue (aucun raccord),0
2021-08-31,US,9433.579734,0.030406,S&P 500 Total Return,Yahoo Finance,^SP500TR,US-3,prolongement (source live),0
2021-09-30,BOND,2353.730828,-0.009172,"Bloomberg US Aggregate Bond (via ETF, net de frais)",Yahoo Finance,"AGG, cours ajusté des dividendes",BOND-3,prolongement (source live),0
2021-09-30,EXUS,767.309773,-0.034332,MSCI ACWI ex USA via ETF ACWX (net de frais et de retenues),Yahoo Finance,"ACWX, cours ajuste des dividendes",EXUS-3,prolongement (source live),0
2021-09-30,TBILL,21.713218,0.000000,US 1-month Treasury bill,Kenneth French Data Library,"F-F_Research_Data_Factors, colonne RF",TBILL-1,source unique continue (aucun raccord),0
2021-09-30,US,8994.829750,-0.046509,S&P 500 Total Return,Yahoo Finance,^SP500TR,US-3,prolongement (source live),0
2021-10-31,BOND,2353.524995,-0.000087,"Bloomberg US Aggregate Bond (via ETF, net de frais)",Yahoo Finance,"AGG, cours ajusté des dividendes",BOND-3,prolongement (source live),0
2021-10-31,EXUS,790.297211,0.029958,MSCI ACWI ex USA via ETF ACWX (net de frais et de retenues),Yahoo Finance,"ACWX, cours ajuste des dividendes",EXUS-3,prolongement (source live),0
2021-10-31,TBILL,21.713218,0.000000,US 1-month Treasury bill,Kenneth French Data Library,"F-F_Research_Data_Factors, colonne RF",TBILL-1,source unique continue (aucun raccord),0
2021-10-31,US,9625.019180,0.070061,S&P 500 Total Return,Yahoo Finance,^SP500TR,US-3,prolongement (source live),0
2021-11-30,BOND,2359.899385,0.002708,"Bloomberg US Aggregate Bond (via ETF, net de frais)",Yahoo Finance,"AGG, cours ajusté des dividendes",BOND-3,prolongement (source live),0
2021-11-30,EXUS,757.200865,-0.041878,MSCI ACWI ex USA via ETF ACWX (net de frais et de retenues),Yahoo Finance,"ACWX, cours ajuste des dividendes",EXUS-3,prolongement (source live),0
2021-11-30,TBILL,21.713218,0.000000,US 1-month Treasury bill,Kenneth French Data Library,"F-F_Research_Data_Factors, colonne RF",TBILL-1,source unique continue (aucun raccord),0
2021-11-30,US,9558.329729,-0.006929,S&P 500 Total Return,Yahoo Finance,^SP500TR,US-3,prolongement (source live),0
2021-12-31,BOND,2351.434258,-0.003587,"Bloomberg US Aggregate Bond (via ETF, net de frais)",Yahoo Finance,"AGG, cours ajusté des dividendes",BOND-3,prolongement (source live),0
2021-12-31,EXUS,782.528609,0.033449,MSCI ACWI ex USA via ETF ACWX (net de frais et de retenues),Yahoo Finance,"ACWX, cours ajuste des dividendes",EXUS-3,prolongement (source live),0
2021-12-31,TBILL,21.715390,0.000100,US 1-month Treasury bill,Kenneth French Data Library,"F-F_Research_Data_Factors, colonne RF",TBILL-1,source unique continue (aucun raccord),0
2021-12-31,US,9986.699831,0.044816,S&P 500 Total Return,Yahoo Finance,^SP500TR,US-3,prolongement (source live),0
2022-01-31,BOND,2304.438713,-0.019986,"Bloomberg US Aggregate Bond (via ETF, net de frais)",Yahoo Finance,"AGG, cours ajusté des dividendes",BOND-3,prolongement (source live),0
2022-01-31,EXUS,762.543224,-0.025539,MSCI ACWI ex USA via ETF ACWX (net de frais et de retenues),Yahoo Finance,"ACWX, cours ajuste des dividendes",EXUS-3,prolongement (source live),0
2022-01-31,TBILL,21.715390,0.000000,US 1-month Treasury bill,Kenneth French Data Library,"F-F_Research_Data_Factors, colonne RF",TBILL-1,source unique continue (aucun raccord),0
2022-01-31,US,9469.919576,-0.051747,S&P 500 Total Return,Yahoo Finance,^SP500TR,US-3,prolongement (source live),0
2022-02-28,BOND,2278.037180,-0.011457,"Bloomberg US Aggregate Bond (via ETF, net de frais)",Yahoo Finance,"AGG, cours ajusté des dividendes",BOND-3,prolongement (source live),0
2022-02-28,EXUS,737.068743,-0.033407,MSCI ACWI ex USA via ETF ACWX (net de frais et de retenues),Yahoo Finance,"ACWX, cours ajuste des dividendes",EXUS-3,prolongement (source live),0
2022-02-28,TBILL,21.715390,0.000000,US 1-month Treasury bill,Kenneth French Data Library,"F-F_Research_Data_Factors, colonne RF",TBILL-1,source unique continue (aucun raccord),0
2022-02-28,US,9186.369782,-0.029942,S&P 500 Total Return,Yahoo Finance,^SP500TR,US-3,prolongement (source live),0
2022-03-31,BOND,2213.974405,-0.028122,"Bloomberg US Aggregate Bond (via ETF, net de frais)",Yahoo Finance,"AGG, cours ajusté des dividendes",BOND-3,prolongement (source live),0
2022-03-31,EXUS,735.661321,-0.001909,MSCI ACWI ex USA via ETF ACWX (net de frais et de retenues),Yahoo Finance,"ACWX, cours ajuste des dividendes",EXUS-3,prolongement (source live),0
2022-03-31,TBILL,21.715390,0.000000,US 1-month Treasury bill,Kenneth French Data Library,"F-F_Research_Data_Factors, colonne RF",TBILL-1,source unique continue (aucun raccord),0
2022-03-31,US,9527.459613,0.037130,S&P 500 Total Return,Yahoo Finance,^SP500TR,US-3,prolongement (source live),0
2022-04-30,BOND,2129.714002,-0.038058,"Bloomberg US Aggregate Bond (via ETF, net de frais)",Yahoo Finance,"AGG, cours ajusté des dividendes",BOND-3,prolongement (source live),0
2022-04-30,EXUS,686.401325,-0.066960,MSCI ACWI ex USA via ETF ACWX (net de frais et de retenues),Yahoo Finance,"ACWX, cours ajuste des dividendes",EXUS-3,prolongement (source live),0
2022-04-30,TBILL,21.715390,0.000000,US 1-month Treasury bill,Kenneth French Data Library,"F-F_Research_Data_Factors, colonne RF",TBILL-1,source unique continue (aucun raccord),0
2022-04-30,US,8696.650073,-0.087202,S&P 500 Total Return,Yahoo Finance,^SP500TR,US-3,prolongement (source live),0
2022-05-31,BOND,2145.910398,0.007605,"Bloomberg US Aggregate Bond (via ETF, net de frais)",Yahoo Finance,"AGG, cours ajusté des dividendes",BOND-3,prolongement (source live),0
2022-05-31,EXUS,698.786878,0.018044,MSCI ACWI ex USA via ETF ACWX (net de frais et de retenues),Yahoo Finance,"ACWX, cours ajuste des dividendes",EXUS-3,prolongement (source live),0
2022-05-31,TBILL,21.721904,0.000300,US 1-month Treasury bill,Kenneth French Data Library,"F-F_Research_Data_Factors, colonne RF",TBILL-1,source unique continue (aucun raccord),0
2022-05-31,US,8712.599291,0.001834,S&P 500 Total Return,Yahoo Finance,^SP500TR,US-3,prolongement (source live),0
2022-06-30,BOND,2112.585648,-0.015529,"Bloomberg US Aggregate Bond (via ETF, net de frais)",Yahoo Finance,"AGG, cours ajusté des dividendes",BOND-3,prolongement (source live),0
2022-06-30,EXUS,644.252931,-0.078041,MSCI ACWI ex USA via ETF ACWX (net de frais et de retenues),Yahoo Finance,"ACWX, cours ajuste des dividendes",EXUS-3,prolongement (source live),0
2022-06-30,TBILL,21.734937,0.000600,US 1-month Treasury bill,Kenneth French Data Library,"F-F_Research_Data_Factors, colonne RF",TBILL-1,source unique continue (aucun raccord),0
2022-06-30,US,7993.429884,-0.082544,S&P 500 Total Return,Yahoo Finance,^SP500TR,US-3,prolongement (source live),0
2022-07-31,BOND,2166.204314,0.025381,"Bloomberg US Aggregate Bond (via ETF, net de frais)",Yahoo Finance,"AGG, cours ajusté des dividendes",BOND-3,prolongement (source live),0
2022-07-31,EXUS,666.014254,0.033778,MSCI ACWI ex USA via ETF ACWX (net de frais et de retenues),Yahoo Finance,"ACWX, cours ajuste des dividendes",EXUS-3,prolongement (source live),0
2022-07-31,TBILL,21.752325,0.000800,US 1-month Treasury bill,Kenneth French Data Library,"F-F_Research_Data_Factors, colonne RF",TBILL-1,source unique continue (aucun raccord),0
2022-07-31,US,8730.459642,0.092204,S&P 500 Total Return,Yahoo Finance,^SP500TR,US-3,prolongement (source live),0
2022-08-31,BOND,2100.302111,-0.030423,"Bloomberg US Aggregate Bond (via ETF, net de frais)",Yahoo Finance,"AGG, cours ajusté des dividendes",BOND-3,prolongement (source live),0
2022-08-31,EXUS,633.801556,-0.048366,MSCI ACWI ex USA via ETF ACWX (net de frais et de retenues),Yahoo Finance,"ACWX, cours ajuste des dividendes",EXUS-3,prolongement (source live),0
2022-08-31,TBILL,21.793655,0.001900,US 1-month Treasury bill,Kenneth French Data Library,"F-F_Research_Data_Factors, colonne RF",TBILL-1,source unique continue (aucun raccord),0
2022-08-31,US,8374.419616,-0.040781,S&P 500 Total Return,Yahoo Finance,^SP500TR,US-3,prolongement (source live),0
2022-09-30,BOND,2013.244179,-0.041450,"Bloomberg US Aggregate Bond (via ETF, net de frais)",Yahoo Finance,"AGG, cours ajusté des dividendes",BOND-3,prolongement (source live),0
2022-09-30,EXUS,572.812337,-0.096228,MSCI ACWI ex USA via ETF ACWX (net de frais et de retenues),Yahoo Finance,"ACWX, cours ajuste des dividendes",EXUS-3,prolongement (source live),0
2022-09-30,TBILL,21.835063,0.001900,US 1-month Treasury bill,Kenneth French Data Library,"F-F_Research_Data_Factors, colonne RF",TBILL-1,source unique continue (aucun raccord),0
2022-09-30,US,7603.139859,-0.092099,S&P 500 Total Return,Yahoo Finance,^SP500TR,US-3,prolongement (source live),0
2022-10-31,BOND,1987.505069,-0.012785,"Bloomberg US Aggregate Bond (via ETF, net de frais)",Yahoo Finance,"AGG, cours ajusté des dividendes",BOND-3,prolongement (source live),0
2022-10-31,EXUS,592.998930,0.035241,MSCI ACWI ex USA via ETF ACWX (net de frais et de retenues),Yahoo Finance,"ACWX, cours ajuste des dividendes",EXUS-3,prolongement (source live),0
2022-10-31,TBILL,21.885283,0.002300,US 1-month Treasury bill,Kenneth French Data Library,"F-F_Research_Data_Factors, colonne RF",TBILL-1,source unique continue (aucun raccord),0
2022-10-31,US,8218.699895,0.080961,S&P 500 Total Return,Yahoo Finance,^SP500TR,US-3,prolongement (source live),0
2022-11-30,BOND,2063.198349,0.038085,"Bloomberg US Aggregate Bond (via ETF, net de frais)",Yahoo Finance,"AGG, cours ajusté des dividendes",BOND-3,prolongement (source live),0
2022-11-30,EXUS,672.313599,0.133752,MSCI ACWI ex USA via ETF ACWX (net de frais et de retenues),Yahoo Finance,"ACWX, cours ajuste des dividendes",EXUS-3,prolongement (source live),0
2022-11-30,TBILL,21.948751,0.002900,US 1-month Treasury bill,Kenneth French Data Library,"F-F_Research_Data_Factors, colonne RF",TBILL-1,source unique continue (aucun raccord),0
2022-11-30,US,8677.999683,0.055885,S&P 500 Total Return,Yahoo Finance,^SP500TR,US-3,prolongement (source live),0
2022-12-31,BOND,2045.238561,-0.008705,"Bloomberg US Aggregate Bond (via ETF, net de frais)",Yahoo Finance,"AGG, cours ajusté des dividendes",BOND-3,prolongement (source live),0
2022-12-31,EXUS,656.785951,-0.023096,MSCI ACWI ex USA via ETF ACWX (net de frais et de retenues),Yahoo Finance,"ACWX, cours ajuste des dividendes",EXUS-3,prolongement (source live),0
2022-12-31,TBILL,22.021182,0.003300,US 1-month Treasury bill,Kenneth French Data Library,"F-F_Research_Data_Factors, colonne RF",TBILL-1,source unique continue (aucun raccord),0
2022-12-31,US,8178.019721,-0.057615,S&P 500 Total Return,Yahoo Finance,^SP500TR,US-3,prolongement (source live),0
2023-01-31,BOND,2113.350251,0.033303,"Bloomberg US Aggregate Bond (via ETF, net de frais)",Yahoo Finance,"AGG, cours ajusté des dividendes",BOND-3,prolongement (source live),0
2023-01-31,EXUS,715.391530,0.089231,MSCI ACWI ex USA via ETF ACWX (net de frais et de retenues),Yahoo Finance,"ACWX, cours ajuste des dividendes",EXUS-3,prolongement (source live),0
2023-01-31,TBILL,22.098256,0.003500,US 1-month Treasury bill,Kenneth French Data Library,"F-F_Research_Data_Factors, colonne RF",TBILL-1,source unique continue (aucun raccord),0
2023-01-31,US,8691.879565,0.062834,S&P 500 Total Return,Yahoo Finance,^SP500TR,US-3,prolongement (source live),0
2023-02-28,BOND,2057.015063,-0.026657,"Bloomberg US Aggregate Bond (via ETF, net de frais)",Yahoo Finance,"AGG, cours ajusté des dividendes",BOND-3,prolongement (source live),0
2023-02-28,EXUS,683.057352,-0.045198,MSCI ACWI ex USA via ETF ACWX (net de frais et de retenues),Yahoo Finance,"ACWX, cours ajuste des dividendes",EXUS-3,prolongement (source live),0
2023-02-28,TBILL,22.173390,0.003400,US 1-month Treasury bill,Kenneth French Data Library,"F-F_Research_Data_Factors, colonne RF",TBILL-1,source unique continue (aucun raccord),0
2023-02-28,US,8479.799495,-0.024400,S&P 500 Total Return,Yahoo Finance,^SP500TR,US-3,prolongement (source live),0
2023-03-31,BOND,2111.345677,0.026412,"Bloomberg US Aggregate Bond (via ETF, net de frais)",Yahoo Finance,"AGG, cours ajusté des dividendes",BOND-3,prolongement (source live),0
2023-03-31,EXUS,703.987916,0.030642,MSCI ACWI ex USA via ETF ACWX (net de frais et de retenues),Yahoo Finance,"ACWX, cours ajuste des dividendes",EXUS-3,prolongement (source live),0
2023-03-31,TBILL,22.253214,0.003600,US 1-month Treasury bill,Kenneth French Data Library,"F-F_Research_Data_Factors, colonne RF",TBILL-1,source unique continue (aucun raccord),0
2023-03-31,US,8791.129562,0.036714,S&P 500 Total Return,Yahoo Finance,^SP500TR,US-3,prolongement (source live),0
2023-04-30,BOND,2123.497393,0.005755,"Bloomberg US Aggregate Bond (via ETF, net de frais)",Yahoo Finance,"AGG, cours ajusté des dividendes",BOND-3,prolongement (source live),0
2023-04-30,EXUS,717.123708,0.018659,MSCI ACWI ex USA via ETF ACWX (net de frais et de retenues),Yahoo Finance,"ACWX, cours ajuste des dividendes",EXUS-3,prolongement (source live),0
2023-04-30,TBILL,22.331100,0.003500,US 1-month Treasury bill,Kenneth French Data Library,"F-F_Research_Data_Factors, colonne RF",TBILL-1,source unique continue (aucun raccord),0
2023-04-30,US,8928.349283,0.015609,S&P 500 Total Return,Yahoo Finance,^SP500TR,US-3,prolongement (source live),0
2023-05-31,BOND,2099.197828,-0.011443,"Bloomberg US Aggregate Bond (via ETF, net de frais)",Yahoo Finance,"AGG, cours ajusté des dividendes",BOND-3,prolongement (source live),0
2023-05-31,EXUS,690.274792,-0.037440,MSCI ACWI ex USA via ETF ACWX (net de frais et de retenues),Yahoo Finance,"ACWX, cours ajuste des dividendes",EXUS-3,prolongement (source live),0
2023-05-31,TBILL,22.411492,0.003600,US 1-month Treasury bill,Kenneth French Data Library,"F-F_Research_Data_Factors, colonne RF",TBILL-1,source unique continue (aucun raccord),0
2023-05-31,US,8967.159829,0.004347,S&P 500 Total Return,Yahoo Finance,^SP500TR,US-3,prolongement (source live),0
2023-06-30,BOND,2091.468215,-0.003682,"Bloomberg US Aggregate Bond (via ETF, net de frais)",Yahoo Finance,"AGG, cours ajusté des dividendes",BOND-3,prolongement (source live),0
2023-06-30,EXUS,722.118001,0.046131,MSCI ACWI ex USA via ETF ACWX (net de frais et de retenues),Yahoo Finance,"ACWX, cours ajuste des dividendes",EXUS-3,prolongement (source live),0
2023-06-30,TBILL,22.501138,0.004000,US 1-month Treasury bill,Kenneth French Data Library,"F-F_Research_Data_Factors, colonne RF",TBILL-1,source unique continue (aucun raccord),0
2023-06-30,US,9559.669573,0.066076,S&P 500 Total Return,Yahoo Finance,^SP500TR,US-3,prolongement (source live),0
2023-07-31,BOND,2091.146393,-0.000154,"Bloomberg US Aggregate Bond (via ETF, net de frais)",Yahoo Finance,"AGG, cours ajusté des dividendes",BOND-3,prolongement (source live),0
2023-07-31,EXUS,750.433495,0.039212,MSCI ACWI ex USA via ETF ACWX (net de frais et de retenues),Yahoo Finance,"ACWX, cours ajuste des dividendes",EXUS-3,prolongement (source live),0
2023-07-31,TBILL,22.602393,0.004500,US 1-month Treasury bill,Kenneth French Data Library,"F-F_Research_Data_Factors, colonne RF",TBILL-1,source unique continue (aucun raccord),0
2023-07-31,US,9866.769171,0.032124,S&P 500 Total Return,Yahoo Finance,^SP500TR,US-3,prolongement (source live),0
2023-08-31,BOND,2077.944890,-0.006313,"Bloomberg US Aggregate Bond (via ETF, net de frais)",Yahoo Finance,"AGG, cours ajusté des dividendes",BOND-3,prolongement (source live),0
2023-08-31,EXUS,714.782368,-0.047507,MSCI ACWI ex USA via ETF ACWX (net de frais et de retenues),Yahoo Finance,"ACWX, cours ajuste des dividendes",EXUS-3,prolongement (source live),0
2023-08-31,TBILL,22.704104,0.004500,US 1-month Treasury bill,Kenneth French Data Library,"F-F_Research_Data_Factors, colonne RF",TBILL-1,source unique continue (aucun raccord),0
2023-08-31,US,9709.679333,-0.015921,S&P 500 Total Return,Yahoo Finance,^SP500TR,US-3,prolongement (source live),0
2023-09-30,BOND,2024.134935,-0.025896,"Bloomberg US Aggregate Bond (via ETF, net de frais)",Yahoo Finance,"AGG, cours ajusté des dividendes",BOND-3,prolongement (source live),0
2023-09-30,EXUS,689.694539,-0.035099,MSCI ACWI ex USA via ETF ACWX (net de frais et de retenues),Yahoo Finance,"ACWX, cours ajuste des dividendes",EXUS-3,prolongement (source live),0
2023-09-30,TBILL,22.801732,0.004300,US 1-month Treasury bill,Kenneth French Data Library,"F-F_Research_Data_Factors, colonne RF",TBILL-1,source unique continue (aucun raccord),0
2023-09-30,US,9246.739897,-0.047678,S&P 500 Total Return,Yahoo Finance,^SP500TR,US-3,prolongement (source live),0
2023-10-31,BOND,1992.342705,-0.015707,"Bloomberg US Aggregate Bond (via ETF, net de frais)",Yahoo Finance,"AGG, cours ajusté des dividendes",BOND-3,prolongement (source live),0
2023-10-31,EXUS,668.127790,-0.031270,MSCI ACWI ex USA via ETF ACWX (net de frais et de retenues),Yahoo Finance,"ACWX, cours ajuste des dividendes",EXUS-3,prolongement (source live),0
2023-10-31,TBILL,22.908900,0.004700,US 1-month Treasury bill,Kenneth French Data Library,"F-F_Research_Data_Factors, colonne RF",TBILL-1,source unique continue (aucun raccord),0
2023-10-31,US,9052.309240,-0.021027,S&P 500 Total Return,Yahoo Finance,^SP500TR,US-3,prolongement (source live),0
2023-11-30,BOND,2083.849251,0.045929,"Bloomberg US Aggregate Bond (via ETF, net de frais)",Yahoo Finance,"AGG, cours ajusté des dividendes",BOND-3,prolongement (source live),0
2023-11-30,EXUS,723.438390,0.082784,MSCI ACWI ex USA via ETF ACWX (net de frais et de retenues),Yahoo Finance,"ACWX, cours ajuste des dividendes",EXUS-3,prolongement (source live),0
2023-11-30,TBILL,23.009699,0.004400,US 1-month Treasury bill,Kenneth French Data Library,"F-F_Research_Data_Factors, colonne RF",TBILL-1,source unique continue (aucun raccord),0
2023-11-30,US,9879.019170,0.091326,S&P 500 Total Return,Yahoo Finance,^SP500TR,US-3,prolongement (source live),0
2023-12-31,BOND,2160.902725,0.036977,"Bloomberg US Aggregate Bond (via ETF, net de frais)",Yahoo Finance,"AGG, cours ajusté des dividendes",BOND-3,prolongement (source live),0
2023-12-31,EXUS,759.451948,0.049781,MSCI ACWI ex USA via ETF ACWX (net de frais et de retenues),Yahoo Finance,"ACWX, cours ajuste des dividendes",EXUS-3,prolongement (source live),0
2023-12-31,TBILL,23.108641,0.004300,US 1-month Treasury bill,Kenneth French Data Library,"F-F_Research_Data_Factors, colonne RF",TBILL-1,source unique continue (aucun raccord),0
2023-12-31,US,10327.829701,0.045431,S&P 500 Total Return,Yahoo Finance,^SP500TR,US-3,prolongement (source live),0
2024-01-31,BOND,2157.636639,-0.001511,"Bloomberg US Aggregate Bond (via ETF, net de frais)",Yahoo Finance,"AGG, cours ajusté des dividendes",BOND-3,prolongement (source live),0
2024-01-31,EXUS,746.357907,-0.017241,MSCI ACWI ex USA via ETF ACWX (net de frais et de retenues),Yahoo Finance,"ACWX, cours ajuste des dividendes",EXUS-3,prolongement (source live),0
2024-01-31,TBILL,23.217251,0.004700,US 1-month Treasury bill,Kenneth French Data Library,"F-F_Research_Data_Factors, colonne RF",TBILL-1,source unique continue (aucun raccord),0
2024-01-31,US,10501.379499,0.016804,S&P 500 Total Return,Yahoo Finance,^SP500TR,US-3,prolongement (source live),0
2024-02-29,BOND,2125.820475,-0.014746,"Bloomberg US Aggregate Bond (via ETF, net de frais)",Yahoo Finance,"AGG, cours ajusté des dividendes",BOND-3,prolongement (source live),0
2024-02-29,EXUS,768.974821,0.030303,MSCI ACWI ex USA via ETF ACWX (net de frais et de retenues),Yahoo Finance,"ACWX, cours ajuste des dividendes",EXUS-3,prolongement (source live),0
2024-02-29,TBILL,23.314764,0.004200,US 1-month Treasury bill,Kenneth French Data Library,"F-F_Research_Data_Factors, colonne RF",TBILL-1,source unique continue (aucun raccord),0
2024-02-29,US,11062.109948,0.053396,S&P 500 Total Return,Yahoo Finance,^SP500TR,US-3,prolongement (source live),0
2024-03-31,BOND,2145.006057,0.009025,"Bloomberg US Aggregate Bond (via ETF, net de frais)",Yahoo Finance,"AGG, cours ajusté des dividendes",BOND-3,prolongement (source live),0
2024-03-31,EXUS,794.418871,0.033088,MSCI ACWI ex USA via ETF ACWX (net de frais et de retenues),Yahoo Finance,"ACWX, cours ajuste des dividendes",EXUS-3,prolongement (source live),0
2024-03-31,TBILL,23.415017,0.004300,US 1-month Treasury bill,Kenneth French Data Library,"F-F_Research_Data_Factors, colonne RF",TBILL-1,source unique continue (aucun raccord),0
2024-03-31,US,11418.029856,0.032175,S&P 500 Total Return,Yahoo Finance,^SP500TR,US-3,prolongement (source live),0
2024-04-30,BOND,2091.848215,-0.024782,"Bloomberg US Aggregate Bond (via ETF, net de frais)",Yahoo Finance,"AGG, cours ajusté des dividendes",BOND-3,prolongement (source live),0
2024-04-30,EXUS,775.075453,-0.024349,MSCI ACWI ex USA via ETF ACWX (net de frais et de retenues),Yahoo Finance,"ACWX, cours ajuste des dividendes",EXUS-3,prolongement (source live),0
2024-04-30,TBILL,23.525068,0.004700,US 1-month Treasury bill,Kenneth French Data Library,"F-F_Research_Data_Factors, colonne RF",TBILL-1,source unique continue (aucun raccord),0
2024-04-30,US,10951.659756,-0.040845,S&P 500 Total Return,Yahoo Finance,^SP500TR,US-3,prolongement (source live),0
2024-05-31,BOND,2126.772316,0.016695,"Bloomberg US Aggregate Bond (via ETF, net de frais)",Yahoo Finance,"AGG, cours ajusté des dividendes",BOND-3,prolongement (source live),0
2024-05-31,EXUS,805.727359,0.039547,MSCI ACWI ex USA via ETF ACWX (net de frais et de retenues),Yahoo Finance,"ACWX, cours ajuste des dividendes",EXUS-3,prolongement (source live),0
2024-05-31,TBILL,23.628578,0.004400,US 1-month Treasury bill,Kenneth French Data Library,"F-F_Research_Data_Factors, colonne RF",TBILL-1,source unique continue (aucun raccord),0
2024-05-31,US,11494.699776,0.049585,S&P 500 Total Return,Yahoo Finance,^SP500TR,US-3,prolongement (source live),0
2024-06-30,BOND,2145.604594,0.008855,"Bloomberg US Aggregate Bond (via ETF, net de frais)",Yahoo Finance,"AGG, cours ajusté des dividendes",BOND-3,prolongement (source live),0
2024-06-30,EXUS,802.125090,-0.004471,MSCI ACWI ex USA via ETF ACWX (net de frais et de retenues),Yahoo Finance,"ACWX, cours ajuste des dividendes",EXUS-3,prolongement (source live),0
2024-06-30,TBILL,23.725455,0.004100,US 1-month Treasury bill,Kenneth French Data Library,"F-F_Research_Data_Factors, colonne RF",TBILL-1,source unique continue (aucun raccord),0
2024-06-30,US,11907.149956,0.035882,S&P 500 Total Return,Yahoo Finance,^SP500TR,US-3,prolongement (source live),0
2024-07-31,BOND,2197.510314,0.024192,"Bloomberg US Aggregate Bond (via ETF, net de frais)",Yahoo Finance,"AGG, cours ajusté des dividendes",BOND-3,prolongement (source live),0
2024-07-31,EXUS,819.487103,0.021645,MSCI ACWI ex USA via ETF ACWX (net de frais et de retenues),Yahoo Finance,"ACWX, cours ajuste des dividendes",EXUS-3,prolongement (source live),0
2024-07-31,TBILL,23.832220,0.004500,US 1-month Treasury bill,Kenneth French Data Library,"F-F_Research_Data_Factors, colonne RF",TBILL-1,source unique continue (aucun raccord),0
2024-07-31,US,12052.089404,0.012172,S&P 500 Total Return,Yahoo Finance,^SP500TR,US-3,prolongement (source live),0
2024-08-31,BOND,2229.626208,0.014615,"Bloomberg US Aggregate Bond (via ETF, net de frais)",Yahoo Finance,"AGG, cours ajusté des dividendes",BOND-3,prolongement (source live),0
2024-08-31,EXUS,841.680299,0.027082,MSCI ACWI ex USA via ETF ACWX (net de frais et de retenues),Yahoo Finance,"ACWX, cours ajuste des dividendes",EXUS-3,prolongement (source live),0
2024-08-31,TBILL,23.946614,0.004800,US 1-month Treasury bill,Kenneth French Data Library,"F-F_Research_Data_Factors, colonne RF",TBILL-1,source unique continue (aucun raccord),0
2024-08-31,US,12344.429237,0.024256,S&P 500 Total Return,Yahoo Finance,^SP500TR,US-3,prolongement (source live),0
2024-09-30,BOND,2259.342983,0.013328,"Bloomberg US Aggregate Bond (via ETF, net de frais)",Yahoo Finance,"AGG, cours ajusté des dividendes",BOND-3,prolongement (source live),0
2024-09-30,EXUS,863.873495,0.026368,MSCI ACWI ex USA via ETF ACWX (net de frais et de retenues),Yahoo Finance,"ACWX, cours ajuste des dividendes",EXUS-3,prolongement (source live),0
2024-09-30,TBILL,24.042401,0.004000,US 1-month Treasury bill,Kenneth French Data Library,"F-F_Research_Data_Factors, colonne RF",TBILL-1,source unique continue (aucun raccord),0
2024-09-30,US,12608.069852,0.021357,S&P 500 Total Return,Yahoo Finance,^SP500TR,US-3,prolongement (source live),0
2024-10-31,BOND,2202.435954,-0.025187,"Bloomberg US Aggregate Bond (via ETF, net de frais)",Yahoo Finance,"AGG, cours ajusté des dividendes",BOND-3,prolongement (source live),0
2024-10-31,EXUS,823.714479,-0.046487,MSCI ACWI ex USA via ETF ACWX (net de frais et de retenues),Yahoo Finance,"ACWX, cours ajuste des dividendes",EXUS-3,prolongement (source live),0
2024-10-31,TBILL,24.136166,0.003900,US 1-month Treasury bill,Kenneth French Data Library,"F-F_Research_Data_Factors, colonne RF",TBILL-1,source unique continue (aucun raccord),0
2024-10-31,US,12493.739778,-0.009068,S&P 500 Total Return,Yahoo Finance,^SP500TR,US-3,prolongement (source live),0
2024-11-30,BOND,2226.904531,0.011110,"Bloomberg US Aggregate Bond (via ETF, net de frais)",Yahoo Finance,"AGG, cours ajusté des dividendes",BOND-3,prolongement (source live),0
2024-11-30,EXUS,821.449763,-0.002749,MSCI ACWI ex USA via ETF ACWX (net de frais et de retenues),Yahoo Finance,"ACWX, cours ajuste des dividendes",EXUS-3,prolongement (source live),0
2024-11-30,TBILL,24.232711,0.004000,US 1-month Treasury bill,Kenneth French Data Library,"F-F_Research_Data_Factors, colonne RF",TBILL-1,source unique continue (aucun raccord),0
2024-11-30,US,13227.129400,0.058701,S&P 500 Total Return,Yahoo Finance,^SP500TR,US-3,prolongement (source live),0
2024-12-31,BOND,2189.194132,-0.016934,"Bloomberg US Aggregate Bond (via ETF, net de frais)",Yahoo Finance,"AGG, cours ajusté des dividendes",BOND-3,prolongement (source live),0
2024-12-31,EXUS,798.742288,-0.027643,MSCI ACWI ex USA via ETF ACWX (net de frais et de retenues),Yahoo Finance,"ACWX, cours ajuste des dividendes",EXUS-3,prolongement (source live),0
2024-12-31,TBILL,24.322372,0.003700,US 1-month Treasury bill,Kenneth French Data Library,"F-F_Research_Data_Factors, colonne RF",TBILL-1,source unique continue (aucun raccord),0
2024-12-31,US,12911.819841,-0.023838,S&P 500 Total Return,Yahoo Finance,^SP500TR,US-3,prolongement (source live),0
2025-01-31,BOND,2200.490295,0.005160,"Bloomberg US Aggregate Bond (via ETF, net de frais)",Yahoo Finance,"AGG, cours ajusté des dividendes",BOND-3,prolongement (source live),0
2025-01-31,EXUS,826.612459,0.034893,MSCI ACWI ex USA via ETF ACWX (net de frais et de retenues),Yahoo Finance,"ACWX, cours ajuste des dividendes",EXUS-3,prolongement (source live),0
2025-01-31,TBILL,24.412365,0.003700,US 1-month Treasury bill,Kenneth French Data Library,"F-F_Research_Data_Factors, colonne RF",TBILL-1,source unique continue (aucun raccord),0
2025-01-31,US,13271.379398,0.027847,S&P 500 Total Return,Yahoo Finance,^SP500TR,US-3,prolongement (source live),0
2025-02-28,BOND,2249.723680,0.022374,"Bloomberg US Aggregate Bond (via ETF, net de frais)",Yahoo Finance,"AGG, cours ajusté des dividendes",BOND-3,prolongement (source live),0
2025-02-28,EXUS,847.132391,0.024824,MSCI ACWI ex USA via ETF ACWX (net de frais et de retenues),Yahoo Finance,"ACWX, cours ajuste des dividendes",EXUS-3,prolongement (source live),0
2025-02-28,TBILL,24.492926,0.003300,US 1-month Treasury bill,Kenneth French Data Library,"F-F_Research_Data_Factors, colonne RF",TBILL-1,source unique continue (aucun raccord),0
2025-02-28,US,13098.219248,-0.013048,S&P 500 Total Return,Yahoo Finance,^SP500TR,US-3,prolongement (source live),0
2025-03-31,BOND,2249.132508,-0.000263,"Bloomberg US Aggregate Bond (via ETF, net de frais)",Yahoo Finance,"AGG, cours ajusté des dividendes",BOND-3,prolongement (source live),0
2025-03-31,EXUS,849.123048,0.002350,MSCI ACWI ex USA via ETF ACWX (net de frais et de retenues),Yahoo Finance,"ACWX, cours ajuste des dividendes",EXUS-3,prolongement (source live),0
2025-03-31,TBILL,24.576202,0.003400,US 1-month Treasury bill,Kenneth French Data Library,"F-F_Research_Data_Factors, colonne RF",TBILL-1,source unique continue (aucun raccord),0
2025-03-31,US,12360.209510,-0.056344,S&P 500 Total Return,Yahoo Finance,^SP500TR,US-3,prolongement (source live),0
2025-04-30,BOND,2258.827295,0.004310,"Bloomberg US Aggregate Bond (via ETF, net de frais)",Yahoo Finance,"AGG, cours ajusté des dividendes",BOND-3,prolongement (source live),0
2025-04-30,EXUS,872.093080,0.027051,MSCI ACWI ex USA via ETF ACWX (net de frais et de retenues),Yahoo Finance,"ACWX, cours ajuste des dividendes",EXUS-3,prolongement (source live),0
2025-04-30,TBILL,24.662218,0.003500,US 1-month Treasury bill,Kenneth French Data Library,"F-F_Research_Data_Factors, colonne RF",TBILL-1,source unique continue (aucun raccord),0
2025-04-30,US,12276.389200,-0.006781,S&P 500 Total Return,Yahoo Finance,^SP500TR,US-3,prolongement (source live),0
2025-05-31,BOND,2245.119126,-0.006069,"Bloomberg US Aggregate Bond (via ETF, net de frais)",Yahoo Finance,"AGG, cours ajusté des dividendes",BOND-3,prolongement (source live),0
2025-05-31,EXUS,910.835727,0.044425,MSCI ACWI ex USA via ETF ACWX (net de frais et de retenues),Yahoo Finance,"ACWX, cours ajuste des dividendes",EXUS-3,prolongement (source live),0
2025-05-31,TBILL,24.755935,0.003800,US 1-month Treasury bill,Kenneth French Data Library,"F-F_Research_Data_Factors, colonne RF",TBILL-1,source unique continue (aucun raccord),0
2025-05-31,US,13049.129406,0.062945,S&P 500 Total Return,Yahoo Finance,^SP500TR,US-3,prolongement (source live),0
2025-06-30,BOND,2277.793789,0.014554,"Bloomberg US Aggregate Bond (via ETF, net de frais)",Yahoo Finance,"AGG, cours ajusté des dividendes",BOND-3,prolongement (source live),0
2025-06-30,EXUS,946.458919,0.039110,MSCI ACWI ex USA via ETF ACWX (net de frais et de retenues),Yahoo Finance,"ACWX, cours ajuste des dividendes",EXUS-3,prolongement (source live),0
2025-06-30,TBILL,24.840105,0.003400,US 1-month Treasury bill,Kenneth French Data Library,"F-F_Research_Data_Factors, colonne RF",TBILL-1,source unique continue (aucun raccord),0
2025-06-30,US,13712.709460,0.050852,S&P 500 Total Return,Yahoo Finance,^SP500TR,US-3,prolongement (source live),0
2025-07-31,BOND,2271.781356,-0.002640,"Bloomberg US Aggregate Bond (via ETF, net de frais)",Yahoo Finance,"AGG, cours ajusté des dividendes",BOND-3,prolongement (source live),0
2025-07-31,EXUS,935.897811,-0.011159,MSCI ACWI ex USA via ETF ACWX (net de frais et de retenues),Yahoo Finance,"ACWX, cours ajuste des dividendes",EXUS-3,prolongement (source live),0
2025-07-31,TBILL,24.924561,0.003400,US 1-month Treasury bill,Kenneth French Data Library,"F-F_Research_Data_Factors, colonne RF",TBILL-1,source unique continue (aucun raccord),0
2025-07-31,US,14020.459449,0.022443,S&P 500 Total Return,Yahoo Finance,^SP500TR,US-3,prolongement (source live),0
2025-08-31,BOND,2298.823218,0.011903,"Bloomberg US Aggregate Bond (via ETF, net de frais)",Yahoo Finance,"AGG, cours ajusté des dividendes",BOND-3,prolongement (source live),0
2025-08-31,EXUS,974.414784,0.041155,MSCI ACWI ex USA via ETF ACWX (net de frais et de retenues),Yahoo Finance,"ACWX, cours ajuste des dividendes",EXUS-3,prolongement (source live),0
2025-08-31,TBILL,25.019275,0.003800,US 1-month Treasury bill,Kenneth French Data Library,"F-F_Research_Data_Factors, colonne RF",TBILL-1,source unique continue (aucun raccord),0
2025-08-31,US,14304.679165,0.020272,S&P 500 Total Return,Yahoo Finance,^SP500TR,US-3,prolongement (source live),0
2025-09-30,BOND,2324.726001,0.011268,"Bloomberg US Aggregate Bond (via ETF, net de frais)",Yahoo Finance,"AGG, cours ajusté des dividendes",BOND-3,prolongement (source live),0
2025-09-30,EXUS,1009.670130,0.036181,MSCI ACWI ex USA via ETF ACWX (net de frais et de retenues),Yahoo Finance,"ACWX, cours ajuste des dividendes",EXUS-3,prolongement (source live),0
2025-09-30,TBILL,25.101838,0.003300,US 1-month Treasury bill,Kenneth French Data Library,"F-F_Research_Data_Factors, colonne RF",TBILL-1,source unique continue (aucun raccord),0
2025-09-30,US,14826.799263,0.036500,S&P 500 Total Return,Yahoo Finance,^SP500TR,US-3,prolongement (source live),0
2025-10-31,BOND,2339.033812,0.006155,"Bloomberg US Aggregate Bond (via ETF, net de frais)",Yahoo Finance,"AGG, cours ajusté des dividendes",BOND-3,prolongement (source live),0
2025-10-31,EXUS,1030.481588,0.020612,MSCI ACWI ex USA via ETF ACWX (net de frais et de retenues),Yahoo Finance,"ACWX, cours ajuste des dividendes",EXUS-3,prolongement (source live),0
2025-10-31,TBILL,25.194715,0.003700,US 1-month Treasury bill,Kenneth French Data Library,"F-F_Research_Data_Factors, colonne RF",TBILL-1,source unique continue (aucun raccord),0
2025-10-31,US,15173.949641,0.023414,S&P 500 Total Return,Yahoo Finance,^SP500TR,US-3,prolongement (source live),0
2025-11-30,BOND,2353.201516,0.006057,"Bloomberg US Aggregate Bond (via ETF, net de frais)",Yahoo Finance,"AGG, cours ajusté des dividendes",BOND-3,prolongement (source live),0
2025-11-30,EXUS,1032.655925,0.002110,MSCI ACWI ex USA via ETF ACWX (net de frais et de retenues),Yahoo Finance,"ACWX, cours ajuste des dividendes",EXUS-3,prolongement (source live),0
2025-11-30,TBILL,25.270299,0.003000,US 1-month Treasury bill,Kenneth French Data Library,"F-F_Research_Data_Factors, colonne RF",TBILL-1,source unique continue (aucun raccord),0
2025-11-30,US,15211.139093,0.002451,S&P 500 Total Return,Yahoo Finance,^SP500TR,US-3,prolongement (source live),0
2025-12-31,BOND,2346.636574,-0.002790,"Bloomberg US Aggregate Bond (via ETF, net de frais)",Yahoo Finance,"AGG, cours ajusté des dividendes",BOND-3,prolongement (source live),0
2025-12-31,EXUS,1059.088913,0.025597,MSCI ACWI ex USA via ETF ACWX (net de frais et de retenues),Yahoo Finance,"ACWX, cours ajuste des dividendes",EXUS-3,prolongement (source live),0
2025-12-31,TBILL,25.356218,0.003400,US 1-month Treasury bill,Kenneth French Data Library,"F-F_Research_Data_Factors, colonne RF",TBILL-1,source unique continue (aucun raccord),0
2025-12-31,US,15220.449639,0.000612,S&P 500 Total Return,Yahoo Finance,^SP500TR,US-3,prolongement (source live),0
2026-01-31,BOND,2352.510005,0.002503,"Bloomberg US Aggregate Bond (via ETF, net de frais)",Yahoo Finance,"AGG, cours ajusté des dividendes",BOND-3,prolongement (source live),0
2026-01-31,EXUS,1116.673846,0.054372,MSCI ACWI ex USA via ETF ACWX (net de frais et de retenues),Yahoo Finance,"ACWX, cours ajuste des dividendes",EXUS-3,prolongement (source live),0
2026-01-31,TBILL,25.432287,0.003000,US 1-month Treasury bill,Kenneth French Data Library,"F-F_Research_Data_Factors, colonne RF",TBILL-1,source unique continue (aucun raccord),0
2026-01-31,US,15441.149827,0.014500,S&P 500 Total Return,Yahoo Finance,^SP500TR,US-3,prolongement (source live),0
2026-02-28,BOND,2390.106257,0.015981,"Bloomberg US Aggregate Bond (via ETF, net de frais)",Yahoo Finance,"AGG, cours ajusté des dividendes",BOND-3,prolongement (source live),0
2026-02-28,EXUS,1174.574284,0.051851,MSCI ACWI ex USA via ETF ACWX (net de frais et de retenues),Yahoo Finance,"ACWX, cours ajuste des dividendes",EXUS-3,prolongement (source live),0
2026-02-28,TBILL,25.503497,0.002800,US 1-month Treasury bill,Kenneth French Data Library,"F-F_Research_Data_Factors, colonne RF",TBILL-1,source unique continue (aucun raccord),0
2026-02-28,US,15323.799245,-0.007600,S&P 500 Total Return,Yahoo Finance,^SP500TR,US-3,prolongement (source live),0
2026-03-31,BOND,2347.214491,-0.017946,"Bloomberg US Aggregate Bond (via ETF, net de frais)",Yahoo Finance,"AGG, cours ajusté des dividendes",BOND-3,prolongement (source live),0
2026-03-31,EXUS,1080.229754,-0.080322,MSCI ACWI ex USA via ETF ACWX (net de frais et de retenues),Yahoo Finance,"ACWX, cours ajuste des dividendes",EXUS-3,prolongement (source live),0
2026-03-31,TBILL,25.577457,0.002900,US 1-month Treasury bill,Kenneth French Data Library,"F-F_Research_Data_Factors, colonne RF",TBILL-1,source unique continue (aucun raccord),0
2026-03-31,US,14560.749468,-0.049795,S&P 500 Total Return,Yahoo Finance,^SP500TR,US-3,prolongement (source live),0
2026-04-30,BOND,2351.176506,0.001688,"Bloomberg US Aggregate Bond (via ETF, net de frais)",Yahoo Finance,"AGG, cours ajusté des dividendes",BOND-3,prolongement (source live),0
2026-04-30,EXUS,1161.637448,0.075361,MSCI ACWI ex USA via ETF ACWX (net de frais et de retenues),Yahoo Finance,"ACWX, cours ajuste des dividendes",EXUS-3,prolongement (source live),0
2026-04-30,TBILL,25.651632,0.002900,US 1-month Treasury bill,Kenneth French Data Library,"F-F_Research_Data_Factors, colonne RF",TBILL-1,source unique continue (aucun raccord),0
2026-04-30,US,16088.558983,0.104927,S&P 500 Total Return,Yahoo Finance,^SP500TR,US-3,prolongement (source live),0
2026-05-31,BOND,2358.079840,0.002936,"Bloomberg US Aggregate Bond (via ETF, net de frais)",Yahoo Finance,"AGG, cours ajusté des dividendes",BOND-3,prolongement (source live),0
2026-05-31,EXUS,1206.916556,0.038979,MSCI ACWI ex USA via ETF ACWX (net de frais et de retenues),Yahoo Finance,"ACWX, cours ajuste des dividendes",EXUS-3,prolongement (source live),0
2026-05-31,TBILL,25.731152,0.003100,US 1-month Treasury bill,Kenneth French Data Library,"F-F_Research_Data_Factors, colonne RF",TBILL-1,source unique continue (aucun raccord),0
2026-05-31,US,16935.348991,0.052633,S&P 500 Total Return,Yahoo Finance,^SP500TR,US-3,prolongement (source live),0
2026-06-30,BOND,2364.075151,0.002542,"Bloomberg US Aggregate Bond (via ETF, net de frais)",Yahoo Finance,"AGG, cours ajusté des dividendes",BOND-3,prolongement (source live),0
2026-06-30,EXUS,1214.294671,0.006113,MSCI ACWI ex USA via ETF ACWX (net de frais et de retenues),Yahoo Finance,"ACWX, cours ajuste des dividendes",EXUS-3,prolongement (source live),0
2026-06-30,TBILL,25.805772,0.002900,US 1-month Treasury bill,Kenneth French Data Library,"F-F_Research_Data_Factors, colonne RF",TBILL-1,source unique continue (aucun raccord),0
2026-06-30,US,16774.069700,-0.009523,S&P 500 Total Return,Yahoo Finance,^SP500TR,US-3,prolongement (source live),0
2026-07-31,BOND,2333.424393,-0.012965,"Bloomberg US Aggregate Bond (via ETF, net de frais)",Yahoo Finance,"AGG, cours ajusté des dividendes",BOND-3,prolongement (source live),0
2026-07-31,EXUS,1200.573817,-0.011299,MSCI ACWI ex USA via ETF ACWX (net de frais et de retenues),Yahoo Finance,"ACWX, cours ajuste des dividendes",EXUS-3,prolongement (source live),0
2026-07-31,TBILL,25.890931,0.003300,US 1-month Treasury bill,Kenneth French Data Library,"F-F_Research_Data_Factors, colonne RF",TBILL-1,source unique continue (aucun raccord),0
2026-07-31,US,16763.419310,-0.000635,S&P 500 Total Return,Yahoo Finance,^SP500TR,US-3,prolongement (source live),0
